"Name","Team","W","L","SV","HLD","ERA","GS","G","IP","H","ER","HR","SO","BB","WHIP","K/9","BB/9","FIP","WAR","playerid"
"Edwin Diaz","Mets","3","2","25","5","2.55","0","49","49.0","33","14","5","77","16","1.00","14.02","2.94","2.53","1.4","14710"
"Aroldis Chapman","Yankees","3","1","23","4","2.64","0","49","49.0","32","14","4","76","22","1.10","13.90","3.96","2.70","1.6","10233"
"Felipe Vazquez","Pirates","3","2","25","4","2.80","0","50","50.0","39","16","4","66","18","1.13","11.77","3.15","2.71","1.4","12076"
"Jacob deGrom","Mets","11","6","0","0","2.88","23","23","150.0","122","48","15","185","38","1.07","11.10","2.27","2.82","4.2","10954"
"Josh Hader","Brewers","3","2","17","6","2.82","0","48","48.0","30","15","6","83","22","1.07","15.51","4.05","2.83","1.3","14212"
"Craig Kimbrel","","4","3","10","0","2.89","0","65","65.0","43","21","7","100","28","1.09","13.79","3.85","2.83","1.9","6655"
"Dellin Betances","Yankees","2","1","2","8","2.91","0","34","34.0","22","11","3","51","16","1.13","13.65","4.21","2.89","0.9","6216"
"Chris Sale","Red Sox","12","5","0","0","2.98","23","23","141.0","114","47","15","180","30","1.02","11.42","1.93","2.89","3.9","10603"
"Max Scherzer","Nationals","12","6","0","0","2.99","24","24","159.0","123","53","19","209","39","1.02","11.82","2.21","2.92","4.4","3137"
"Will Smith","Giants","3","2","24","5","3.02","0","49","49.0","39","16","5","62","17","1.14","11.44","3.08","2.93","1.1","8048"
"Kirby Yates","Padres","3","2","24","3","2.97","0","49","49.0","36","16","5","70","17","1.11","13.02","3.23","2.94","1.2","9073"
"Ryan Pressly","Astros","3","2","4","11","3.04","0","52","52.0","43","18","5","63","15","1.12","10.88","2.65","2.97","1.1","7005"
"Jose Alvarado","Rays","4","2","24","2","2.88","0","49","49.0","37","16","3","65","24","1.24","11.82","4.46","2.99","1.1","17780"
"Ken Giles","Blue Jays","2","2","24","2","3.39","0","49","49.0","43","18","5","61","15","1.17","11.13","2.70","3.02","1.2","12910"
"Blake Treinen","Athletics","4","2","21","4","2.99","0","52","52.0","42","17","4","58","20","1.20","10.03","3.46","3.07","1.3","12572"
"Roberto Osuna","Astros","3","2","24","3","3.13","0","49","49.0","42","17","5","52","10","1.07","9.66","1.79","3.07","1.2","13764"
"Gerrit Cole","Astros","11","6","0","0","3.24","24","24","148.0","120","53","17","188","43","1.10","11.46","2.62","3.08","3.8","13125"
"Matt Barnes","Red Sox","4","2","5","12","3.27","0","49","49.0","38","18","5","67","21","1.23","12.45","3.93","3.10","0.9","12863"
"Noah Syndergaard","Mets","9","7","0","0","3.39","23","23","142.0","132","54","14","152","36","1.18","9.62","2.30","3.13","3.3","11762"
"Kyle Dohy","Phillies","0","0","0","0","0.00","0","0","0.0","0","0","0","0","0","0.00","0.00","0.00","3.16","0.0","sa3004861"
"Brett Kennedy","Padres","0","0","0","0","0.00","0","0","0.0","0","0","0","0","0","0.00","0.00","0.00","3.16","0.0","17877"
"P.J. Conlon","Mets","0","0","0","0","0.00","0","0","0.0","0","0","0","0","0","0.00","0.00","0.00","3.16","0.0","18213"
"Trey Supak","Brewers","0","0","0","0","0.00","0","0","0.0","0","0","0","0","0","0.00","0.00","0.00","3.16","0.0","sa828707"
"Blake Snell","Rays","12","7","0","0","3.10","23","23","136.0","108","47","14","169","52","1.17","11.20","3.42","3.20","3.1","13543"
"David Robertson","Phillies","3","2","3","6","3.26","0","34","34.0","26","12","4","46","14","1.18","12.14","3.74","3.20","0.3","8241"
"Reyes Moronta","Giants","3","2","3","10","3.19","0","49","49.0","35","17","4","67","27","1.28","12.31","5.04","3.20","0.7","14966"
"Keone Kela","Pirates","4","3","4","11","3.37","0","50","50.0","41","19","5","63","19","1.19","11.32","3.41","3.22","1.1","14696"
"Clayton Kershaw","Dodgers","7","4","0","0","3.18","17","17","105.0","94","37","12","108","20","1.08","9.23","1.68","3.24","2.2","2036"
"Sean Doolittle","Nationals","4","2","24","5","3.16","0","49","49.0","39","17","6","60","12","1.05","11.11","2.24","3.24","1.1","1581"
"Diego Castillo","Rays","3","2","3","12","3.22","0","49","49.0","41","18","5","59","17","1.17","10.83","3.04","3.24","0.9","17496"
"Stephen Strasburg","Nationals","10","6","0","0","3.41","23","23","139.0","121","53","16","163","39","1.15","10.57","2.50","3.24","3.1","10131"
"Giovanny Gallegos","Cardinals","1","1","0","4","3.31","0","26","26.0","22","10","3","33","8","1.15","11.42","2.85","3.25","0.1","14986"
"Liam Hendriks","Athletics","1","1","0","2","3.41","0","22","22.0","19","8","2","25","8","1.20","10.31","3.11","3.25","0.1","3548"
"Brad Hand","Indians","4","2","24","4","3.18","0","53","53.0","42","19","6","69","19","1.15","11.74","3.21","3.26","1.1","9111"
"Seranthony Dominguez","Phillies","4","3","6","11","3.25","0","49","49.0","39","18","5","64","21","1.21","11.67","3.82","3.26","0.9","19249"
"Ray Black","Giants","1","1","0","1","3.16","0","19","19.0","13","7","2","26","10","1.23","12.58","4.67","3.27","0.0","14244"
"James Paxton","Yankees","6","4","0","0","3.41","15","15","86.0","74","32","11","102","24","1.14","10.75","2.56","3.28","2.3","11828"
"Andrew Miller","Cardinals","3","2","1","11","3.25","0","41","41.0","32","15","4","55","16","1.18","11.98","3.52","3.28","0.4","6785"
"Joakim Soria","Athletics","3","2","1","12","3.34","0","48","48.0","42","18","4","52","16","1.22","9.75","3.08","3.29","0.8","6941"
"Carlos Carrasco","Indians","11","7","0","0","3.43","22","22","134.0","119","51","17","155","30","1.12","10.41","2.04","3.29","3.1","6632"
"Taylor Rogers","Twins","2","2","4","12","3.29","0","49","49.0","44","18","5","53","15","1.19","9.68","2.75","3.29","1.0","13449"
"Corey Kluber","Indians","3","2","0","0","3.41","6","6","38.0","34","15","4","40","9","1.12","9.49","2.04","3.32","0.9","2429"
"Kenley Jansen","Dodgers","3","2","23","5","3.28","0","48","48.0","38","17","7","61","12","1.05","11.42","2.19","3.34","0.9","3096"
"Will Harris","Astros","3","2","0","10","3.50","0","45","45.0","41","17","4","46","13","1.19","9.15","2.57","3.35","0.4","3192"
"Chad Green","Yankees","3","2","1","11","3.34","0","45","45.0","38","17","6","56","13","1.12","11.24","2.60","3.35","0.7","15552"
"Justin Verlander","Astros","12","6","0","0","3.31","24","24","151.0","122","56","21","185","38","1.06","10.99","2.25","3.37","3.5","8700"
"Chris Paddack","Padres","7","6","0","0","3.51","18","18","106.0","94","41","13","119","27","1.14","10.11","2.26","3.39","2.1","20099"
"Nick Anderson","Marlins","2","2","1","12","3.39","0","42","42.0","33","16","5","55","15","1.17","11.86","3.27","3.41","0.5","18337"
"Zack Britton","Yankees","2","1","2","12","3.21","0","45","45.0","40","16","3","44","19","1.31","8.78","3.82","3.41","0.7","3240"
"Walker Buehler","Dodgers","8","5","0","0","3.39","20","20","118.0","102","45","13","134","37","1.18","10.21","2.84","3.41","2.1","19374"
"Trevor Bauer","Indians","10","6","0","0","3.52","22","22","137.0","117","53","14","161","51","1.23","10.63","3.38","3.43","3.0","12703"
"Jeurys Familia","Mets","2","2","1","10","3.45","0","34","34.0","29","13","2","37","16","1.32","9.84","4.16","3.43","0.4","5114"
"Aaron Loup","Padres","1","1","0","1","3.38","0","19","19.0","17","7","1","20","7","1.30","9.87","3.55","3.44","0.0","10343"
"Mark Melancon","Giants","2","2","2","13","3.43","0","49","49.0","47","19","4","43","15","1.27","7.83","2.78","3.45","0.3","4264"
"Jace Fry","White Sox","2","2","1","10","3.54","0","42","42.0","34","16","3","51","22","1.35","10.95","4.75","3.46","0.5","16159"
"Patrick Corbin","Nationals","9","6","0","0","3.61","23","23","137.0","127","55","16","151","42","1.23","9.93","2.75","3.46","2.6","9323"
"Jake Diekman","Royals","2","1","1","12","3.40","0","41","41.0","33","16","3","49","20","1.30","10.64","4.47","3.47","0.5","5003"
"Danny Salazar","Indians","3","2","0","1","3.45","4","26","44.0","36","17","6","55","16","1.18","11.28","3.31","3.49","0.5","5867"
"Trevor Gott","Giants","2","2","0","8","3.53","0","39","39.0","36","15","3","38","15","1.30","8.69","3.40","3.50","0.2","15046"
"Justin Wilson","Mets","3","2","0","9","3.47","0","38","38.0","30","15","4","48","19","1.30","11.45","4.51","3.50","0.2","4301"
"Colin Poche","Rays","1","0","0","1","3.34","0","11","11.0","8","4","1","16","5","1.19","12.29","4.07","3.50","0.0","sa657989"
"Ty Buttrey","Angels","3","2","20","3","3.51","0","49","49.0","42","19","4","54","21","1.28","9.99","3.80","3.52","0.8","14719"
"Aaron Nola","Phillies","9","7","0","0","3.58","23","23","141.0","128","56","16","151","41","1.20","9.62","2.64","3.53","2.8","16149"
"Joe Kelly","Dodgers","3","2","4","11","3.56","0","48","48.0","42","19","4","51","19","1.28","9.60","3.59","3.54","0.5","9761"
"Luis Severino","Yankees","3","2","0","0","3.53","7","7","43.0","37","17","6","50","12","1.15","10.43","2.61","3.54","1.0","15890"
"Charlie Morton","Rays","9","6","0","0","3.45","22","22","128.0","110","49","12","145","50","1.25","10.14","3.54","3.54","2.4","4676"
"Sam Dyson","Giants","2","2","0","9","3.51","0","40","40.0","38","16","3","34","13","1.28","7.76","2.92","3.54","0.1","11710"
"Tommy Kahnle","Yankees","2","2","0","8","3.65","0","41","41.0","34","17","4","53","20","1.31","11.44","4.40","3.55","0.3","11384"
"Lou Trivino","Athletics","4","2","4","10","3.51","0","52","52.0","45","20","4","54","22","1.28","9.42","3.77","3.56","0.8","15043"
"Scott Alexander","Dodgers","2","1","0","9","3.43","0","37","37.0","35","14","3","33","14","1.33","7.99","3.47","3.57","0.2","10591"
"Oliver Drake","Rays","0","0","0","1","3.49","0","4","4.0","3","1","0","4","1","1.24","10.21","3.45","3.57","0.0","8823"
"A.J. Minter","Braves","2","2","2","8","3.59","0","34","34.0","29","13","4","40","14","1.29","10.65","3.86","3.57","0.2","18655"
"Zack Wheeler","Mets","8","7","0","0","3.58","22","22","134.0","120","53","14","139","46","1.24","9.33","3.10","3.57","2.5","10310"
"Hector Neris","Phillies","3","2","19","5","3.55","0","49","49.0","40","19","7","67","18","1.18","12.17","3.37","3.57","0.7","11804"
"Hyun-Jin Ryu","Dodgers","7","5","0","0","3.50","17","17","96.0","92","37","13","98","20","1.16","9.20","1.85","3.58","1.6","14444"
"Archie Bradley","Diamondbacks","3","3","7","10","3.70","0","52","52.0","47","22","6","58","20","1.28","10.06","3.45","3.58","0.6","12918"
"Andrew Chafin","Diamondbacks","2","2","1","10","3.55","0","41","41.0","36","16","4","44","18","1.33","9.65","4.04","3.59","0.3","12988"
"Raisel Iglesias","Reds","3","2","24","3","3.44","0","49","49.0","40","19","6","60","18","1.19","11.08","3.27","3.59","0.8","17130"
"Mychal Givens","Orioles","3","2","24","1","3.57","0","53","53.0","45","21","5","59","21","1.25","10.12","3.57","3.59","0.9","10430"
"Tony Watson","Giants","3","2","1","10","3.41","0","45","45.0","42","17","5","42","13","1.21","8.40","2.55","3.60","0.2","3132"
"Tyler Glasnow","Rays","6","5","0","0","3.67","15","15","84.0","70","34","9","102","37","1.28","10.91","3.99","3.61","1.5","14374"
"Dan Winkler","Braves","2","2","3","10","3.67","0","45","45.0","40","18","5","50","17","1.27","10.06","3.34","3.62","0.5","12237"
"Brandon Morrow","Cubs","1","1","2","5","3.60","0","23","23.0","21","9","3","25","8","1.25","9.61","3.18","3.62","0.1","9346"
"Jose Leclerc","Rangers","3","2","24","3","3.55","0","50","50.0","37","20","4","67","31","1.36","12.20","5.60","3.62","1.0","14524"
"Craig Stammen","Padres","3","3","3","10","3.76","0","49","49.0","46","20","6","48","13","1.23","8.90","2.49","3.63","0.4","7274"
"Hector Rondon","Astros","3","2","1","11","3.74","0","41","41.0","38","17","5","44","13","1.24","9.69","2.87","3.63","0.4","2391"
"Alex Claudio","Brewers","2","2","1","10","3.59","0","44","44.0","46","18","4","32","11","1.29","6.53","2.27","3.63","0.3","12890"
"Mike Soroka","Braves","7","5","0","0","3.65","17","17","97.0","95","39","9","88","29","1.27","8.13","2.67","3.63","1.5","18383"
"Chris Archer","Pirates","7","7","0","0","3.90","21","21","121.0","116","53","15","131","40","1.29","9.76","2.98","3.63","2.2","6345"
"Nick Vincent","Giants","2","1","0","4","3.70","0","30","30.0","28","12","3","29","8","1.22","8.53","2.53","3.64","0.0","7555"
"German Marquez","Rockies","9","7","0","0","3.87","23","23","138.0","131","59","18","150","38","1.23","9.80","2.51","3.65","2.7","15038"
"Jeremy Jeffress","Brewers","2","1","1","6","3.56","0","33","33.0","31","13","3","33","13","1.32","9.03","3.64","3.65","0.2","9490"
"Jose Castillo","Padres","0","0","0","1","3.49","0","4","4.0","3","1","0","5","2","1.26","11.13","4.08","3.66","0.0","17169"
"Shane Bieber","Indians","8","6","0","0","3.85","21","21","122.0","123","52","15","113","25","1.21","8.33","1.83","3.66","2.4","19427"
"Joe Jimenez","Tigers","3","3","4","9","3.83","0","50","50.0","43","21","6","61","20","1.26","10.96","3.67","3.67","0.8","15761"
"Steven Okert","Giants","0","0","0","1","3.52","0","8","8.0","6","3","1","8","3","1.18","9.85","3.00","3.67","0.0","13580"
"Luke Jackson","Braves","2","2","21","2","3.72","0","45","45.0","40","19","4","50","22","1.37","10.04","4.36","3.67","0.4","11752"
"Ryan Madson","","3","2","0","0","3.74","0","50","50.0","46","21","6","52","16","1.23","9.34","2.85","3.68","0.4","1852"
"Richard Lovelady","Royals","1","1","0","4","3.65","0","26","26.0","25","11","2","24","10","1.33","8.09","3.42","3.68","0.1","19337"
"Jameson Taillon","Pirates","9","8","0","0","3.81","24","24","138.0","137","58","16","126","32","1.23","8.22","2.08","3.68","2.3","11674"
"Trevor Rosenthal","Nationals","2","2","0","4","3.71","0","26","26.0","22","11","2","34","15","1.42","11.75","5.19","3.68","0.0","10745"
"Carson Smith","Red Sox","0","0","0","1","3.74","0","4","4.0","3","2","0","4","2","1.32","9.21","3.63","3.69","0.0","13172"
"Juan Nicasio","Phillies","2","2","1","10","3.80","0","42","42.0","39","18","5","46","14","1.28","9.82","3.09","3.70","0.3","7731"
"Darren O'Day","Braves","0","0","0","1","3.74","0","4","4.0","3","2","0","4","1","1.24","10.49","3.31","3.71","0.0","3321"
"Brad Peacock","Astros","6","4","0","3","3.79","11","45","97.0","85","41","13","113","35","1.24","10.54","3.29","3.71","1.2","5401"
"Ryne Stanek","Rays","3","3","0","8","3.68","4","45","63.0","52","26","8","77","27","1.26","11.01","3.88","3.72","0.6","15947"
"Jimmie Sherfy","Diamondbacks","2","2","0","5","3.74","0","34","34.0","28","14","4","41","15","1.27","11.01","3.96","3.73","0.1","15118"
"Chris Martin","Rangers","3","2","4","10","3.87","0","50","50.0","50","21","6","47","13","1.27","8.51","2.37","3.73","0.7","11847"
"Julio Urias","Dodgers","5","3","0","1","3.65","12","19","76.0","66","31","9","86","31","1.27","10.14","3.59","3.75","0.9","14765"
"Luis Castillo","Reds","8","6","0","0","3.70","22","22","126.0","112","52","16","137","42","1.22","9.75","2.98","3.75","2.2","15689"
"Alex Colome","White Sox","3","3","23","3","3.75","0","49","49.0","46","21","6","51","17","1.28","9.28","3.15","3.76","0.6","6661"
"Robbie Erlin","Padres","3","3","1","12","3.87","2","47","59.0","59","25","8","53","12","1.21","8.04","1.88","3.77","0.5","10354"
"Nick Burdi","Pirates","2","2","0","3","3.55","0","27","27.0","23","11","3","33","13","1.34","11.03","4.26","3.78","0.1","16074"
"Xavier Cedeno","Cubs","0","0","0","1","3.69","0","8","8.0","7","3","1","7","3","1.37","8.55","3.98","3.78","0.0","36"
"Wade Davis","Rockies","4","3","24","3","3.83","0","53","53.0","44","22","6","64","26","1.33","10.96","4.43","3.78","0.7","7441"
"Jack Flaherty","Cardinals","9","7","0","0","3.73","22","22","125.0","109","52","16","143","44","1.23","10.33","3.19","3.79","2.1","17479"
"Zack Greinke","Diamondbacks","10","8","0","0","3.79","24","24","151.0","144","64","21","146","35","1.18","8.70","2.09","3.80","2.3","1943"
"Mike Clevinger","Indians","4","3","0","0","3.79","11","11","64.0","56","27","8","72","25","1.27","10.04","3.53","3.80","1.1","12808"
"Colten Brewer","Red Sox","2","2","0","8","3.96","0","37","37.0","35","16","4","38","16","1.37","9.06","3.86","3.80","0.2","12997"
"Sammy Solis","Padres","0","0","0","1","3.62","0","2","2.0","2","1","0","3","1","1.29","10.16","3.92","3.80","0.0","11457"
"Steve Cishek","Cubs","3","2","21","3","3.58","0","50","50.0","43","20","5","54","21","1.29","9.79","3.86","3.80","0.4","6483"
"Carlos Martinez","Cardinals","4","3","0","9","3.78","6","36","65.0","60","27","7","65","25","1.31","9.05","3.49","3.80","0.7","11682"
"Ross Stripling","Dodgers","6","5","0","1","3.82","12","27","84.0","81","36","11","83","22","1.23","8.95","2.34","3.81","1.0","13273"
"David Hernandez","Reds","2","1","0","7","3.76","0","34","34.0","31","14","4","36","12","1.26","9.53","3.10","3.81","0.2","4259"
"Jordan Hicks","Cardinals","2","2","6","15","3.62","0","41","41.0","35","17","3","43","23","1.43","9.41","5.14","3.81","0.2","19618"
"David Price","Red Sox","8","5","0","0","3.89","18","18","107.0","101","46","14","108","30","1.23","9.14","2.50","3.81","1.8","3184"
"Robbie Ray","Diamondbacks","7","6","0","0","3.86","22","22","125.0","105","54","16","160","61","1.33","11.53","4.37","3.81","1.9","11486"
"Brad Wieck","Padres","2","2","0","7","3.78","0","37","37.0","31","16","5","48","18","1.30","11.65","4.30","3.82","0.1","16390"
"Pedro Strop","Cubs","3","2","1","13","3.69","0","42","42.0","36","17","4","45","18","1.29","9.57","3.87","3.83","0.3","4070"
"Seth Lugo","Mets","2","2","3","11","3.84","0","49","49.0","47","21","7","50","14","1.22","9.14","2.46","3.83","0.3","12447"
"Luke Gregerson","Cardinals","2","2","0","8","3.87","0","34","34.0","32","14","4","31","11","1.28","8.31","2.83","3.83","0.2","4090"
"Robert Gsellman","Mets","2","2","1","11","3.78","0","46","46.0","44","19","5","42","15","1.30","8.22","3.00","3.83","0.2","13696"
"Jose Quintana","Cubs","10","7","0","0","3.81","24","24","138.0","131","58","16","134","46","1.27","8.70","2.97","3.84","2.1","11423"
"Joey Lucchesi","Padres","8","8","0","0","3.88","22","22","125.0","120","54","15","127","42","1.30","9.12","3.02","3.84","1.7","19320"
"Pedro Baez","Dodgers","2","2","1","11","3.75","0","37","37.0","32","15","5","39","13","1.24","9.63","3.24","3.84","0.3","5420"
"Brad Brach","Cubs","3","2","4","11","3.82","0","50","50.0","43","21","5","52","25","1.38","9.35","4.58","3.84","0.4","6627"
"Brian Moran","Marlins","0","0","0","1","3.67","0","8","8.0","7","3","1","8","3","1.27","9.56","3.49","3.84","0.0","sa501495"
"Hector Noesi","Marlins","0","0","0","1","3.79","0","8","8.0","7","3","1","8","3","1.24","9.62","3.12","3.85","0.0","3292"
"Madison Bumgarner","Giants","8","8","0","0","3.79","24","24","152.0","143","64","21","148","37","1.19","8.74","2.20","3.86","1.7","5524"
"Adam Ottavino","Yankees","3","2","2","8","3.82","0","41","41.0","32","18","5","56","23","1.31","12.10","4.93","3.86","0.3","1247"
"Trevor May","Twins","3","2","4","11","3.87","0","46","46.0","41","20","5","50","19","1.32","9.80","3.70","3.86","0.5","6398"
"Austin Davis","Phillies","0","0","0","1","3.83","0","8","8.0","7","3","1","8","3","1.31","9.84","3.63","3.86","0.0","17117"
"Fernando Abad","Giants","0","0","0","1","3.69","0","8","8.0","7","3","1","7","3","1.28","8.92","3.31","3.86","0.0","4994"
"Dallas Keuchel","","11","9","0","0","3.80","28","28","171.0","176","72","17","140","55","1.35","7.35","2.87","3.86","2.6","9434"
"Chris Devenski","Astros","3","2","1","11","3.89","0","49","49.0","43","21","7","53","14","1.19","9.77","2.63","3.86","0.3","12763"
"Marcus Stroman","Blue Jays","8","8","0","0","4.07","23","23","136.0","141","62","13","109","45","1.37","7.21","2.97","3.87","2.1","13431"
"Caleb Ferguson","Dodgers","4","3","0","8","3.71","5","38","61.0","54","25","7","66","26","1.32","9.86","3.84","3.87","0.5","19349"
"John Brebbia","Cardinals","3","2","3","11","3.81","0","49","49.0","43","21","7","55","16","1.21","10.20","2.95","3.88","0.4","12777"
"Daniel Zamora","Mets","1","1","0","6","3.81","0","30","30.0","27","13","3","34","14","1.34","9.95","4.08","3.88","0.1","17811"
"Sonny Gray","Reds","7","6","0","0","3.94","19","19","110.0","102","48","12","109","43","1.32","8.94","3.50","3.88","1.8","12768"
"Chaz Roe","Rays","2","2","1","10","3.87","0","46","46.0","40","20","5","50","21","1.33","9.88","4.13","3.88","0.2","9866"
"Luis Avilan","Mets","1","1","0","1","3.84","0","15","15.0","14","6","2","16","7","1.36","9.31","3.90","3.89","0.0","2882"
"Donnie Hart","Brewers","1","0","0","1","3.91","0","11","11.0","11","5","1","9","4","1.37","7.24","3.18","3.89","0.0","15306"
"Tony Barnette","Cubs","1","1","0","1","3.88","0","11","11.0","11","5","1","12","4","1.28","9.05","3.18","3.89","0.0","3555"
"Aaron Bummer","White Sox","1","1","0","1","3.78","0","11","11.0","11","5","1","11","5","1.38","8.66","3.99","3.90","0.0","16258"
"Eduardo Rodriguez","Red Sox","9","6","0","0","4.05","22","22","125.0","116","56","16","131","43","1.28","9.49","3.14","3.90","1.8","13164"
"J.B. Wendelken","Athletics","2","1","0","7","3.89","0","37","37.0","34","16","4","39","15","1.32","9.44","3.55","3.90","0.2","14506"
"Kenta Maeda","Dodgers","7","6","0","0","3.95","17","17","94.0","87","41","13","98","31","1.26","9.40","2.97","3.91","1.2","18498"
"Emilio Pagan","Rays","2","2","2","15","3.82","0","49","49.0","43","21","7","56","16","1.20","10.25","2.92","3.92","0.3","14771"
"Miles Mikolas","Cardinals","9","7","0","0","3.94","23","23","140.0","146","61","17","109","29","1.25","7.01","1.86","3.92","1.9","9803"
"Marcus Walden","Red Sox","2","2","0","8","4.04","0","37","37.0","37","17","4","32","14","1.37","7.78","3.38","3.92","0.1","8004"
"Tommy Hunter","Phillies","1","1","0","1","3.91","0","19","19.0","18","8","2","18","6","1.26","8.75","2.77","3.93","0.0","1157"
"Adam Morgan","Phillies","1","1","0","8","4.05","0","34","34.0","32","15","4","36","12","1.31","9.48","3.28","3.93","0.2","12580"
"Sergio Romo","Marlins","2","3","22","4","4.03","0","49","49.0","46","22","7","52","16","1.26","9.48","2.90","3.93","0.2","9817"
"Tanner Scott","Orioles","2","2","0","6","3.94","0","38","38.0","31","17","4","48","25","1.48","11.44","5.98","3.93","0.2","17586"
"Kyle Hendricks","Cubs","10","7","0","0","3.87","24","24","141.0","140","61","17","119","35","1.24","7.60","2.25","3.93","2.1","12049"
"Derek Law","Blue Jays","2","2","0","5","4.04","0","34","34.0","32","15","4","32","13","1.33","8.61","3.42","3.94","0.0","13133"
"Tony Cingrani","Dodgers","1","0","0","1","3.66","0","11","11.0","9","4","1","13","5","1.27","10.25","3.74","3.94","0.0","12555"
"Josh Sborz","Dodgers","0","0","0","1","3.82","0","7","7.0","6","3","1","8","3","1.26","9.79","3.44","3.94","0.0","sa827472"
"Yoan Lopez","Diamondbacks","2","2","0","9","4.05","0","37","37.0","33","17","4","43","18","1.36","10.43","4.30","3.94","0.1","17181"
"Brandon Woodruff","Brewers","6","6","0","0","4.03","18","18","104.0","97","46","13","107","38","1.31","9.32","3.33","3.94","1.4","16162"
"Joe Musgrove","Pirates","7","7","0","0","4.11","19","19","108.0","112","49","13","92","27","1.28","7.67","2.24","3.95","1.5","12970"
"Dillon Maples","Cubs","0","0","0","1","3.83","0","8","8.0","5","3","1","11","7","1.60","13.52","8.05","3.95","0.0","14672"
"Dinelson Lamet","Padres","1","1","0","1","3.90","4","6","23.0","20","10","3","27","10","1.29","10.49","3.93","3.95","0.3","17186"
"Andrew Vasquez","Twins","0","0","0","1","3.86","0","8","8.0","7","3","1","8","4","1.38","9.97","4.47","3.95","0.0","19482"
"Grant Dayton","Braves","0","0","0","1","3.92","0","4","4.0","3","2","1","4","1","1.26","9.88","3.26","3.95","0.0","11203"
"Shane Greene","Tigers","3","3","24","3","4.07","0","50","50.0","47","22","6","50","17","1.30","9.13","3.16","3.95","0.5","10756"
"Dylan Floro","Dodgers","2","2","1","9","3.90","0","37","37.0","38","16","4","29","10","1.29","7.20","2.38","3.95","0.1","13394"
"Anthony Bass","Reds","0","0","0","1","3.94","0","7","7.0","7","3","1","7","3","1.29","8.99","3.17","3.96","0.0","7982"
"Tyler Duffey","Twins","1","1","0","1","4.15","0","15","15.0","15","7","2","15","5","1.28","8.82","2.69","3.96","0.0","13758"
"Jon Gray","Rockies","7","7","0","0","4.36","20","20","112.0","112","54","15","118","37","1.33","9.43","2.99","3.96","1.9","14916"
"Caleb Smith","Marlins","7","8","0","0","3.99","22","22","129.0","113","57","17","146","53","1.28","10.16","3.67","3.97","1.7","14875"
"Oliver Perez","Indians","1","1","0","6","3.75","0","30","30.0","27","13","4","35","11","1.24","10.29","3.24","3.97","0.1","1514"
"Scott Oberg","Rockies","2","2","1","12","4.12","0","41","41.0","41","19","4","38","16","1.37","8.27","3.40","3.97","0.3","13911"
"Lewis Thorpe","Twins","0","0","0","1","3.85","0","8","8.0","7","3","1","9","3","1.22","10.09","3.13","3.97","0.0","sa739599"
"Phil Maton","Padres","1","1","0","5","3.99","0","34","34.0","31","15","5","37","12","1.28","9.80","3.19","3.97","0.0","18064"
"Andrew Triggs","Athletics","0","0","0","1","4.02","0","7","7.0","7","3","1","7","3","1.29","8.68","3.10","3.97","0.0","13533"
"Dan Otero","Indians","1","1","0","9","4.12","0","38","38.0","42","17","4","24","7","1.29","5.79","1.62","3.98","0.1","7385"
"Kevin Gausman","Braves","8","7","0","0","4.04","22","22","125.0","123","56","16","118","38","1.29","8.51","2.76","3.98","1.6","14107"
"Jonathan Holder","Yankees","2","2","0","6","3.99","0","38","38.0","36","17","5","37","12","1.25","8.93","2.75","3.98","0.1","16588"
"Joshua James","Astros","4","4","0","5","3.98","7","45","79.0","68","35","10","95","38","1.34","10.73","4.33","3.98","0.7","16794"
"Framber Valdez","Astros","2","2","0","7","3.84","0","37","37.0","34","16","4","37","17","1.37","9.02","4.17","3.99","0.1","17295"
"Adam Kolarek","Rays","3","2","0","10","3.80","0","46","46.0","45","19","4","36","18","1.38","7.17","3.52","3.99","0.1","10843"
"Ryan Brasier","Red Sox","3","3","20","4","3.98","0","49","49.0","47","21","6","44","13","1.24","8.24","2.48","3.99","0.3","5615"
"Matt Strahm","Padres","6","6","0","0","3.91","18","18","105.0","98","46","14","108","36","1.27","9.26","3.04","3.99","1.4","13799"
"Heath Hembree","Red Sox","2","2","1","12","4.08","0","45","45.0","41","20","6","50","17","1.30","10.13","3.45","3.99","0.2","11632"
"Joel Payamps","Diamondbacks","0","0","0","1","4.04","0","4","4.0","4","2","1","4","1","1.24","8.81","2.59","4.00","0.0","sa597219"
"Zac Rosscup","Mariners","2","1","0","7","4.01","0","33","33.0","28","15","4","42","17","1.38","11.33","4.76","4.00","0.1","9419"
"Brandon Brennan","Mariners","2","2","1","10","4.02","0","40","40.0","39","18","4","38","18","1.41","8.42","4.06","4.01","0.2","13527"
"Blake Wood","","2","2","0","0","3.96","0","50","50.0","46","22","6","51","22","1.36","9.10","3.92","4.01","0.2","1345"
"Amir Garrett","Reds","2","2","3","11","3.85","0","49","49.0","42","21","7","57","21","1.30","10.50","3.90","4.02","0.3","14375"
"Jalen Beeks","Rays","2","2","0","3","3.94","0","34","34.0","31","15","4","36","13","1.30","9.47","3.50","4.02","0.1","17192"
"Pablo Lopez","Marlins","5","6","0","0","3.94","16","16","91.0","91","40","11","77","25","1.28","7.59","2.49","4.02","1.1","17085"
"Yoshihisa Hirano","Diamondbacks","3","2","2","13","4.03","0","45","45.0","43","20","5","43","17","1.34","8.54","3.40","4.02","0.2","19756"
"Jacob Barnes","Brewers","1","1","0","3","4.03","0","26","26.0","24","12","3","27","13","1.42","9.27","4.35","4.03","0.0","12323"
"Rich Hill","Dodgers","7","6","0","0","3.86","18","18","102.0","88","44","15","114","33","1.19","10.09","2.95","4.03","1.4","4806"
"JT Chargois","Dodgers","1","1","0","1","3.94","0","18","18.0","17","8","2","19","9","1.39","9.23","4.28","4.03","0.0","13767"
"Matt Grace","Nationals","1","1","0","9","4.07","0","38","38.0","39","17","4","30","12","1.37","7.06","2.93","4.03","0.1","11449"
"Ryne Harper","Twins","1","1","0","3","4.08","0","27","27.0","26","12","3","25","9","1.31","8.48","2.96","4.03","0.1","12680"
"Trey Wingenter","Padres","1","2","0","8","4.03","0","37","37.0","31","17","4","48","21","1.39","11.51","5.07","4.03","0.0","17793"
"Nick Wittgren","Indians","0","0","0","1","4.12","0","8","8.0","8","3","1","7","2","1.30","8.58","2.71","4.04","0.0","15594"
"David Phelps","Blue Jays","1","1","0","1","4.05","0","23","23.0","21","10","3","24","8","1.30","9.61","3.31","4.04","0.0","6316"
"Trevor Hildenberger","Twins","3","3","2","10","4.08","0","46","46.0","45","21","6","41","14","1.30","8.19","2.73","4.04","0.3","17002"
"Wander Suero","Nationals","2","2","1","10","4.08","0","38","38.0","36","17","4","37","14","1.34","8.87","3.46","4.04","0.1","15855"
"Cam Bedrosian","Angels","3","2","0","9","3.94","0","41","41.0","39","18","5","42","18","1.37","9.02","3.86","4.04","0.1","13360"
"Cole Hamels","Cubs","8","6","0","0","3.87","22","22","133.0","121","57","16","128","47","1.27","8.70","3.20","4.04","1.9","4972"
"Masahiro Tanaka","Yankees","7","5","0","0","4.06","18","18","108.0","105","48","17","103","25","1.21","8.65","2.08","4.05","1.8","15764"
"Drew Steckenrider","Marlins","1","1","1","2","4.05","0","23","23.0","20","10","3","27","10","1.34","10.50","4.07","4.05","0.0","18806"
"Max Fried","Braves","7","7","0","0","3.97","18","18","105.0","99","46","11","107","49","1.40","9.17","4.18","4.05","1.1","13743"
"Jose Berrios","Twins","10","8","0","0","4.12","25","25","147.0","138","67","20","147","45","1.25","9.03","2.78","4.05","2.4","14168"
"Kyle Crick","Pirates","2","2","1","10","3.91","0","42","42.0","38","18","4","44","22","1.41","9.34","4.66","4.05","0.1","13182"
"Zach Duke","Reds","2","2","0","5","3.90","0","30","30.0","28","13","3","28","14","1.40","8.53","4.20","4.05","0.0","3840"
"Erick Fedde","Nationals","3","3","0","1","4.23","5","24","47.0","48","22","6","43","17","1.37","8.12","3.19","4.05","0.3","17425"
"Andrew Suarez","Giants","2","3","0","0","3.96","7","7","41.0","41","18","5","35","13","1.33","7.57","2.89","4.05","0.3","18300"
"Richard Rodriguez","Pirates","2","2","1","12","4.16","0","42","42.0","40","20","6","46","15","1.29","9.77","3.16","4.05","0.1","13549"
"Tim Mayza","Blue Jays","2","2","1","9","4.07","0","41","41.0","37","19","5","46","20","1.39","10.08","4.34","4.05","0.1","15042"
"Austin Pruitt","Rays","1","1","0","1","4.17","0","19","19.0","20","9","2","16","5","1.28","7.39","2.14","4.06","0.0","15290"
"Carlos Estevez","Rockies","2","2","0","5","4.23","0","30","30.0","28","14","4","34","12","1.33","10.05","3.65","4.06","0.0","14542"
"Carl Edwards Jr.","Cubs","3","2","0","9","4.04","0","42","42.0","32","19","5","55","27","1.41","11.74","5.79","4.06","0.1","13607"
"Luis Perdomo","Padres","1","1","0","1","4.23","0","12","12.0","13","6","1","10","4","1.41","7.74","3.11","4.06","0.0","14682"
"Luke Weaver","Diamondbacks","7","7","0","0","4.22","21","21","117.0","117","55","16","116","38","1.32","8.92","2.89","4.06","1.6","16918"
"Jose Alvarez","Phillies","1","1","0","3","4.05","0","27","27.0","26","12","3","25","10","1.34","8.33","3.24","4.06","0.0","5358"
"Brandon Kintzler","Cubs","2","1","0","7","4.00","0","34","34.0","35","15","4","27","11","1.34","7.06","2.82","4.07","0.1","9939"
"Blaine Hardy","Tigers","1","1","0","1","4.07","0","11","11.0","12","5","1","10","3","1.29","7.52","2.50","4.07","0.0","6499"
"Tyler Olson","Indians","2","2","1","9","3.97","0","38","38.0","35","17","5","40","16","1.34","9.50","3.84","4.07","0.2","14741"
"Drew Gagnon","Mets","1","2","0","5","4.11","0","30","30.0","28","14","4","31","11","1.29","9.24","3.18","4.07","0.0","12545"
"Riley Ferrell","Marlins","1","1","0","1","3.92","0","11","11.0","10","5","1","12","6","1.38","9.45","4.50","4.09","0.0","sa874967"
"Nathan Eovaldi","Red Sox","5","4","0","0","4.26","13","13","77.0","81","37","11","69","21","1.32","8.02","2.48","4.09","1.0","9132"
"Brandon Workman","Red Sox","3","3","1","10","4.16","0","45","45.0","42","21","5","47","20","1.38","9.38","4.02","4.09","0.1","11428"
"Yusei Kikuchi","Mariners","7","7","0","0","4.05","21","21","122.0","118","55","15","115","44","1.32","8.47","3.25","4.09","1.8","20633"
"Luiz Gohara","Braves","0","0","0","0","4.02","1","1","7.0","6","3","1","7","3","1.31","9.38","3.53","4.09","0.1","15166"
"Blake Weiman","Pirates","0","0","0","1","4.07","0","8","8.0","8","3","1","7","3","1.34","8.46","3.26","4.10","0.0","sa3004211"
"Jesse Biddle","Braves","2","2","0","3","4.04","0","30","30.0","28","13","3","31","15","1.42","9.27","4.43","4.10","0.0","11437"
"Robert Stock","Padres","1","2","0","3","4.16","0","31","31.0","29","14","3","32","16","1.44","9.30","4.54","4.11","0.0","6576"
"Ryan Weber","Red Sox","1","1","0","1","4.24","0","11","11.0","13","5","1","7","2","1.32","5.90","1.78","4.11","0.0","10160"
"Austin Voth","Nationals","2","2","0","1","4.08","2","18","29.0","28","13","4","29","10","1.30","8.82","3.21","4.11","0.2","15047"
"Shaun Anderson","Giants","2","2","0","0","4.01","6","6","35.0","34","15","4","30","11","1.30","7.64","2.96","4.12","0.3","sa739018"
"Justin Grimm","Dodgers","0","0","0","1","4.06","0","7","7.0","7","3","1","8","3","1.33","9.87","3.94","4.13","0.0","11720"
"Bryse Wilson","Braves","1","1","0","1","4.18","1","5","11.0","11","5","1","10","4","1.36","8.56","3.39","4.13","0.1","19990"
"Tyler Skaggs","Angels","7","6","0","0","4.13","17","17","97.0","97","45","12","89","33","1.33","8.22","3.07","4.13","1.4","10190"
"Tony Sipp","Nationals","1","1","0","2","4.06","0","23","23.0","22","10","3","23","9","1.36","8.99","3.62","4.13","0.0","8280"
"Kelvin Herrera","White Sox","3","3","4","10","4.14","0","49","49.0","48","23","7","48","16","1.30","8.67","2.94","4.14","0.4","6033"
"Greg Holland","Diamondbacks","2","3","19","7","4.35","0","49","49.0","43","23","5","54","29","1.49","10.02","5.41","4.14","0.1","7196"
"Yu Darvish","Cubs","7","7","0","0","4.16","20","20","115.0","101","53","16","134","52","1.32","10.45","4.05","4.14","1.4","13074"
"Kyle Barraclough","Nationals","2","2","3","12","4.12","0","49","49.0","42","22","5","56","29","1.46","10.29","5.37","4.14","0.2","13713"
"John Gant","Cardinals","3","3","20","3","4.13","0","49","49.0","46","22","6","47","20","1.36","8.74","3.62","4.14","0.1","13684"
"Hunter Wood","Rays","1","1","0","1","4.07","0","19","19.0","18","9","3","19","7","1.32","9.20","3.48","4.15","0.0","15091"
"Jon Lester","Cubs","9","8","0","0","4.11","24","24","136.0","134","62","18","124","44","1.31","8.18","2.91","4.15","1.7","4930"
"Matt Andriese","Diamondbacks","2","3","0","7","4.32","1","35","41.0","41","20","6","39","13","1.32","8.74","2.84","4.15","0.1","12022"
"Paul Fry","Orioles","2","2","2","11","4.10","0","49","49.0","46","22","5","48","22","1.41","8.86","4.14","4.15","0.3","15832"
"Sam Coonrod","Giants","0","0","0","1","3.98","0","4","4.0","3","2","0","4","2","1.34","9.12","4.05","4.15","0.0","sa827483"
"Sam Wolff","Giants","0","0","0","1","4.02","0","4","4.0","3","2","0","4","2","1.36","9.75","4.41","4.15","0.0","sa503437"
"Michael Feliz","Pirates","2","2","0","7","4.37","0","35","35.0","32","17","5","40","17","1.41","10.40","4.39","4.16","0.0","11903"
"Kyle Keller","Marlins","0","0","0","1","4.00","0","8","8.0","7","3","1","8","4","1.36","9.71","4.44","4.16","0.0","sa875759"
"Zac Gallen","Marlins","4","5","0","0","4.07","14","14","77.0","72","35","10","74","27","1.28","8.66","3.17","4.16","0.8","sa857550"
"Adam Cimber","Indians","3","3","4","10","4.11","0","46","46.0","47","21","6","36","12","1.30","7.05","2.36","4.16","0.2","15288"
"Chris Rusin","Rockies","1","1","0","3","4.20","0","26","26.0","27","12","3","23","9","1.40","7.75","3.21","4.16","0.0","9895"
"D.J. Johnson","Rockies","0","0","0","1","4.27","0","8","8.0","7","4","1","8","4","1.45","9.10","4.40","4.16","0.0","12578"
"Yadier Alvarez","Dodgers","0","0","0","1","3.92","0","4","4.0","3","2","0","4","2","1.43","9.72","4.99","4.16","0.0","sa868984"
"Luis Garcia","Angels","2","2","1","10","4.20","0","45","45.0","45","21","4","39","22","1.47","7.86","4.29","4.17","0.1","6984"
"Connor Sadzeck","Mariners","2","1","0","7","4.02","0","29","29.0","26","13","3","31","15","1.40","9.54","4.72","4.17","0.1","13483"
"Dominic Leone","Cardinals","1","1","0","2","4.29","0","22","22.0","21","11","3","24","9","1.36","9.58","3.81","4.17","0.0","13763"
"Miguel Diaz","Padres","1","1","0","1","4.01","0","16","16.0","14","7","2","18","9","1.39","9.91","4.68","4.17","0.0","18815"
"Taylor Williams","Brewers","1","1","0","4","4.28","0","30","30.0","29","14","4","31","13","1.42","9.30","3.98","4.18","0.0","14899"
"Jon Duplantier","Diamondbacks","3","3","0","1","4.16","5","27","50.0","48","23","5","50","25","1.44","8.94","4.44","4.18","0.3","19546"
"Trevor Williams","Pirates","7","8","0","0","4.26","21","21","122.0","126","58","14","95","38","1.35","7.03","2.83","4.18","1.5","16977"
"Ian Gibaut","Rays","1","1","0","1","4.04","0","15","15.0","13","7","2","17","7","1.35","10.01","4.36","4.18","0.0","sa857671"
"Victor Arano","Phillies","1","1","0","1","4.16","0","15","15.0","14","7","2","16","6","1.30","9.61","3.26","4.19","0.0","15915"
"Brent Honeywell","Rays","4","4","0","0","4.15","12","12","70.0","64","32","11","72","23","1.25","9.30","2.99","4.19","0.8","sa828706"
"Adam McCreery","Dodgers","0","0","0","1","3.82","0","7","7.0","7","3","1","8","4","1.46","9.26","5.08","4.19","0.0","19550"
"Kyle Ryan","Cubs","1","1","0","1","4.03","0","19","19.0","18","9","2","17","9","1.42","8.12","4.20","4.19","0.0","11753"
"Kevin Quackenbush","Dodgers","1","1","0","3","4.16","0","26","26.0","24","12","4","26","9","1.29","9.06","3.10","4.20","0.0","12360"
"Matt Bowman","Reds","1","1","0","1","4.10","0","11","11.0","11","5","1","11","5","1.41","8.64","4.05","4.20","0.0","13528"
"Fernando Rodney","Athletics","2","2","0","4","4.11","0","30","30.0","27","14","3","29","15","1.43","8.86","4.59","4.20","0.0","494"
"Wes Parsons","Braves","1","1","0","1","4.23","0","22","22.0","22","11","3","20","9","1.39","8.09","3.53","4.20","0.0","14764"
"Matt Albers","Brewers","3","3","3","12","4.21","0","48","48.0","47","23","7","48","15","1.29","9.02","2.82","4.20","0.2","4300"
"Chasen Shreve","Cardinals","0","0","0","1","4.04","0","7","7.0","7","3","1","8","4","1.37","9.95","4.39","4.20","0.0","10855"
"Jimmy Nelson","Brewers","4","4","0","0","4.34","11","11","62.0","61","30","8","60","23","1.34","8.70","3.26","4.21","0.7","10547"
"Blake Parker","Twins","2","2","20","4","4.17","0","49","49.0","47","23","7","50","18","1.32","9.19","3.35","4.21","0.4","5224"
"Jesse Hahn","Royals","0","0","0","1","4.17","0","7","7.0","8","3","1","6","3","1.36","7.30","3.17","4.21","0.0","13287"
"Michael Lorenzen","Reds","1","1","0","8","4.08","0","34","34.0","33","15","4","28","13","1.38","7.56","3.52","4.21","0.1","14843"
"Adam Warren","Padres","2","2","1","10","4.16","0","45","45.0","43","21","6","43","18","1.35","8.65","3.54","4.21","0.0","9029"
"Matt Wisler","Padres","1","1","0","1","4.33","0","25","25.0","25","12","4","22","6","1.27","8.06","2.26","4.21","0.0","12804"
"Zack Godley","Diamondbacks","6","7","0","1","4.33","15","35","104.0","103","50","12","102","46","1.43","8.75","3.97","4.21","0.9","14862"
"John Axford","Blue Jays","0","0","0","1","4.22","0","4","4.0","4","2","0","4","2","1.40","9.07","4.15","4.22","0.0","9059"
"Koda Glover","Nationals","1","1","0","1","4.17","0","15","15.0","14","7","2","14","6","1.38","8.66","3.78","4.22","0.0","17695"
"Jose Quijada","Marlins","1","2","0","4","4.10","0","27","27.0","24","12","3","28","15","1.46","9.52","5.14","4.22","0.0","19200"
"Jose Suarez","Reds","0","0","0","0","4.17","6","6","35.0","33","16","5","34","12","1.27","8.75","3.06","4.22","0.4","sa597426"
"Nick Pivetta","Phillies","4","5","0","0","4.43","12","12","71.0","69","35","11","76","25","1.32","9.64","3.15","4.23","0.9","15454"
"Marco Gonzales","Mariners","8","8","0","0","4.33","23","23","132.0","143","64","18","104","35","1.34","7.06","2.35","4.23","1.6","15467"
"T.J. McFarland","Diamondbacks","1","1","0","3","4.32","0","30","30.0","33","14","3","19","11","1.47","5.60","3.25","4.23","0.0","3237"
"Jake Petricka","Brewers","1","1","0","1","4.29","0","15","15.0","16","7","1","11","6","1.46","6.94","3.59","4.23","0.0","10534"
"Chris Bassitt","Athletics","4","3","0","1","4.15","7","26","60.0","58","28","7","55","23","1.34","8.20","3.37","4.23","0.6","12304"
"Andrew Heaney","Angels","5","4","0","0","4.10","13","13","78.0","73","35","12","76","23","1.24","8.79","2.70","4.24","1.0","15423"
"Edubray Ramos","Phillies","2","2","0","5","4.32","0","30","30.0","29","15","4","30","12","1.35","8.77","3.45","4.24","0.0","16086"
"Richard Bleier","Orioles","2","2","0","8","4.08","0","41","41.0","47","19","4","22","9","1.35","4.82","1.95","4.24","0.1","7803"
"Adam Conley","Marlins","3","3","5","10","4.07","0","49","49.0","47","22","6","45","20","1.35","8.28","3.57","4.24","0.0","14457"
"Jared Hughes","Reds","2","2","1","13","4.01","0","45","45.0","45","20","4","33","17","1.39","6.71","3.41","4.24","0.1","9325"
"Pat Neshek","Phillies","3","2","1","14","4.21","0","46","46.0","46","21","7","39","9","1.22","7.65","1.86","4.24","0.2","4682"
"Alex Wood","Reds","5","5","0","0","4.18","15","15","82.0","82","38","11","74","29","1.36","8.15","3.20","4.24","1.0","13781"
"Frankie Montas","Athletics","7","7","0","1","4.26","17","35","116.0","119","55","14","98","41","1.38","7.57","3.20","4.25","1.0","14309"
"Rick Porcello","Red Sox","9","8","0","0","4.48","23","23","135.0","140","67","21","125","35","1.30","8.31","2.35","4.25","1.6","2717"
"Justin Anderson","Angels","2","2","0","8","4.05","0","41","41.0","37","19","4","44","23","1.44","9.56","4.97","4.25","0.1","16201"
"Ben Taylor","Diamondbacks","1","1","0","1","4.18","0","23","23.0","21","11","3","24","8","1.29","9.38","3.35","4.25","0.0","18114"
"Collin McHugh","Astros","8","7","0","0","4.23","21","21","116.0","113","55","17","112","38","1.29","8.68","2.93","4.25","1.3","7531"
"Tayron Guerrero","Marlins","2","2","1","10","4.14","0","42","42.0","36","19","5","48","25","1.47","10.38","5.32","4.25","-0.1","11691"
"James Bourque","Nationals","0","0","0","1","4.14","0","8","8.0","7","3","1","8","4","1.41","9.00","4.34","4.25","0.0","sa829330"
"Taylor Cole","Angels","0","0","0","1","4.05","0","8","8.0","7","3","1","8","3","1.36","9.11","3.92","4.26","0.0","11964"
"Matthew Boyd","Tigers","8","9","0","0","4.31","24","24","138.0","133","66","21","133","43","1.28","8.69","2.80","4.26","2.0","15440"
"Gio Gonzalez","Brewers","5","5","0","0","4.34","14","14","82.0","82","40","10","75","34","1.41","8.18","3.75","4.26","0.8","7448"
"Cody Allen","Angels","3","3","6","10","4.20","0","45","45.0","39","21","6","51","21","1.34","10.23","4.25","4.27","0.2","12183"
"Mike Montgomery","Cubs","3","3","1","13","4.11","1","47","53.0","53","24","6","42","20","1.37","7.08","3.33","4.27","0.1","4869"
"Adam Wainwright","Cardinals","6","7","0","0","4.42","18","18","103.0","109","51","13","87","35","1.39","7.60","3.08","4.27","1.1","2233"
"Vidal Nuno","Nationals","0","0","0","1","4.20","0","4","4.0","4","2","1","4","1","1.28","8.65","2.79","4.27","0.0","9674"
"Kyle Gibson","Twins","9","8","0","0","4.31","25","25","144.0","147","69","18","127","53","1.39","7.91","3.32","4.27","1.8","10123"
"Taijuan Walker","Diamondbacks","3","3","0","0","4.42","8","8","47.0","47","23","7","45","16","1.34","8.52","3.13","4.28","0.4","11836"
"Tyler Webb","Cardinals","1","1","0","1","4.17","0","15","15.0","14","7","2","15","6","1.35","8.94","3.57","4.29","0.0","14974"
"David Paulino","Blue Jays","1","1","0","1","4.32","0","11","11.0","11","5","2","12","4","1.28","9.30","3.07","4.29","0.0","17418"
"Brett Anderson","Athletics","6","6","0","0","4.36","17","17","97.0","110","47","10","60","30","1.44","5.54","2.80","4.29","1.0","8223"
"Travis Bergen","Giants","2","2","0","3","4.21","0","26","26.0","25","12","3","25","12","1.38","8.59","3.97","4.30","-0.1","18581"
"Alex Wilson","Brewers","1","1","0","1","4.26","0","22","22.0","22","11","3","18","7","1.33","7.40","2.90","4.30","0.0","9239"
"Yusmeiro Petit","Athletics","2","2","1","10","4.31","0","44","44.0","45","21","7","38","11","1.25","7.69","2.15","4.30","0.1","4020"
"Eric Hanhold","Mets","0","0","0","1","4.21","0","4","4.0","4","2","0","3","2","1.43","7.96","3.95","4.30","0.0","18332"
"Touki Toussaint","Braves","2","2","0","1","4.28","4","11","29.0","26","14","3","30","15","1.45","9.32","4.70","4.31","0.2","16929"
"Alex Reyes","Cardinals","2","2","0","1","4.22","4","22","40.0","35","19","4","44","23","1.48","9.88","5.28","4.31","0.2","15015"
"Dennis Santana","Dodgers","0","0","0","0","4.27","1","1","7.0","6","3","1","7","3","1.38","8.96","3.88","4.31","0.1","17878"
"Tim Hill","Royals","1","2","1","8","4.26","0","37","37.0","38","18","4","32","15","1.42","7.66","3.73","4.31","0.0","16814"
"Mike Foltynewicz","Braves","8","8","0","0","4.32","22","22","123.0","119","59","18","123","46","1.33","8.98","3.32","4.31","1.2","10811"
"Martin Perez","Twins","7","7","0","0","4.47","20","20","113.0","122","56","13","84","40","1.43","6.71","3.21","4.31","1.4","6902"
"Keynan Middleton","Angels","1","1","0","1","4.09","0","15","15.0","13","7","2","16","7","1.33","9.51","4.07","4.31","0.0","15264"
"Sean Newcomb","Braves","3","3","0","0","4.33","10","10","56.0","52","27","7","54","27","1.41","8.72","4.32","4.32","0.6","16943"
"Buck Farmer","Tigers","3","3","2","11","4.25","0","46","46.0","45","22","6","43","20","1.40","8.47","3.83","4.32","0.1","14814"
"Matt Ramsey","Angels","0","0","0","1","4.29","0","8","8.0","7","4","1","7","3","1.39","8.69","3.95","4.32","0.0","14460"
"Ryan Buchter","Athletics","2","2","0","8","4.05","0","37","37.0","32","17","5","39","17","1.33","9.50","4.25","4.32","0.1","9456"
"Domingo German","Yankees","6","6","0","1","4.46","13","36","100.0","96","50","16","106","37","1.32","9.47","3.29","4.33","1.1","17149"
"Mike Minor","Rangers","8","8","0","0","4.38","22","22","132.0","129","64","20","122","40","1.28","8.34","2.73","4.33","2.0","10021"
"Bryan Mitchell","Padres","0","0","0","1","4.23","0","2","2.0","2","1","0","2","1","1.41","7.56","3.68","4.33","0.0","11479"
"Steven Matz","Mets","6","7","0","0","4.25","18","18","107.0","106","51","16","103","37","1.34","8.65","3.10","4.33","0.9","13361"
"Ryan Tepera","Blue Jays","3","3","3","10","4.31","0","49","49.0","46","23","6","48","20","1.36","8.77","3.70","4.33","0.1","10291"
"Francisco Liriano","Pirates","3","3","0","9","4.38","2","41","53.0","51","26","6","52","26","1.45","8.84","4.41","4.33","0.2","3201"
"Ryan Helsley","Cardinals","0","0","0","1","4.31","0","7","7.0","7","4","1","8","4","1.40","9.29","4.30","4.34","0.0","18138"
"Jonathan Loaisiga","Yankees","4","3","0","0","4.46","10","10","57.0","56","28","9","56","19","1.32","8.84","2.96","4.34","0.8","19753"
"Jake McGee","Rockies","2","2","1","10","4.50","0","41","41.0","42","21","6","40","14","1.34","8.77","2.97","4.34","0.1","7550"
"Shawn Armstrong","Orioles","2","2","0","3","4.21","0","34","34.0","30","16","4","36","17","1.41","9.55","4.59","4.34","0.1","12857"
"Wilmer Font","Mets","2","2","0","1","4.25","4","11","29.0","28","14","5","29","9","1.28","9.00","2.94","4.35","0.2","5257"
"Cory Gearrin","Mariners","2","2","1","11","4.27","0","40","40.0","38","19","5","39","18","1.40","8.77","4.10","4.35","0.1","7947"
"Hansel Robles","Angels","3","2","4","12","4.19","0","49","49.0","45","23","7","51","22","1.35","9.36","3.97","4.35","0.1","11801"
"Hunter Strickland","Mariners","1","1","1","3","4.28","0","11","11.0","11","5","1","10","4","1.36","8.14","3.54","4.36","0.0","7836"
"Justin Miller","Nationals","3","3","1","14","4.36","0","45","45.0","43","22","7","46","15","1.29","9.22","2.99","4.36","0.0","8580"
"JT Brubaker","Pirates","2","2","0","1","4.45","5","17","41.0","42","20","5","34","15","1.40","7.60","3.31","4.36","0.3","sa875176"
"Junior Guerra","Brewers","2","2","1","12","4.28","0","44","44.0","42","21","7","45","18","1.34","9.03","3.60","4.36","0.1","5702"
"Reymin Guduan","Astros","1","1","0","1","4.28","0","22","22.0","20","11","3","25","13","1.49","10.00","5.26","4.36","0.0","13058"
"Mike Mayers","Cardinals","0","0","0","1","4.37","0","11","11.0","11","5","2","10","4","1.37","8.29","3.35","4.36","0.0","15451"
"Trevor Richards","Marlins","6","8","0","0","4.38","21","21","118.0","115","58","16","112","46","1.37","8.55","3.53","4.37","0.9","19309"
"Jeff Brigham","Marlins","0","0","0","1","4.26","0","8","8.0","7","4","1","7","3","1.32","8.68","3.46","4.37","0.0","16631"
"Derian Gonzalez","Cardinals","0","0","0","1","4.25","0","7","7.0","7","4","1","7","4","1.45","8.25","4.39","4.37","0.0","sa737568"
"Josh Taylor","Red Sox","0","0","0","1","4.22","0","4","4.0","4","2","0","3","2","1.42","8.30","4.05","4.37","0.0","sa842224"
"Freddy Peralta","Brewers","5","5","0","0","4.35","13","13","77.0","64","37","12","96","41","1.37","11.29","4.80","4.37","0.8","18679"
"Luke Bard","Angels","2","2","0","3","4.24","0","38","38.0","35","18","5","38","15","1.35","9.10","3.68","4.37","0.0","14288"
"Noe Ramirez","Angels","2","2","0","5","4.25","0","38","38.0","35","18","6","40","15","1.32","9.67","3.57","4.37","0.0","12800"
"Austin Brice","Marlins","1","1","0","1","4.24","0","19","19.0","19","9","2","17","8","1.38","7.92","3.62","4.37","0.0","17237"
"Ty Blach","Giants","1","1","0","1","4.45","1","13","18.0","20","9","2","11","5","1.40","5.56","2.67","4.38","0.0","14361"
"Jeff Samardzija","Giants","6","9","0","0","4.59","23","23","134.0","137","68","20","113","39","1.31","7.57","2.61","4.38","1.0","3254"
"Stetson Allie","Dodgers","0","0","0","0","4.40","0","7","7.0","7","4","1","8","3","1.36","9.63","4.07","4.38","0.0","sa548192"
"Eduardo Jimenez","","0","0","0","0","4.40","0","38","38.0","35","19","5","41","17","1.36","9.63","4.07","4.38","0.0","sa3001404"
"Jacob Webb","Pirates","0","0","0","0","4.40","0","45","45.0","41","22","6","48","20","1.36","9.63","4.07","4.38","-0.1","sa3004799"
"Rowan Wick","Cubs","0","0","0","1","4.23","0","8","8.0","7","4","1","8","4","1.42","9.42","4.68","4.38","0.0","14646"
"Yonny Chirinos","Rays","9","10","0","6","4.35","21","63","163.0","170","79","25","133","41","1.29","7.33","2.25","4.39","1.1","16401"
"Daniel Stumpf","Tigers","2","3","1","9","4.43","0","46","46.0","46","23","6","43","18","1.38","8.40","3.49","4.39","0.2","13780"
"Clay Holmes","Pirates","2","2","0","1","4.43","1","24","30.0","30","15","3","27","17","1.55","8.08","4.96","4.39","0.0","13649"
"Ian Kennedy","Royals","2","2","0","7","4.39","0","34","34.0","33","16","6","32","10","1.27","8.62","2.64","4.39","0.0","6986"
"Mike Morin","Twins","1","1","0","1","4.50","0","19","19.0","20","9","3","16","5","1.33","7.47","2.54","4.40","0.0","13442"
"Nick Gardewine","Rangers","0","0","0","1","4.32","0","8","8.0","7","4","1","8","4","1.41","8.99","4.25","4.40","0.0","16513"
"Danny Duffy","Royals","7","9","0","0","4.47","23","23","134.0","136","67","19","117","47","1.36","7.82","3.13","4.40","1.3","3542"
"J.A. Happ","Yankees","7","6","0","0","4.33","18","18","104.0","101","50","16","97","33","1.29","8.40","2.87","4.40","1.4","7410"
"Jakob Junis","Royals","7","9","0","0","4.49","23","23","134.0","138","67","21","119","36","1.30","8.00","2.41","4.41","1.2","13619"
"Dean Deetz","Astros","1","1","0","1","4.25","0","19","19.0","16","9","2","22","11","1.43","10.55","5.24","4.41","0.0","16687"
"Vince Velasquez","Phillies","6","7","0","0","4.55","17","17","100.0","95","50","16","110","40","1.36","9.94","3.65","4.41","1.0","11189"
"Ryan Dull","Athletics","1","1","0","1","4.36","0","22","22.0","21","11","4","22","7","1.27","8.86","2.90","4.42","0.0","13974"
"Joe Biagini","Blue Jays","2","3","1","12","4.65","0","45","45.0","48","23","6","37","15","1.40","7.27","3.02","4.42","0.1","13194"
"Chad Sobotka","Braves","2","2","0","9","4.32","0","37","37.0","33","18","4","43","24","1.50","10.45","5.69","4.42","-0.1","17470"
"Drew Pomeranz","Giants","5","6","0","0","4.38","15","15","85.0","81","41","11","83","40","1.42","8.80","4.25","4.42","0.4","11426"
"Ian Hamilton","White Sox","1","1","0","1","4.30","0","27","27.0","25","13","4","26","11","1.37","8.84","3.80","4.42","0.0","19261"
"Jerry Blevins","Braves","2","2","0","1","4.34","0","30","30.0","28","14","4","32","14","1.43","9.57","4.33","4.42","0.0","7841"
"Tanner Rainey","Nationals","1","1","0","1","4.19","0","15","15.0","12","7","2","19","11","1.52","11.30","6.43","4.42","0.0","17610"
"Gabriel Moya","Twins","1","1","0","1","4.24","0","15","15.0","14","7","2","16","6","1.32","9.19","3.63","4.43","0.0","16348"
"Fernando Romero","Twins","2","2","0","8","4.42","0","38","38.0","39","19","5","31","13","1.38","7.37","3.16","4.43","0.0","15885"
"Logan Allen","Padres","5","6","0","0","4.21","16","16","90.0","84","42","12","87","41","1.39","8.73","4.12","4.43","0.7","sa875192"
"Jesus Luzardo","Athletics","4","4","0","0","4.29","11","11","62.0","59","29","9","56","24","1.35","8.14","3.45","4.43","0.6","sa917981"
"Anthony DeSclafani","Reds","5","5","0","0","4.41","15","15","82.0","83","40","14","80","23","1.29","8.77","2.56","4.43","0.8","13050"
"Jordan Lyles","Pirates","4","5","0","0","4.70","15","15","86.0","90","45","11","72","32","1.43","7.56","3.36","4.43","0.7","7593"
"Yimi Garcia","Dodgers","1","1","0","5","4.32","0","29","29.0","29","14","5","29","8","1.25","8.91","2.35","4.43","0.0","12095"
"Michael Pineda","Twins","5","6","0","0","4.71","17","17","97.0","107","51","16","86","25","1.35","7.96","2.32","4.45","1.0","5372"
"Jake Odorizzi","Twins","8","8","0","0","4.46","23","23","136.0","129","67","21","131","52","1.34","8.70","3.45","4.45","1.7","6397"
"Roenis Elias","Mariners","3","3","19","5","4.38","0","48","48.0","47","23","6","41","20","1.40","7.80","3.69","4.45","0.2","12673"
"Ben Heller","Yankees","2","2","0","3","4.34","0","34","34.0","31","16","5","37","16","1.37","9.92","4.18","4.45","0.0","15100"
"Brad Keller","Royals","6","8","0","0","4.51","21","21","120.0","128","60","13","84","48","1.46","6.29","3.60","4.45","1.0","15734"
"Shawn Kelley","Rangers","2","2","1","12","4.53","0","42","42.0","41","21","8","43","12","1.28","9.24","2.66","4.45","0.1","7773"
"Jacob Rhame","Mets","0","0","0","1","4.49","0","4","4.0","4","2","1","4","2","1.34","9.71","3.56","4.45","0.0","15267"
"Stephen Tarpley","Yankees","1","1","0","1","4.26","0","15","15.0","14","7","2","14","8","1.51","8.40","5.00","4.46","0.0","15859"
"Jonny Venters","Braves","2","2","0","5","4.37","0","30","30.0","28","15","3","28","18","1.57","8.52","5.56","4.46","0.0","7175"
"Anibal Sanchez","Nationals","6","8","0","0","4.88","20","20","113.0","115","61","17","108","43","1.40","8.62","3.44","4.46","1.0","3284"
"Mitch Keller","Pirates","2","2","0","0","4.56","6","6","36.0","35","18","5","33","16","1.44","8.36","4.00","4.46","0.3","sa828700"
"Joey Krehbiel","Diamondbacks","0","0","0","1","4.47","0","7","7.0","7","4","1","8","4","1.46","9.55","4.89","4.46","0.0","13707"
"Ryan Yarbrough","Rays","6","6","0","1","4.39","10","44","91.0","93","45","13","77","29","1.34","7.55","2.87","4.46","0.4","16502"
"Lance Lynn","Rangers","8","8","0","0","4.46","22","22","125.0","128","62","17","115","54","1.45","8.26","3.88","4.46","1.5","2520"
"Sam Tuivailala","Mariners","1","1","0","4","4.39","0","22","22.0","21","11","3","21","9","1.38","8.45","3.71","4.46","0.0","13485"
"Corbin Burnes","Brewers","4","4","0","0","4.44","12","12","70.0","67","34","11","70","27","1.36","9.04","3.54","4.46","0.6","19361"
"Merrill Kelly","Diamondbacks","6","8","0","0","4.65","19","19","113.0","119","58","16","98","39","1.40","7.84","3.11","4.46","0.9","11156"
"R.J. Alvarez","Marlins","0","0","0","1","4.33","0","8","8.0","7","4","1","8","4","1.42","9.08","4.52","4.46","0.0","13401"
"Daniel Coulombe","Yankees","0","0","0","1","4.22","0","4","4.0","4","2","1","4","2","1.41","8.54","4.05","4.46","0.0","13293"
"Walker Lockett","Mets","0","0","0","0","4.46","1","1","7.0","7","3","1","6","2","1.36","7.37","2.91","4.47","0.0","13804"
"Michael Wacha","Cardinals","6","7","0","0","4.56","19","19","111.0","113","56","15","97","46","1.43","7.85","3.70","4.47","0.8","14078"
"David McKay","Mariners","0","0","0","1","4.36","0","7","7.0","7","4","1","8","3","1.37","9.26","4.04","4.47","0.0","sa738438"
"A.J. Puk","Athletics","0","0","0","0","4.33","1","1","7.0","6","3","1","7","3","1.39","8.90","4.14","4.48","0.1","sa738675"
"Jake Arrieta","Phillies","7","9","0","0","4.39","22","22","127.0","125","62","19","114","46","1.34","8.11","3.26","4.48","1.1","4153"
"Tyler Kinley","Marlins","1","2","0","8","4.43","0","34","34.0","31","17","4","38","21","1.51","9.95","5.44","4.48","-0.1","18297"
"Jesse Chavez","Rangers","2","2","1","10","4.51","0","42","42.0","44","21","7","38","12","1.33","8.15","2.66","4.48","0.0","5448"
"Nate Jones","White Sox","2","2","1","11","4.32","0","42","42.0","39","20","6","44","18","1.37","9.41","3.91","4.48","0.0","4696"
"Randy Rosario","Cubs","0","0","0","1","4.46","0","8","8.0","8","4","1","6","4","1.51","7.03","4.33","4.48","0.0","14508"
"Rhiner Cruz","","2","2","0","0","4.43","0","50","50.0","47","25","7","52","24","1.42","9.28","4.40","4.48","-0.1","711"
"Matt Belisle","","2","2","0","0","4.45","0","50","50.0","52","25","7","41","17","1.38","7.44","3.15","4.49","0.0","1837"
"Zach Eflin","Phillies","7","9","0","0","4.60","22","22","126.0","132","64","21","107","33","1.31","7.63","2.35","4.49","1.2","13774"
"Sam Gaviglio","Blue Jays","2","3","0","9","4.71","2","44","56.0","60","29","9","47","14","1.32","7.64","2.20","4.49","0.1","12778"
"Zach Davies","Brewers","5","6","0","0","4.56","17","17","97.0","106","49","13","73","31","1.41","6.74","2.87","4.49","0.7","13183"
"Jerad Eickhoff","Phillies","6","7","0","0","4.57","20","20","113.0","115","58","18","107","40","1.36","8.47","3.14","4.49","0.9","12664"
"Dovydas Neverauskas","Pirates","1","1","0","1","4.60","0","23","23.0","22","12","3","24","13","1.51","9.19","4.96","4.49","0.0","11604"
"Spencer Turnbull","Tigers","6","7","0","0","4.60","20","20","113.0","115","58","13","98","50","1.45","7.74","3.95","4.49","1.1","16207"
"Sam Freeman","Angels","0","0","0","1","4.19","0","8","8.0","7","4","1","7","5","1.51","8.77","5.48","4.50","0.0","6832"
"Jeanmar Gomez","Rangers","1","2","0","6","4.60","0","31","31.0","33","16","4","23","11","1.46","6.80","3.30","4.50","0.0","9033"
"Adalberto Mejia","Twins","1","1","0","1","4.49","1","16","22.0","23","11","3","19","9","1.40","7.76","3.45","4.50","0.1","13188"
"Anthony Swarzak","Mariners","3","3","6","10","4.41","0","48","48.0","45","23","8","51","19","1.35","9.59","3.55","4.50","-0.1","7466"
"Joe Ross","Nationals","4","4","0","7","4.55","7","37","73.0","77","37","11","60","23","1.37","7.43","2.83","4.50","0.4","12972"
"Tim Peterson","Mets","1","2","0","3","4.48","0","30","30.0","29","15","5","31","11","1.32","9.14","3.15","4.51","0.0","13946"
"Griffin Canning","Angels","6","6","0","0","4.40","16","16","92.0","88","45","13","87","37","1.36","8.52","3.67","4.51","0.8","19867"
"Derek Holland","Giants","4","5","0","1","4.45","11","22","75.0","73","37","11","73","32","1.39","8.81","3.81","4.51","0.3","4141"
"Wandy Peralta","Reds","1","1","0","3","4.41","0","26","26.0","26","13","3","22","14","1.51","7.56","4.67","4.51","0.0","14295"
"Austin Gomber","Cardinals","3","3","0","0","4.33","10","10","54.0","52","26","8","50","22","1.37","8.38","3.74","4.51","0.4","16561"
"Brett Cecil","Cardinals","0","0","0","1","4.41","0","7","7.0","8","4","1","6","3","1.42","7.49","3.69","4.52","0.0","2660"
"Eric Lauer","Padres","6","8","0","0","4.49","19","19","110.0","111","55","16","100","43","1.41","8.22","3.53","4.52","0.7","19316"
"Mike Leake","Mariners","6","8","0","0","4.69","21","21","127.0","146","66","19","84","26","1.35","5.92","1.86","4.52","1.1","10130"
"Jeffrey Springs","Rangers","0","0","0","1","4.51","0","8","8.0","7","4","1","8","4","1.43","9.80","4.42","4.52","0.0","17677"
"Brett Martin","Rangers","2","2","0","8","4.68","0","34","34.0","37","18","4","28","14","1.47","7.33","3.63","4.52","0.0","17369"
"Tyler Mahle","Reds","4","4","0","0","4.52","11","11","63.0","64","32","10","61","23","1.37","8.65","3.26","4.52","0.6","16358"
"Ruben Alaniz","Mariners","0","0","0","1","4.46","0","7","7.0","7","4","1","7","3","1.44","9.03","4.27","4.52","0.0","10819"
"Tanner Roark","Reds","6","7","0","0","4.54","18","18","106.0","106","53","15","93","38","1.36","7.91","3.20","4.53","1.0","8753"
"Kyle McGowin","Nationals","0","0","0","0","4.47","1","1","7.0","7","3","1","6","3","1.36","8.12","3.40","4.53","0.1","15071"
"Wei-Yin Chen","Marlins","2","3","0","6","4.49","4","34","52.0","53","26","8","46","16","1.33","7.91","2.79","4.53","0.0","13071"
"Jordan Yamamoto","Marlins","0","0","0","0","4.48","1","1","7.0","7","3","1","6","3","1.39","7.83","3.63","4.54","0.0","sa829040"
"Nick Margevicius","Padres","4","5","0","0","4.46","13","13","74.0","76","37","11","60","22","1.33","7.28","2.65","4.54","0.5","20395"
"Aaron Sanchez","Blue Jays","6","8","0","0","4.54","22","22","126.0","126","64","14","106","63","1.49","7.58","4.46","4.54","1.0","11490"
"Kyle Wright","Braves","1","1","0","1","4.61","2","6","18.0","18","9","2","15","8","1.50","7.83","4.21","4.54","0.1","19665"
"Oscar De La Cruz","Cubs","0","0","0","1","4.43","0","4","4.0","4","2","1","4","2","1.34","9.12","3.78","4.54","0.0","sa737037"
"Ian Krol","Reds","0","0","0","1","4.30","0","7","7.0","7","4","1","7","4","1.42","8.87","4.41","4.55","0.0","10066"
"Seunghwan Oh","Rockies","3","3","4","12","4.59","0","53","53.0","53","27","10","53","15","1.29","9.12","2.62","4.55","0.1","18719"
"Austen Williams","Nationals","1","1","0","1","4.66","0","15","15.0","16","8","2","13","6","1.41","8.06","3.31","4.56","0.0","16309"
"Robert Stephenson","Reds","2","3","1","10","4.45","0","41","41.0","36","20","6","50","22","1.43","10.86","4.92","4.56","0.0","13594"
"Aaron Wilkerson","Brewers","2","2","0","1","4.62","2","21","32.0","33","17","5","30","11","1.36","8.27","3.13","4.57","0.1","16904"
"Casey Sadler","Rays","1","1","0","1","4.51","0","23","23.0","24","11","3","18","7","1.38","7.12","2.90","4.57","0.0","11209"
"Wade Miley","Astros","5","6","0","0","4.63","16","16","91.0","98","47","12","70","33","1.44","6.93","3.27","4.57","0.7","8779"
"Glenn Sparkman","Royals","2","2","0","1","4.71","4","19","36.0","41","19","5","24","9","1.38","5.92","2.18","4.57","0.1","15200"
"Antonio Senzatela","Rockies","6","8","0","0","4.78","20","20","113.0","121","60","16","92","40","1.42","7.31","3.18","4.57","1.2","15488"
"Yacksel Rios","Phillies","0","0","0","1","4.48","0","8","8.0","7","4","1","8","4","1.41","9.29","4.34","4.58","0.0","15007"
"Pat Venditte","Giants","0","0","0","1","4.38","0","8","8.0","7","4","1","7","4","1.41","8.63","4.31","4.58","0.0","7108"
"Daniel Hudson","Blue Jays","2","2","0","7","4.66","0","38","38.0","37","20","6","38","17","1.44","9.05","4.11","4.58","0.0","7146"
"Josh Staumont","Royals","1","1","0","1","4.37","0","11","11.0","9","5","1","14","8","1.52","10.86","6.34","4.59","0.0","sa857581"
"Jaime Schultz","Dodgers","0","0","0","1","4.47","0","7","7.0","6","4","1","9","4","1.44","11.18","5.25","4.59","0.0","15066"
"Rogelio Armenteros","Astros","1","1","0","0","4.55","2","2","14.0","13","7","2","14","6","1.36","9.23","3.85","4.59","0.1","sa877310"
"Brian Flynn","Royals","1","1","0","1","4.50","0","19","19.0","19","9","2","14","8","1.45","6.97","3.78","4.59","0.0","12027"
"Dakota Hudson","Cardinals","6","7","0","1","4.60","15","22","92.0","97","47","10","65","40","1.50","6.34","3.97","4.60","0.4","19206"
"Pierce Johnson","","2","2","0","0","4.45","0","50","50.0","46","25","7","52","26","1.44","9.31","4.75","4.60","0.0","13435"
"Chasen Bradford","Mariners","1","1","0","4","4.51","0","26","26.0","28","13","4","18","7","1.38","6.29","2.55","4.60","0.0","12452"
"Jose Urena","Marlins","6","9","0","0","4.48","21","21","121.0","125","60","16","92","42","1.38","6.83","3.11","4.60","0.6","11589"
"Josh Tomlin","Braves","4","5","0","0","4.67","16","16","94.0","104","49","18","73","12","1.23","7.03","1.13","4.60","0.7","9388"
"Josh Tomlin","Braves","2","2","0","19","4.67","0","41","41.0","45","21","8","32","5","1.23","7.03","1.13","4.60","-0.2","9388"
"Trent Thornton","Blue Jays","6","8","0","1","4.75","17","25","107.0","114","56","18","92","30","1.35","7.81","2.56","4.61","0.9","17948"
"Gerson Bautista","Mariners","1","1","0","1","4.46","0","18","18.0","16","9","3","20","10","1.42","9.60","4.69","4.61","0.0","19256"
"Travis Lakins","Red Sox","0","0","0","1","4.65","0","7","7.0","8","4","1","6","3","1.47","7.56","3.92","4.61","0.0","18600"
"Bryan Shaw","Rockies","2","2","0","8","4.83","0","34","34.0","36","18","5","29","15","1.51","7.61","3.97","4.62","0.0","8110"
"Dylan Cease","White Sox","4","5","0","1","4.51","12","20","79.0","72","40","11","83","44","1.46","9.49","4.97","4.62","0.6","sa829000"
"Tanner Anderson","Athletics","0","0","0","0","4.49","0","7","7.0","8","4","1","5","3","1.46","5.70","3.41","4.62","0.0","18029"
"Sean Manaea","Athletics","2","2","0","0","4.59","5","5","28.0","29","14","4","21","8","1.36","6.77","2.69","4.62","0.2","15873"
"Taylor Widener","Diamondbacks","0","0","0","0","4.62","1","1","7.0","6","4","1","7","3","1.38","9.14","4.01","4.63","0.0","sa918271"
"Scott Barlow","Royals","1","1","0","1","4.68","1","12","18.0","17","9","3","19","9","1.45","9.45","4.41","4.63","0.0","14993"
"Cody Anderson","Indians","4","5","0","1","4.69","11","26","79.0","84","41","12","66","27","1.39","7.43","3.06","4.63","0.5","12799"
"Steven Brault","Pirates","2","3","0","5","4.55","4","35","53.0","52","27","7","49","27","1.51","8.41","4.66","4.64","0.1","15291"
"James Pazos","Rockies","1","1","0","1","4.64","0","19","19.0","19","10","2","17","9","1.48","8.21","4.35","4.64","0.0","13323"
"Jenrry Mejia","Red Sox","0","0","0","1","4.70","0","4","4.0","4","2","1","3","1","1.42","7.49","3.42","4.64","0.0","8476"
"Jorge De La Rosa","","1","1","0","1","4.72","0","15","15.0","15","8","2","14","7","1.47","8.18","4.03","4.64","0.0","2047"
"Dereck Rodriguez","Giants","5","7","0","0","4.61","17","17","98.0","103","50","14","77","33","1.39","6.99","3.06","4.64","0.3","14509"
"Genesis Cabrera","Cardinals","0","0","0","1","4.38","0","7","7.0","7","4","1","8","4","1.41","9.06","4.51","4.64","0.0","sa828534"
"Robby Scott","Diamondbacks","0","0","0","1","4.47","0","4","4.0","3","2","1","4","2","1.42","9.27","4.50","4.65","0.0","13042"
"Kyle Freeland","Rockies","8","9","0","0","4.78","23","23","136.0","146","72","20","112","50","1.45","7.45","3.33","4.65","1.3","16256"
"Mike Wright Jr.","Mariners","1","1","0","1","4.65","0","15","15.0","15","8","2","13","5","1.39","8.09","3.26","4.65","0.0","12586"
"Dan Altavilla","Mariners","0","0","0","1","4.51","0","7","7.0","7","4","1","8","4","1.46","9.29","4.85","4.65","0.0","16507"
"Daniel Norris","Tigers","6","8","0","0","4.81","21","21","120.0","126","64","17","103","49","1.46","7.76","3.68","4.65","1.0","13475"
"Pedro Avila","Padres","1","1","0","1","4.64","2","5","16.0","16","8","2","15","8","1.48","8.19","4.37","4.65","0.1","18864"
"Paul Sewald","Mets","1","1","0","1","4.80","0","15","15.0","15","8","2","14","6","1.38","8.38","3.31","4.66","0.0","13892"
"Cody Reed","Reds","2","3","0","0","4.62","7","7","42.0","42","22","6","41","19","1.46","8.70","4.13","4.66","0.3","15232"
"Shane Carle","Braves","1","1","0","1","4.57","0","15","15.0","16","8","2","12","6","1.47","6.94","3.84","4.66","0.0","15258"
"Hector Velazquez","Red Sox","5","4","0","1","4.62","11","33","86.0","93","44","12","63","29","1.43","6.60","3.10","4.66","0.5","19341"
"Sal Romano","Reds","3","3","0","1","4.64","6","21","50.0","52","26","8","42","19","1.40","7.54","3.33","4.66","0.3","13690"
"Tyler Bashlor","Mets","1","1","0","1","4.54","0","15","15.0","14","8","2","16","9","1.47","9.61","5.05","4.66","0.0","15203"
"Bobby Poyner","Red Sox","0","0","0","1","4.62","0","4","4.0","4","2","1","3","1","1.37","7.82","3.05","4.67","0.0","17987"
"AJ Ramos","","2","3","0","0","4.59","0","50","50.0","47","25","7","52","26","1.45","9.30","4.70","4.67","0.0","8350"
"Bryan Garcia","Tigers","0","0","0","1","4.66","0","4","4.0","4","2","1","4","2","1.44","9.15","4.42","4.67","0.0","sa873996"
"James Norwood","Cubs","0","0","0","1","4.56","0","4","4.0","3","2","1","4","2","1.45","9.33","4.81","4.67","0.0","16440"
"Jeff Hoffman","Rockies","1","1","0","0","4.96","4","4","21.0","22","11","3","19","9","1.48","8.27","3.97","4.67","0.2","17432"
"Daniel Poncedeleon","Cardinals","1","1","0","0","4.54","4","4","21.0","20","10","3","19","11","1.46","8.46","4.60","4.67","0.1","16110"
"Luis Cessa","Yankees","4","5","0","1","4.73","10","32","79.0","81","42","13","72","28","1.37","8.16","3.19","4.67","0.6","13345"
"Joaquin Benoit","","2","3","0","0","4.60","0","50","50.0","48","26","8","49","22","1.40","8.75","4.00","4.68","-0.1","1437"
"Nick Goody","Indians","1","1","0","1","4.56","0","23","23.0","21","12","4","24","10","1.35","9.61","4.02","4.68","0.0","13685"
"Kevin McCarthy","Royals","2","2","0","7","4.63","0","34","34.0","37","17","4","21","12","1.48","5.60","3.25","4.68","-0.1","15240"
"Jon Edwards","Indians","1","2","0","5","4.68","0","30","30.0","28","16","5","34","17","1.47","10.07","4.98","4.69","0.0","1483"
"Gerardo Reyes","Padres","1","1","0","1","4.60","0","19","19.0","17","10","2","19","12","1.56","9.40","5.78","4.69","0.0","16306"
"Javy Guerra","Blue Jays","1","1","0","1","4.69","0","19","19.0","19","10","3","17","9","1.47","8.33","4.08","4.69","0.0","7407"
"Daniel Mengden","Athletics","2","3","0","0","4.67","7","7","41.0","44","21","6","29","13","1.38","6.42","2.85","4.69","0.3","16980"
"Jacob Waguespack","Blue Jays","1","1","0","1","4.72","1","5","11.0","11","6","2","10","5","1.44","7.94","3.89","4.70","0.0","sa659056"
"Jean Carlos Mejia","Indians","0","0","0","1","4.56","0","4","4.0","4","2","0","3","2","1.48","7.59","4.27","4.70","0.0","sa830122"
"Nathan Karns","Orioles","3","4","0","0","4.86","7","26","61.0","63","33","10","58","25","1.44","8.54","3.74","4.70","0.4","12638"
"Zac Houston","Tigers","0","0","0","1","4.55","0","4","4.0","3","2","1","4","2","1.50","9.96","5.57","4.71","0.0","sa874155"
"Jesus Reyes","Reds","0","0","0","1","4.53","0","7","7.0","7","4","1","6","4","1.54","7.55","4.84","4.71","0.0","19277"
"Wily Peralta","Royals","2","3","3","10","4.86","0","41","41.0","44","22","5","34","20","1.55","7.38","4.34","4.72","-0.3","7738"
"Matt Magill","Twins","1","2","0","4","4.69","0","30","30.0","30","16","5","31","14","1.42","9.14","4.07","4.73","0.0","3950"
"Cionel Perez","Astros","3","3","0","1","4.58","6","17","46.0","45","24","6","43","23","1.47","8.32","4.48","4.73","0.2","19614"
"Brock Stewart","Dodgers","1","1","0","1","4.66","1","12","18.0","18","9","3","16","6","1.37","7.90","3.15","4.73","0.0","16727"
"Josh Lucas","Orioles","1","1","0","0","4.69","0","23","23.0","24","12","3","19","9","1.46","7.47","3.58","4.73","0.0","11686"
"Cal Quantrill","Padres","1","2","0","0","4.76","5","5","28.0","30","15","4","21","10","1.45","6.85","3.37","4.74","0.1","19312"
"Jose De Leon","Rays","2","2","0","0","4.69","6","6","35.0","33","18","6","34","14","1.37","8.76","3.72","4.74","0.2","15463"
"Mike Fiers","Athletics","8","9","0","0","4.63","24","24","139.0","143","71","23","115","42","1.34","7.46","2.74","4.74","1.0","7754"
"Chris Flexen","Mets","2","2","0","0","4.71","5","5","29.0","29","15","4","24","12","1.46","7.62","3.84","4.74","0.2","13896"
"Felix Pena","Angels","3","4","0","0","4.76","12","12","71.0","72","37","12","65","26","1.39","8.23","3.31","4.75","0.4","13403"
"Adrian Houser","Brewers","2","2","0","1","4.84","2","28","40.0","43","21","6","34","15","1.44","7.69","3.37","4.75","0.0","12718"
"Clayton Richard","Blue Jays","3","3","0","0","4.74","9","9","50.0","56","26","6","33","19","1.50","5.94","3.35","4.76","0.3","3551"
"Forrest Whitley","Astros","1","1","0","0","4.70","4","4","21.0","19","11","3","21","10","1.40","9.33","4.22","4.76","0.1","sa917930"
"Matthew Festa","Mariners","1","1","0","1","4.69","0","18","18.0","19","10","3","17","7","1.40","8.41","3.44","4.76","0.0","19330"
"Lucas Sims","Reds","1","1","0","0","4.61","2","2","14.0","12","7","2","15","7","1.40","9.96","4.63","4.76","0.1","13470"
"Wade LeBlanc","Mariners","4","5","0","0","4.79","12","12","68.0","73","36","12","52","19","1.35","6.88","2.56","4.76","0.4","5221"
"Chase Anderson","Brewers","4","5","0","8","4.51","7","41","75.0","74","38","13","70","26","1.33","8.38","3.11","4.76","0.2","6895"
"Erik Swanson","Mariners","4","5","0","0","4.86","14","14","81.0","84","44","15","73","25","1.34","8.08","2.81","4.77","0.6","16587"
"Nick Rumbelow","Mariners","0","0","0","1","4.72","0","7","7.0","7","4","1","7","3","1.41","8.59","3.75","4.77","0.0","14867"
"Erasmo Ramirez","Red Sox","2","2","0","3","4.77","2","32","44.0","48","23","7","31","11","1.34","6.40","2.24","4.77","0.0","10314"
"Brian Johnson","Red Sox","1","1","0","1","4.81","0","19","19.0","20","10","3","16","7","1.43","7.81","3.45","4.77","0.0","14272"
"Ben Lively","Royals","1","1","0","0","4.84","4","4","21.0","22","11","3","15","7","1.41","6.66","3.03","4.79","0.1","14932"
"Felix Hernandez","Mariners","5","7","0","1","4.76","15","23","95.0","99","50","15","78","32","1.38","7.37","3.05","4.79","0.6","4772"
"Nick Kingham","Pirates","1","2","0","0","4.88","5","5","29.0","31","16","5","24","10","1.41","7.54","3.07","4.79","0.1","11694"
"Enyel De Los Santos","Phillies","1","2","0","1","4.72","4","9","27.0","27","14","4","25","11","1.41","8.32","3.69","4.80","0.1","18403"
"Jharel Cotton","Athletics","2","2","0","0","4.71","5","5","27.0","26","14","5","24","10","1.36","7.98","3.40","4.80","0.2","13654"
"Justin Lawrence","Rockies","1","1","0","1","4.85","0","11","11.0","12","6","1","10","6","1.61","7.89","5.18","4.80","0.0","sa875567"
"Josh A. Smith","Red Sox","2","2","0","0","4.91","5","5","27.0","28","15","5","23","9","1.38","7.68","3.11","4.80","0.1","10946"
"Jimmy Herget","Reds","1","1","0","1","4.66","0","19","19.0","17","10","3","20","10","1.43","9.64","4.74","4.80","0.0","sa658965"
"Jhoulys Chacin","Brewers","7","8","0","0","4.74","20","20","117.0","120","62","17","97","48","1.43","7.41","3.69","4.80","0.6","2608"
"Clay Buchholz","Blue Jays","5","6","0","0","4.86","17","17","99.0","107","53","16","70","30","1.39","6.37","2.76","4.81","0.5","3543"
"Tyler Thornburg","Red Sox","2","2","0","6","4.83","0","37","37.0","36","20","6","37","17","1.41","8.85","3.98","4.81","0.0","10688"
"Trevor Cahill","Angels","7","9","0","0","4.66","21","21","119.0","120","62","18","105","49","1.41","7.90","3.68","4.81","0.6","6249"
"Nick Ramirez","Tigers","3","4","0","0","4.75","0","34","34.0","38","18","3","22","17","1.59","5.73","4.42","4.81","0.0","12575"
"Jackson Stephens","Reds","1","1","0","1","4.72","1","9","14.0","14","8","2","13","6","1.41","8.00","3.75","4.82","0.0","14420"
"Evan Phillips","Orioles","2","3","0","5","4.82","0","38","38.0","35","20","5","41","22","1.52","9.77","5.28","4.82","0.0","17734"
"Joe Harvey","Yankees","1","1","0","1","4.75","0","15","15.0","14","8","2","15","8","1.47","9.13","4.59","4.83","0.0","16459"
"Tyler Anderson","Rockies","6","7","0","0","4.99","20","20","113.0","119","63","21","105","40","1.40","8.32","3.18","4.83","0.9","12880"
"Matt Harvey","Angels","4","6","0","0","4.85","15","15","85.0","92","46","14","64","25","1.38","6.80","2.61","4.83","0.5","11713"
"Julio Teheran","Braves","7","8","0","0","4.66","23","23","135.0","130","70","22","126","56","1.38","8.39","3.75","4.83","0.4","6797"
"Jake Newberry","Royals","1","1","0","1","4.79","0","15","15.0","15","8","2","12","6","1.45","7.26","3.75","4.83","0.0","15136"
"Neil Ramirez","Indians","2","2","1","11","4.98","0","38","38.0","35","21","7","46","18","1.40","10.85","4.28","4.84","-0.1","7677"
"Kolby Allard","Braves","0","0","0","0","4.75","1","1","7.0","7","4","1","6","3","1.42","7.23","3.39","4.84","0.0","18694"
"Victor Alcantara","Tigers","2","3","0","8","4.83","0","42","42.0","45","23","5","31","19","1.51","6.56","3.97","4.84","-0.1","15028"
"Eric Skoglund","Royals","2","3","0","0","4.81","7","7","42.0","45","22","7","32","14","1.39","6.86","2.99","4.84","0.2","16155"
"Dillon Peters","Angels","1","1","0","0","4.75","2","2","14.0","15","7","2","10","5","1.45","6.34","3.30","4.84","0.1","18790"
"JC Ramirez","Angels","2","2","0","1","4.75","4","11","29.0","30","15","4","21","11","1.44","6.69","3.50","4.85","0.1","8302"
"Ranger Suarez","Phillies","0","0","0","0","4.68","1","1","7.0","7","4","1","5","3","1.44","7.13","3.52","4.85","0.0","17277"
"Reed Garrett","Tigers","2","2","0","8","4.90","0","42","42.0","44","23","5","34","23","1.58","7.31","4.82","4.85","-0.1","16866"
"Taylor Clarke","Diamondbacks","1","1","0","0","4.93","2","2","14.0","15","8","2","11","5","1.41","7.32","3.08","4.86","0.1","17611"
"CC Sabathia","Yankees","6","6","0","0","4.75","18","18","106.0","112","56","17","89","39","1.42","7.53","3.28","4.86","1.0","404"
"Hector Santiago","Mets","1","2","0","1","4.61","2","14","26.0","24","13","4","26","13","1.42","8.96","4.42","4.86","0.0","4026"
"Grant Holmes","Athletics","1","1","0","1","4.78","2","6","18.0","17","9","2","15","9","1.48","7.65","4.37","4.86","0.1","sa828669"
"Melvin Adon","Giants","0","0","0","0","4.69","1","1","7.0","7","4","1","5","4","1.57","6.86","4.98","4.87","0.0","sa873314"
"Alec Mills","Cubs","0","0","0","0","4.77","1","1","7.0","7","4","1","6","3","1.42","7.44","3.71","4.88","0.0","13834"
"Joe Palumbo","Rangers","1","1","0","0","4.76","2","2","14.0","14","7","2","13","7","1.48","8.32","4.51","4.88","0.1","sa738453"
"Jacob Nix","Padres","0","0","0","0","4.87","1","1","7.0","7","4","1","5","2","1.39","6.41","2.71","4.88","0.0","17775"
"Justus Sheffield","Mariners","2","3","0","0","4.78","8","8","48.0","48","25","6","42","27","1.55","7.83","4.99","4.88","0.3","17285"
"Tom Koehler","Pirates","0","0","0","0","5.06","1","1","7.0","7","4","1","6","3","1.51","7.75","4.01","4.88","0.0","6570"
"Cy Sneed","Astros","1","1","0","1","4.77","1","9","14.0","15","8","2","12","6","1.41","7.65","3.60","4.89","0.0","sa599742"
"Tim Collins","Cubs","0","0","0","1","4.87","0","4","4.0","4","2","0","4","2","1.59","8.56","5.51","4.89","0.0","3164"
"Emilio Vargas","Diamondbacks","0","0","0","0","4.92","1","1","7.0","7","4","1","6","3","1.43","8.08","3.84","4.89","0.0","sa736761"
"Miguel Castro","Orioles","2","3","3","9","4.79","0","49","49.0","50","26","6","37","25","1.52","6.75","4.58","4.89","-0.2","15684"
"Homer Bailey","Royals","3","4","0","0","4.97","10","10","56.0","61","31","9","41","18","1.42","6.53","2.96","4.90","0.2","8362"
"Jake Barrett","Yankees","0","1","0","1","4.81","0","11","11.0","11","6","2","12","6","1.48","9.51","4.82","4.90","0.0","13322"
"Ivan Nova","White Sox","5","8","0","0","4.93","20","20","113.0","127","62","20","81","27","1.37","6.45","2.19","4.90","0.7","1994"
"Jake Faria","Rays","2","2","0","0","4.84","6","6","36.0","35","19","6","33","17","1.46","8.26","4.28","4.90","0.1","13699"
"Ryan Borucki","Blue Jays","3","4","0","0","4.93","11","11","63.0","67","34","9","47","24","1.46","6.81","3.50","4.90","0.3","16350"
"Jaime Barria","Angels","3","3","0","0","4.74","9","9","50.0","52","26","8","37","16","1.38","6.70","2.97","4.90","0.3","18356"
"Dylan Bundy","Orioles","6","10","0","0","4.94","22","22","128.0","129","70","25","125","43","1.35","8.80","3.02","4.91","1.0","12917"
"Paul Blackburn","Athletics","1","1","0","0","4.93","4","4","20.0","23","11","3","12","7","1.47","5.55","3.10","4.92","0.1","14739"
"Matt Hall","Tigers","1","1","0","0","4.85","4","4","21.0","22","11","3","18","10","1.49","7.67","4.27","4.92","0.1","18076"
"Kyle Zimmer","Royals","1","1","0","2","4.96","0","22","22.0","22","12","3","21","13","1.57","8.36","5.20","4.92","-0.1","14169"
"Tyler Chatwood","Cubs","4","5","0","5","4.77","7","38","74.0","70","39","8","66","49","1.61","8.06","5.98","4.92","0.1","4338"
"Edgar Garcia","Phillies","1","1","0","1","4.92","0","21","21.0","21","12","4","22","11","1.48","9.21","4.53","4.92","0.0","19276"
"Sean Reid-Foley","Blue Jays","1","1","0","0","5.02","2","2","14.0","14","8","2","14","7","1.50","8.82","4.54","4.93","0.1","17034"
"Drew Smyly","Rangers","3","4","0","0","4.94","10","10","58.0","59","32","11","57","22","1.41","8.93","3.46","4.93","0.4","11760"
"Sandy Alcantara","Marlins","4","7","0","0","4.84","18","18","106.0","109","57","13","80","54","1.55","6.79","4.60","4.93","0.3","18684"
"Ervin Santana","","0","0","0","1","4.81","0","8","8.0","8","4","1","6","2","1.33","7.14","2.66","4.93","0.0","3200"
"Brad Boxberger","Royals","2","4","21","2","4.96","0","45","45.0","42","25","7","49","26","1.52","9.83","5.22","4.93","-0.5","10133"
"Nick Tropeano","Angels","2","2","0","0","4.76","5","5","27.0","27","14","5","24","11","1.38","7.84","3.47","4.93","0.1","12385"
"Alex Cobb","Orioles","4","7","0","0","5.00","16","16","89.0","101","49","15","61","24","1.41","6.24","2.46","4.94","0.6","6562"
"Yovani Gallardo","","5","6","0","0","4.93","16","16","94.0","101","52","14","71","40","1.50","6.85","3.81","4.94","0.3","8173"
"Lucas Giolito","White Sox","5","7","0","0","4.92","17","17","98.0","97","54","14","86","48","1.48","7.86","4.39","4.94","0.6","15474"
"Chad Bettis","Rockies","2","3","0","1","5.22","6","29","58.0","66","34","9","41","20","1.50","6.35","3.18","4.94","0.2","10587"
"Danny Farquhar","Yankees","0","0","0","1","4.76","0","4","4.0","4","2","1","4","2","1.41","8.55","3.88","4.94","0.0","8501"
"Thyago Vieira","White Sox","0","0","0","1","4.96","0","8","8.0","7","4","1","7","4","1.52","8.43","4.97","4.94","0.0","14510"
"Jason Vargas","Mets","5","8","0","0","4.90","16","16","93.0","97","51","17","80","31","1.39","7.76","3.04","4.94","0.3","8044"
"Brandon Bielak","Astros","0","0","0","0","4.94","1","1","7.0","7","4","1","6","3","1.46","7.57","3.91","4.95","0.0","sa915815"
"Aaron Brooks","Athletics","1","2","0","0","5.06","5","5","27.0","31","15","5","20","9","1.46","6.44","2.82","4.96","0.1","12272"
"Josh Osich","White Sox","1","1","0","4","5.06","0","27","27.0","27","15","4","24","13","1.53","8.08","4.52","4.96","-0.1","11528"
"Chih-Wei Hu","Indians","1","1","0","1","4.86","1","16","22.0","23","12","4","18","7","1.35","7.44","2.92","4.97","0.0","16419"
"Thomas Pannone","Blue Jays","1","2","0","1","4.95","1","20","26.0","27","14","5","24","9","1.39","8.20","3.21","4.97","0.0","17281"
"Sam Hentges","Indians","0","0","0","1","4.71","0","4","4.0","4","2","1","4","2","1.48","8.31","4.63","4.97","0.0","sa828881"
"Ariel Jurado","Rangers","3","4","0","3","5.21","5","32","56.0","67","32","8","30","15","1.47","4.88","2.41","4.98","0.1","17030"
"Jorge Lopez","Royals","4","7","0","0","5.17","15","15","82.0","89","47","13","66","35","1.51","7.24","3.84","4.98","0.1","14527"
"Kyle Bird","Rangers","0","0","0","1","4.90","0","8","8.0","8","4","1","7","4","1.56","8.09","4.95","5.00","0.0","16618"
"Jordan Zimmermann","Tigers","3","5","0","0","5.14","11","11","65.0","73","37","12","47","17","1.40","6.58","2.38","5.00","0.4","4505"
"Trevor Oaks","Royals","1","1","0","0","5.08","2","2","14.0","16","8","2","8","5","1.47","5.53","3.03","5.01","0.0","16468"
"Branden Kline","Orioles","1","1","0","0","5.00","0","15","15.0","16","8","3","13","6","1.47","7.79","3.77","5.01","0.0","14101"
"Jesus Liranzo","Pirates","1","1","0","1","4.94","0","19","19.0","18","11","3","21","13","1.58","9.65","6.04","5.01","-0.1","sa658076"
"Jeremy Hellickson","Nationals","5","6","0","0","5.00","16","16","92.0","100","51","16","67","27","1.38","6.56","2.69","5.01","0.4","4371"
"Chris Stratton","Pirates","1","1","0","0","5.09","2","2","14.0","15","8","2","10","6","1.51","6.64","3.73","5.01","0.0","13761"
"Jose Ruiz","White Sox","1","1","0","6","4.97","0","30","30.0","30","17","5","30","17","1.55","8.85","5.16","5.02","-0.1","14552"
"Corey Oswalt","Mets","1","2","0","0","5.00","5","5","29.0","30","16","5","23","11","1.46","7.36","3.50","5.03","0.0","13677"
"Zack Littell","Twins","0","0","0","0","5.00","1","1","7.0","7","4","1","6","3","1.45","7.32","3.76","5.03","0.0","15823"
"Wei-Chieh Huang","Rangers","1","2","0","4","5.06","0","27","27.0","27","15","4","25","14","1.52","8.49","4.65","5.03","0.0","17508"
"Caleb Frare","White Sox","1","1","0","1","4.83","0","19","19.0","17","10","3","22","14","1.61","10.28","6.55","5.03","0.0","14353"
"Tyler Beede","Giants","4","8","0","0","5.03","16","16","92.0","93","51","13","85","54","1.60","8.29","5.30","5.03","-0.1","16981"
"Scott Blewett","Royals","0","0","0","1","4.93","0","7","7.0","8","4","1","5","3","1.43","6.44","3.34","5.04","0.0","sa828695"
"Elieser Hernandez","Marlins","2","3","0","0","4.92","6","6","34.0","34","18","6","30","15","1.43","7.86","3.92","5.04","0.1","16933"
"Matt Manning","Tigers","0","0","0","0","5.05","1","1","7.0","7","4","1","7","4","1.49","8.37","4.51","5.04","0.0","sa917924"
"Junichi Tazawa","Cubs","3","3","0","0","5.02","0","60","60.0","62","33","10","51","25","1.45","7.68","3.77","5.05","-0.5","4079"
"Justin Dunn","Mariners","1","1","0","0","5.02","2","2","14.0","13","8","2","12","7","1.49","8.17","4.42","5.05","0.0","sa738718"
"Jarlin Garcia","Marlins","1","1","0","1","4.90","0","15","15.0","16","8","2","11","6","1.45","6.62","3.52","5.05","-0.1","18282"
"Kohl Stewart","Twins","1","1","0","0","5.12","4","4","21.0","23","12","3","14","10","1.57","5.88","4.13","5.06","0.1","15502"
"Tyson Ross","Tigers","6","11","0","0","5.24","24","24","135.0","148","79","19","99","64","1.56","6.58","4.25","5.07","0.5","7872"
"Addison Reed","Twins","2","2","1","8","5.09","0","38","38.0","41","21","7","30","12","1.39","7.23","2.90","5.07","-0.1","10586"
"Chandler Shepherd","Red Sox","0","0","0","0","5.13","1","1","7.0","7","4","1","5","2","1.44","6.73","3.25","5.08","0.0","sa602595"
"Duane Underwood Jr.","Cubs","0","0","0","0","4.99","1","1","7.0","7","4","1","6","3","1.49","7.42","4.29","5.09","0.0","14677"
"Zac Reininger","Tigers","1","2","0","1","5.18","0","31","31.0","33","18","5","23","12","1.48","6.89","3.48","5.09","-0.1","15285"
"Cody Carroll","Orioles","0","0","0","0","4.96","0","8","8.0","7","4","1","8","4","1.53","9.04","5.23","5.10","0.0","17664"
"Manny Banuelos","White Sox","6","10","0","0","5.01","21","21","121.0","121","67","19","116","66","1.55","8.63","4.92","5.10","0.4","5365"
"Reynaldo Lopez","White Sox","5","8","0","0","4.98","21","21","121.0","122","67","21","107","52","1.43","7.92","3.84","5.10","0.7","16400"
"Allen Webster","Cubs","2","3","0","1","5.03","0","50","50.0","53","28","8","43","22","1.50","7.72","3.96","5.10","-0.1","3993"
"Allen Webster","Cubs","1","1","0","0","5.03","0","15","15.0","16","9","3","13","7","1.50","7.72","3.96","5.10","0.0","3993"
"Jefry Rodriguez","Indians","6","8","0","1","5.13","17","25","107.0","113","61","14","83","59","1.59","6.99","4.91","5.11","0.3","17018"
"Bo Takahashi","Diamondbacks","0","1","0","0","5.20","1","1","7.0","7","4","1","6","3","1.44","7.67","3.58","5.11","0.0","sa830370"
"Mike Shawaryn","Red Sox","0","0","0","0","5.14","1","1","7.0","7","4","1","5","3","1.42","7.11","3.31","5.11","0.0","sa738524"
"Bartolo Colon","","5","6","0","0","5.20","16","16","91.0","108","53","17","57","20","1.40","5.60","1.96","5.11","0.2","375"
"Shelby Miller","Rangers","5","9","0","0","5.38","19","19","108.0","118","65","18","88","49","1.55","7.34","4.05","5.11","0.5","10197"
"Mike Dunn","Rockies","1","2","0","7","5.25","0","34","34.0","34","20","5","32","19","1.58","8.47","5.14","5.12","-0.1","9948"
"Gabriel Ynoa","Orioles","0","1","0","0","5.29","1","1","7.0","8","4","1","5","2","1.45","5.85","2.56","5.12","0.0","12938"
"Triston McKenzie","Indians","1","1","0","0","5.00","2","2","14.0","14","8","3","13","6","1.41","8.05","3.73","5.12","0.0","sa874760"
"Patrick Murphy","Blue Jays","0","0","0","0","5.18","1","1","7.0","8","4","1","5","3","1.54","6.51","4.03","5.12","0.0","sa737629"
"Matt Wotherspoon","Orioles","0","0","0","0","5.15","0","2","2.0","2","1","0","2","1","1.47","8.54","4.10","5.13","0.0","16452"
"Keury Mella","Reds","1","1","0","0","5.02","4","4","21.0","21","12","3","17","9","1.48","7.47","4.09","5.14","0.0","15964"
"Dylan Covey","White Sox","2","4","0","1","5.25","6","14","43.0","47","25","6","31","21","1.57","6.54","4.29","5.14","0.1","14825"
"Cole Irvin","Phillies","0","0","0","0","5.00","1","1","7.0","8","4","1","5","2","1.41","6.56","2.84","5.15","0.0","19244"
"Ryan Burr","White Sox","1","2","0","8","5.06","0","34","34.0","34","19","5","31","21","1.61","8.21","5.54","5.15","-0.2","17536"
"Devin Smeltzer","Twins","1","1","0","0","5.05","4","4","21.0","23","12","4","15","6","1.39","6.60","2.75","5.15","0.1","sa829638"
"Adrian Sampson","Rangers","3","4","0","1","5.32","9","16","58.0","69","34","10","37","15","1.43","5.76","2.26","5.16","0.3","13339"
"Conner Greene","Royals","0","1","0","1","4.97","0","11","11.0","11","6","2","9","6","1.58","7.30","5.20","5.17","0.0","sa737829"
"Heath Fillmyer","Royals","2","4","0","1","5.22","6","25","54.0","59","31","8","36","22","1.51","6.01","3.67","5.17","0.0","17466"
"Anthony Kay","Mets","1","1","0","0","5.03","2","2","14.0","14","8","2","12","7","1.52","7.66","4.59","5.19","0.0","sa738470"
"Taylor Hearn","Rangers","3","4","0","0","5.21","10","10","58.0","58","33","9","54","31","1.56","8.46","4.90","5.20","0.2","18325"
"Jimmy Yacabonis","Orioles","2","2","1","8","5.24","0","41","41.0","44","24","6","32","20","1.54","6.96","4.32","5.20","-0.2","15157"
"Drew Anderson","Phillies","0","1","0","1","5.21","0","11","11.0","12","7","2","10","5","1.45","7.77","3.58","5.21","0.0","15130"
"John Means","Orioles","3","6","0","0","5.24","12","12","69.0","78","40","13","50","20","1.42","6.44","2.59","5.21","0.4","16269"
"Yohander Mendez","Rangers","2","3","0","1","5.05","5","20","44.0","45","25","7","36","20","1.48","7.35","4.14","5.23","0.1","14391"
"Miguel Gonzalez","","9","13","0","0","5.29","32","32","191.0","214","112","35","133","62","1.44","6.25","2.94","5.24","0.0","7024"
"C.D. Pelham","Rangers","0","0","0","1","4.96","0","8","8.0","7","4","1","7","5","1.65","8.28","6.16","5.24","0.0","19820"
"Darwinzon Hernandez","Red Sox","0","0","0","0","5.23","1","1","7.0","7","4","1","7","5","1.70","8.64","6.63","5.24","0.0","19848"
"Edinson Volquez","Rangers","2","4","0","0","5.44","9","9","49.0","55","30","7","36","26","1.63","6.60","4.68","5.25","0.2","3990"
"Andrew Cashner","Orioles","5","8","0","0","5.34","18","18","105.0","119","62","17","72","43","1.54","6.16","3.65","5.26","0.4","8782"
"Matt Koch","Diamondbacks","1","1","0","1","5.26","0","17","17.0","20","10","3","11","4","1.43","5.64","2.22","5.26","-0.1","13420"
"J.B. Bukauskas","Astros","1","1","0","0","5.18","2","2","14.0","14","8","2","12","8","1.58","7.82","5.14","5.26","0.0","sa829263"
"Brandon Finnegan","Reds","1","1","0","1","5.17","1","9","14.0","14","8","2","13","8","1.53","8.28","4.80","5.27","0.0","16208"
"Jen-Ho Tseng","","0","0","0","0","5.33","1","1","7.0","8","4","1","5","3","1.50","6.42","3.49","5.27","0.0","15524"
"Brady Rodgers","Astros","0","0","0","0","5.19","1","1","7.0","8","4","1","5","2","1.42","6.26","2.88","5.27","0.0","13393"
"Jake Jewell","Angels","1","2","0","1","5.07","0","26","26.0","28","15","4","20","13","1.56","6.96","4.42","5.27","-0.1","16958"
"Kyle Funkhouser","Tigers","0","1","0","0","5.33","1","1","7.0","7","4","1","6","4","1.60","7.54","5.04","5.30","0.0","sa827397"
"Luke Farrell","Rangers","3","4","0","1","5.25","7","30","66.0","65","39","12","63","34","1.50","8.57","4.65","5.32","0.1","15101"
"Adam Plutko","Indians","2","3","0","2","5.15","5","28","51.0","52","29","11","45","18","1.36","7.83","3.14","5.34","0.0","15846"
"Aaron Slegers","Rays","1","1","0","0","5.28","4","4","21.0","23","12","4","13","6","1.44","5.67","2.82","5.35","0.0","15231"
"Edwin Jackson","Blue Jays","5","6","0","0","5.32","16","16","91.0","95","54","17","76","42","1.51","7.52","4.17","5.36","0.1","1841"
"Edwin Jackson","Blue Jays","4","6","0","0","5.32","15","15","82.0","86","48","15","68","38","1.51","7.52","4.17","5.36","0.1","1841"
"Harrison Musgrave","Rockies","1","2","0","1","5.53","0","23","23.0","25","14","4","19","10","1.55","7.63","4.13","5.38","-0.1","16532"
"Kyle Dowdy","Rangers","1","2","0","1","5.73","0","23","23.0","26","14","4","18","10","1.62","7.12","4.15","5.39","-0.1","19285"
"Kyle Dowdy","Rangers","2","3","0","0","5.73","2","22","34.0","39","21","6","27","15","1.62","7.12","4.15","5.39","0.0","19285"
"James Shields","","5","8","0","0","5.40","19","19","115.0","125","69","22","94","47","1.49","7.31","3.65","5.40","0.0","7059"
"Elvis Luciano","Blue Jays","1","2","0","2","5.30","0","26","26.0","28","16","4","19","15","1.64","6.51","5.15","5.43","-0.2","20632"
"Yency Almonte","Rockies","1","1","0","0","5.64","2","2","14.0","16","9","2","11","7","1.61","6.98","4.41","5.44","0.0","15068"
"Pedro Araujo","Orioles","0","0","0","0","5.43","0","2","2.0","2","1","0","2","1","1.57","8.72","5.02","5.45","0.0","17697"
"Ryan Carpenter","Tigers","2","5","0","0","5.59","10","10","56.0","65","35","12","42","17","1.46","6.67","2.73","5.45","0.0","12699"
"Marco Estrada","Athletics","4","7","0","0","5.40","16","16","90.0","95","54","17","64","34","1.43","6.40","3.43","5.47","0.1","1118"
"Stephen Gonsalves","Twins","1","1","0","0","5.26","4","4","21.0","21","12","4","19","12","1.56","7.82","5.16","5.53","0.0","15492"
"Dillon Tate","Orioles","1","1","0","0","5.53","2","2","14.0","16","9","2","9","6","1.56","5.60","3.72","5.54","0.0","sa874239"
"Gregory Soto","Tigers","1","2","0","0","5.56","5","5","28.0","30","17","3","21","20","1.78","6.64","6.51","5.54","0.0","19677"
"Chris Ellis","Cardinals","1","3","0","0","5.58","6","6","35.0","38","22","6","26","17","1.58","6.84","4.30","5.57","-0.1","16125"
"Yefry Ramirez","Orioles","1","1","0","0","5.59","2","2","14.0","15","9","3","13","7","1.53","8.07","4.34","5.58","0.0","15655"
"Sandy Baez","Tigers","0","0","0","1","5.56","0","4","4.0","4","2","1","3","2","1.54","6.96","4.18","5.58","0.0","17754"
"Jesus Tinoco","Rockies","1","1","0","0","5.76","2","2","14.0","16","9","3","10","6","1.56","6.65","3.84","5.59","0.0","sa657723"
"Chance Adams","Yankees","2","3","0","0","5.45","7","7","42.0","42","25","8","39","23","1.55","8.33","4.94","5.59","0.0","18135"
"Jake Woodford","Cardinals","0","0","0","0","5.55","1","1","7.0","7","4","1","5","3","1.59","6.36","4.55","5.60","0.0","sa874753"
"Jordan Stephens","White Sox","2","4","0","1","5.54","7","15","50.0","54","31","10","40","23","1.52","7.06","4.03","5.60","-0.1","sa875031"
"Ricardo Sanchez","Mariners","0","0","0","0","5.44","1","1","7.0","7","4","1","5","3","1.59","6.04","4.46","5.61","0.0","sa830302"
"Josh Rogers","Orioles","1","2","0","0","5.68","5","5","28.0","33","18","5","17","9","1.52","5.41","2.82","5.61","0.0","18510"
"Domingo Acevedo","Yankees","0","0","0","0","5.50","1","1","7.0","7","4","1","5","3","1.46","7.12","3.43","5.62","0.0","sa739716"
"Hunter Harvey","Orioles","0","1","0","0","5.66","1","1","7.0","8","4","1","5","3","1.51","6.97","3.64","5.63","0.0","sa737510"
"Alex Faedo","Tigers","0","1","0","0","5.67","1","1","7.0","8","4","2","5","2","1.44","6.86","3.17","5.67","0.0","sa829855"
"Marcos Diplan","Brewers","1","1","0","0","5.61","2","2","14.0","14","9","2","12","9","1.69","7.77","5.91","5.68","-0.1","sa828590"
"Ryan Castellani","Rockies","1","1","0","0","5.84","2","2","14.0","15","9","2","11","7","1.63","6.90","4.72","5.68","0.0","sa828689"
"Julian Fernandez","Marlins","0","0","0","1","5.45","0","8","8.0","8","5","1","6","6","1.78","6.76","6.77","5.72","0.0","sa737347"
"Beau Burrows","Tigers","1","1","0","0","5.75","2","2","14.0","15","9","3","11","7","1.54","7.10","4.30","5.77","0.0","sa874682"
"Jose Fernandez","Tigers","1","1","0","1","5.69","0","15","15.0","16","10","3","12","10","1.69","7.29","5.80","5.79","-0.1","14733"
"Keegan Akin","Orioles","0","1","0","0","5.64","1","1","7.0","7","4","1","6","4","1.56","7.65","4.77","5.83","0.0","sa873980"
"Kodi Medeiros","White Sox","1","2","0","0","5.65","4","4","21.0","22","13","3","16","13","1.68","6.87","5.67","5.90","-0.1","sa828664"
"Carson Fulmer","White Sox","5","11","0","2","5.85","15","38","108.0","115","70","18","90","72","1.73","7.45","5.98","5.92","-0.5","18311"
"David Hess","Orioles","4","8","0","0","5.96","16","16","92.0","104","61","21","70","38","1.54","6.81","3.68","5.95","-0.1","16130"
"Drew Hutchison","Yankees","1","1","0","0","5.94","2","2","14.0","15","9","3","10","6","1.58","6.89","4.30","5.95","0.0","10732"
"Luis Ortiz","Orioles","0","1","0","0","6.19","2","2","14.0","16","9","3","9","6","1.61","5.66","3.96","6.20","-0.1","16942"
"Dan Straily","Orioles","3","7","0","0","6.13","15","15","85.0","96","58","21","66","35","1.55","6.98","3.73","6.20","-0.4","9460"
"Albert Abreu","Yankees","0","1","0","0","6.13","1","1","7.0","8","5","1","5","4","1.70","6.71","5.40","6.21","0.0","sa828366"
"Matt Davidson","Rangers","0","0","0","0","7.72","0","4","4.0","5","3","2","3","2","1.71","7.72","3.86","8.30","0.0","7226"
