"Name","Team","G","PA","AB","H","2B","3B","HR","R","RBI","BB","SO","HBP","SB","CS","AVG","OBP","SLG","OPS","wOBA","Fld","BsR","WAR","playerid"
"Mike Trout","Angels","120","506","393","116","22","2","30","89","78","100","100","8","17","4",".295",".445",".597","1.041",".431","1.6","2.7","7.3","10155"
"Christian Yelich","Brewers","115","482","415","126","25","3","24","77","73","59","98","4","13","3",".303",".393",".549",".942",".397","1.9","2.3","4.5","11477"
"J.D. Martinez","Red Sox","116","486","428","127","26","1","28","74","85","51","114","3","3","1",".297",".373",".561",".934",".391","-0.1","-1.3","3.1","6184"
"Cody Bellinger","Dodgers","116","488","423","120","22","4","28","74","82","59","107","3","11","3",".284",".372",".554",".926",".387","3.8","1.4","4.6","15998"
"Bryce Harper","Phillies","120","505","405","103","22","1","29","78","79","93","128","4","8","3",".254",".395",".523",".918",".387","-0.7","0.5","3.9","11579"
"Giancarlo Stanton","Yankees","82","343","296","78","14","0","25","54","63","40","102","4","2","1",".262",".355",".570",".925",".387","0.4","-0.1","2.3","4949"
"Juan Soto","Nationals","114","480","404","114","22","2","23","71","75","70","100","1","6","3",".283",".389",".521",".909",".386","-5.3","0.2","3.0","20123"
"Mookie Betts","Red Sox","117","491","423","125","30","2","21","83","67","60","68","4","17","4",".296",".385",".523",".908",".385","11.0","3.3","5.2","13611"
"Freddie Freeman","Braves","120","502","430","127","29","2","21","72","72","62","99","6","5","2",".294",".388",".522",".910",".385","3.5","0.1","3.7","5361"
"Nolan Arenado","Rockies","115","485","432","126","28","3","27","74","85","46","80","2","2","2",".291",".360",".560",".920",".384","4.8","-0.3","3.9","9777"
"Aaron Judge","Yankees","78","327","271","70","11","1","20","51","50","50","103","3","4","2",".257",".376",".521",".897",".381","3.6","0.2","2.8","15640"
"Anthony Rizzo","Cubs","122","514","432","119","25","2","24","72","80","62","72","16","6","3",".277",".385",".511",".896",".381","3.0","-1.0","3.5","3473"
"Kris Bryant","Cubs","119","498","418","114","26","3","22","76","66","63","108","13","4","3",".272",".381",".507",".888",".380","0.3","1.4","4.4","15429"
"Alex Bregman","Astros","111","465","398","110","26","2","20","68","68","57","66","6","7","3",".277",".372",".506",".878",".376","0.2","0.4","4.3","17678"
"Joey Gallo","Rangers","120","504","417","93","17","2","37","78","82","77","183","5","6","2",".222",".348",".539",".887",".373","-1.1","1.5","3.2","14128"
"Rhys Hoskins","Phillies","119","500","423","107","23","1","28","72","84","67","120","7","3","2",".252",".361",".511",".871",".372","0.2","0.2","2.9","16472"
"Charlie Blackmon","Rockies","117","493","440","129","23","6","21","79","58","40","91","7","9","4",".293",".359",".515",".874",".371","-1.3","0.5","2.2","7859"
"Anthony Rendon","Nationals","113","474","414","118","31","1","18","66","69","50","76","6","4","1",".286",".370",".497",".867",".370","4.0","0.9","4.1","12861"
"Josh Donaldson","Braves","103","434","365","95","21","1","20","63","58","62","100","4","3","1",".260",".370",".491",".861",".370","0.4","0.0","3.3","5038"
"Joey Votto","Reds","112","471","381","103","20","2","15","62","53","80","85","6","3","1",".271",".402",".447",".849",".368","0.9","-2.1","2.3","4314"
"Nelson Cruz","Twins","114","478","419","114","20","1","27","64","83","46","108","10","1","0",".271",".354",".513",".867",".368","0.0","-1.8","2.1","2434"
"Paul Goldschmidt","Cardinals","118","497","420","114","21","2","22","71","66","69","122","5","7","3",".272",".378",".484",".862",".367","2.5","0.9","3.1","9218"
"Jose Ramirez","Indians","115","484","418","116","29","2","19","70","65","57","59","4","20","6",".277",".367",".496",".863",".367","2.5","3.0","4.1","13510"
"Justin Turner","Dodgers","113","473","409","118","25","1","16","62","62","47","69","12","3","1",".289",".376",".472",".849",".367","1.4","-0.3","3.9","5235"
"George Springer","Astros","112","471","407","110","20","1","22","75","62","52","100","6","7","4",".269",".358",".486",".844",".363","-1.1","0.3","3.1","12856"
"Joc Pederson","Dodgers","71","297","252","61","13","2","17","43","42","36","67","5","2","2",".242",".346",".509",".855",".363","-0.8","0.1","1.8","11899"
"Francisco Lindor","Indians","111","468","415","118","24","2","21","71","60","42","68","4","14","5",".284",".353",".501",".854",".363","7.1","0.8","4.4","12916"
"Daniel Murphy","Rockies","85","358","326","98","23","1","13","48","54","27","43","2","2","1",".301",".356",".498",".853",".361","-0.8","-0.3","0.9","4316"
"Ronald Acuna Jr.","Braves","115","481","428","118","21","3","22","67","65","44","120","5","15","7",".277",".349",".498",".846",".361","1.9","0.7","2.9","18401"
"Trevor Story","Rockies","117","490","441","118","27","3","26","70","77","40","136","5","17","5",".268",".333",".519",".852",".360","0.7","1.5","3.1","12564"
"Shohei Ohtani","Angels","98","411","363","96","19","1","21","59","66","43","118","3","9","3",".266",".345",".500",".845",".359","0.0","0.5","2.0","19755"
"Michael Conforto","Mets","109","457","385","97","21","1","22","60","63","61","113","6","4","2",".250",".360",".476",".836",".358","1.5","0.4","2.9","16376"
"Jose Altuve","Astros","115","481","428","127","24","2","15","68","58","42","63","5","13","5",".297",".365",".466",".832",".357","-1.7","0.4","3.5","5417"
"Carlos Correa","Astros","108","455","397","106","23","1","19","62","71","51","105","3","4","1",".267",".353",".479",".832",".356","-1.8","0.6","3.6","14162"
"Gary Sanchez","Yankees","82","345","306","76","14","0","23","49","60","32","88","5","2","1",".247",".325",".514",".839",".356","-2.8","-0.2","2.4","11442"
"Eugenio Suarez","Reds","112","471","410","106","20","1","23","62","71","50","114","6","3","2",".258",".346",".486",".831",".355","0.0","-1.0","2.8","12552"
"Andrew McCutchen","Phillies","108","452","382","97","19","2","18","63","54","61","102","5","7","4",".255",".362",".456",".818",".355","-1.1","-0.6","2.1","9847"
"Manny Machado","Padres","118","497","443","121","23","1","24","65","70","47","85","3","7","2",".274",".345",".495",".840",".354","4.4","-0.1","3.9","11493"
"Vladimir Guerrero Jr.","Blue Jays","110","464","415","119","24","1","17","59","62","40","66","4","4","3",".287",".354",".474",".828",".354","-0.3","-0.3","2.9","19611"
"Josh Bell","Pirates","116","486","423","115","24","4","17","61","67","58","91","2","3","3",".272",".359",".468",".827",".354","-5.1","-1.6","1.5","13145"
"Andrew Benintendi","Red Sox","107","450","392","110","25","3","13","65","56","48","78","4","12","4",".280",".362",".459",".820",".353","1.8","1.2","2.4","17901"
"Khris Davis","Athletics","116","487","430","104","19","1","31","67","84","48","138","6","1","1",".243",".326",".509",".835",".353","0.0","-1.2","1.8","9112"
"Javier Baez","Cubs","122","514","478","133","27","4","27","71","83","27","138","4","13","5",".278",".321",".520",".841",".352","-0.4","1.3","3.7","12979"
"Matt Carpenter","Cardinals","118","497","411","100","25","2","19","72","54","76","116","5","4","2",".243",".364",".451",".816",".351","-3.9","-0.2","2.7","8090"
"Yasmani Grandal","Brewers","85","356","301","73","13","1","17","44","49","49","89","2","2","1",".242",".350",".460",".810",".350","0.7","-1.5","3.5","11368"
"Carlos Santana","Indians","101","425","355","89","19","1","16","55","57","64","66","2","2","1",".251",".367",".443",".810",".350","0.6","-0.2","1.6","2396"
"Matt Chapman","Athletics","116","487","429","107","26","3","23","67","66","49","122","5","2","2",".250",".332",".488",".820",".350","7.9","0.6","4.1","16505"
"Xander Bogaerts","Red Sox","117","491","436","122","28","2","16","68","68","47","90","4","6","2",".279",".353",".460",".813",".350","-0.6","1.3","3.3","12161"
"Eloy Jimenez","White Sox","113","473","435","122","22","2","21","56","62","31","99","3","1","1",".281",".331",".491",".823",".349","-4.6","-0.3","1.8","17484"
"David Peralta","Diamondbacks","106","444","403","114","23","4","16","55","57","33","92","4","3","1",".283",".342",".476",".818",".349","0.9","0.2","2.0","2136"
"Jose Abreu","White Sox","115","484","439","121","26","1","21","60","73","32","99","9","3","1",".275",".335",".487",".822",".348","-1.4","-1.0","1.7","15676"
"Marcell Ozuna","Cardinals","113","476","432","119","21","2","21","61","75","38","94","3","3","1",".276",".336",".480",".816",".348","1.2","0.1","2.4","10324"
"Luke Voit","Yankees","110","464","405","104","17","1","22","63","68","48","112","7","1","1",".257",".343",".465",".808",".348","-1.1","0.1","1.6","14811"
"Peter Alonso","Mets","111","468","410","101","20","1","25","62","66","45","123","8","1","1",".246",".330",".483",".813",".348","1.7","-0.2","2.2","19251"
"Mike Moustakas","Brewers","107","451","410","107","22","1","25","57","72","34","78","4","2","1",".261",".321",".501",".822",".348","-1.6","-1.1","2.3","4892"
"Tommy Pham","Rays","108","452","385","100","14","3","16","63","52","57","114","5","13","5",".259",".360",".439",".799",".347","2.6","1.2","2.7","2967"
"Edwin Encarnacion","Mariners","100","422","358","84","13","1","23","56","65","55","95","5","1","1",".236",".343",".464",".807",".347","-0.5","-1.7","1.6","2151"
"Michael Brantley","Astros","87","366","331","95","20","1","12","48","49","29","41","2","7","2",".288",".348",".458",".807",".347","-0.2","0.6","1.8","4106"
"Nicholas Castellanos","Tigers","110","461","420","115","27","5","17","56","60","33","106","4","2","1",".274",".331",".483",".814",".346","-6.8","-0.5","1.4","11737"
"Jesse Winker","Reds","111","466","403","109","21","0","15","58","53","55","78","3","2","2",".270",".361",".439",".800",".346","-2.6","-0.8","1.7","13590"
"Daniel Vogelbach","Mariners","83","350","295","72","13","0","14","44","45","50","78","2","1","0",".245",".356",".439",".795",".346","-0.1","-0.4","1.3","14130"
"Yasiel Puig","Reds","106","444","396","103","19","1","21","56","65","42","94","3","13","6",".260",".333",".478",".811",".346","2.4","-0.2","2.0","14225"
"Rafael Devers","Red Sox","106","444","402","112","25","1","17","59","63","37","94","1","7","3",".278",".339",".475",".814",".346","-4.2","0.4","2.1","17350"
"Kyle Schwarber","Cubs","106","445","373","88","14","1","23","59","61","64","128","3","3","2",".237",".350",".467",".817",".345","2.0","0.1","2.1","16478"
"Shin-Soo Choo","Rangers","90","380","323","83","16","1","12","52","38","48","89","6","4","2",".258",".362",".426",".788",".345","-0.1","-0.2","0.9","3174"
"Max Muncy","Dodgers","103","433","367","88","15","2","20","56","60","59","117","3","3","1",".240",".348",".455",".803",".345","0.0","0.5","1.9","13301"
"Jose Martinez","Cardinals","91","384","345","100","19","1","11","46","51","33","69","2","2","1",".291",".353",".443",".797",".345","-2.4","-0.3","1.5","7996"
"J.T. Realmuto","Phillies","97","408","370","100","22","2","17","54","59","28","84","6","3","2",".272",".331",".475",".807",".344","3.1","0.6","3.4","11739"
"Eric Thames","Brewers","80","337","287","67","14","2","17","46","46","42","108","5","5","2",".232",".336",".469",".806",".344","-1.7","0.1","1.1","3711"
"Brandon Belt","Giants","105","443","375","93","22","3","15","53","51","59","109","4","3","1",".247",".354",".441",".795",".344","4.3","0.0","2.1","10264"
"Miguel Cabrera","Tigers","115","482","422","117","22","1","15","53","60","54","102","3","0","1",".277",".360",".440",".800",".344","-0.2","-2.7","1.4","1744"
"David Dahl","Rockies","100","422","388","106","22","4","18","54","61","28","115","2","8","4",".272",".323",".488",".810",".343","0.8","0.4","1.2","13744"
"C.J. Cron","Twins","84","351","318","82","17","1","18","43","54","23","80","7","1","1",".259",".320",".484",".804",".343","1.1","-0.7","1.2","12546"
"Willson Contreras","Cubs","87","367","319","83","17","2","13","43","48","39","85","7","3","2",".259",".349",".444",".793",".343","0.4","-1.3","1.7","11609"
"Trea Turner","Nationals","98","411","370","104","19","4","12","59","45","34","78","2","27","6",".281",".344",".451",".795",".342","1.4","3.6","2.9","16252"
"Matt Olson","Athletics","99","415","360","85","19","1","21","54","58","47","110","4","1","1",".237",".331",".467",".798",".342","4.4","-0.5","2.0","14344"
"Adam Eaton","Nationals","108","453","398","113","20","4","8","60","40","41","82","8","10","3",".285",".362",".418",".779",".341","2.9","1.5","2.1","11205"
"Corey Seager","Dodgers","111","468","413","112","26","2","14","62","59","46","94","4","2","1",".271",".347",".446",".793",".341","2.9","1.0","3.5","13624"
"Ryan Braun","Brewers","99","415","375","99","20","1","19","54","61","34","84","3","9","3",".263",".327",".474",".801",".340","-2.3","-0.4","1.2","3410"
"Wilmer Flores","Diamondbacks","73","305","281","79","18","1","11","35","43","18","36","3","1","0",".282",".330",".465",".795",".340","-2.5","-0.8","1.1","5827"
"Justin Smoak","Blue Jays","117","490","419","98","22","1","22","60","66","65","124","3","0","1",".235",".340",".446",".786",".340","0.8","-1.8","1.5","9054"
"Franmil Reyes","Padres","96","403","362","92","15","1","21","51","57","35","107","2","1","1",".255",".320",".479",".799",".340","-2.1","-0.2","1.4","14566"
"Brendan Rodgers","Rockies","5","21","19","5","1","0","1","2","3","1","4","0","0","0",".283",".331",".460",".791",".339","0.0","0.0","0.1","sa874238"
"Yordan Alvarez","Astros","5","21","19","5","1","0","1","3","3","2","6","0","0","0",".257",".328",".467",".795",".339","0.0","0.0","0.1","sa943524"
"Aaron Hicks","Yankees","75","316","269","65","12","1","12","42","38","42","64","2","5","2",".243",".346",".429",".776",".338","-0.1","1.0","1.8","5297"
"Paul DeJong","Cardinals","116","486","439","114","26","2","20","63","66","37","118","7","3","1",".261",".326",".463",".789",".338","2.1","0.3","3.2","18015"
"Gregory Polanco","Pirates","109","456","405","105","24","3","16","58","60","45","93","3","10","4",".260",".335",".457",".792",".338","0.3","0.7","1.9","12907"
"Asdrubal Cabrera","Rangers","111","466","420","113","25","1","17","57","61","38","89","4","1","1",".269",".332",".454",".786",".338","-2.9","-1.1","1.7","4962"
"Gleyber Torres","Yankees","108","453","407","108","20","2","19","54","64","38","105","4","7","3",".264",".331",".458",".789",".338","-3.6","-0.2","2.1","16997"
"Mitch Haniger","Mariners","116","488","429","108","24","2","18","65","60","47","117","8","7","3",".252",".335",".448",".783",".337","2.0","0.0","2.5","14274"
"Derek Dietrich","Reds","81","341","300","75","15","2","14","41","43","25","83","14","1","1",".249",".333",".451",".783",".337","-2.6","-0.1","1.1","10542"
"Justin Upton","Angels","73","306","267","64","13","1","15","39","43","33","93","3","4","2",".240",".329",".455",".783",".337","-1.0","0.5","1.2","5222"
"Jeff McNeil","Mets","114","478","432","124","23","5","10","58","48","31","60","10","7","3",".286",".346",".434",".780",".336","-2.0","0.8","2.0","15362"
"Austin Meadows","Rays","101","425","387","104","22","3","17","54","55","30","84","3","12","4",".268",".323",".468",".791",".336","-2.2","1.2","1.7","15672"
"Miguel Sano","Twins","106","446","388","91","18","1","22","58","64","51","156","3","1","0",".234",".325",".457",".782",".336","-1.6","-1.2","1.8","12164"
"Stephen Piscotty","Athletics","114","477","423","109","26","2","17","57","61","43","100","7","3","2",".257",".333",".443",".776",".336","1.7","-0.8","2.0","13367"
"Max Kepler","Twins","110","462","406","101","24","3","17","60","56","48","81","3","5","3",".250",".331",".449",".780",".335","3.7","0.4","2.1","12144"
"Ketel Marte","Diamondbacks","117","491","442","121","24","7","12","60","54","42","73","3","7","2",".274",".338",".442",".780",".335","1.1","0.5","2.5","13613"
"Jorge Polanco","Twins","114","478","432","119","24","6","12","59","56","38","78","3","8","5",".276",".336",".442",".778",".335","-3.9","0.1","2.3","13152"
"Jesus Aguilar","Brewers","72","301","265","65","12","0","14","37","47","30","77","3","0","0",".244",".324",".456",".780",".335","1.1","-0.5","0.8","11342"
"Jorge Soler","Royals","97","408","357","87","19","0","17","47","50","43","123","4","3","1",".244",".330",".444",".774",".335","-4.4","-0.2","0.9","14221"
"Yoenis Cespedes","Mets","23","95","85","21","4","0","5","12","13","8","23","1","1","0",".251",".318",".473",".790",".335","-0.1","0.1","0.4","13110"
"Buster Posey","Giants","80","335","296","83","18","1","7","37","37","33","43","3","2","1",".281",".357",".415",".772",".334","4.6","-0.9","3.1","9166"
"Eddie Rosario","Twins","116","489","457","124","24","2","22","67","71","26","92","1","6","3",".272",".310",".481",".791",".334","4.6","1.5","2.3","12155"
"Michael Chavis","Red Sox","83","350","315","79","17","1","16","45","50","28","95","5","4","2",".250",".317",".461",".778",".334","0.0","0.1","1.6","17321"
"Nick Senzel","Reds","111","465","416","110","24","4","15","59","53","41","114","3","12","5",".263",".331",".445",".776",".334","1.6","0.6","2.2","19293"
"Corey Dickerson","Pirates","84","352","328","90","21","3","12","42","42","19","67","2","3","2",".276",".317",".471",".788",".333","1.9","-0.4","1.4","10762"
"Ryan Zimmerman","Nationals","50","212","190","48","10","0","9","25","32","18","45","2","1","0",".254",".322",".456",".777",".333","-0.7","-0.1","0.4","4220"
"Randal Grichuk","Blue Jays","110","464","425","103","27","2","25","60","67","31","137","5","3","1",".242",".298",".489",".787",".333","0.3","0.5","2.3","10243"
"Trey Mancini","Orioles","113","474","433","115","22","2","19","57","57","33","115","4","1","1",".264",".320",".458",".778",".333","-5.1","0.0","1.0","15149"
"Nomar Mazara","Rangers","119","498","450","117","21","2","20","59","72","39","102","6","1","1",".260",".324",".451",".775",".332","-0.4","-0.7","1.1","14553"
"Eduardo Escobar","Diamondbacks","103","434","392","102","25","3","15","51","56","34","88","4","2","2",".261",".323",".455",".779",".332","1.1","-0.2","2.0","6153"
"Mitch Moreland","Red Sox","82","345","306","74","17","1","15","43","51","33","80","3","1","0",".243",".321",".454",".775",".332","1.7","-0.7","0.8","3086"
"Ozzie Albies","Braves","116","486","447","121","24","5","16","68","55","30","82","4","12","4",".271",".320",".453",".773",".331","5.6","1.9","2.9","16556"
"Domingo Santana","Mariners","105","442","385","93","18","1","17","52","55","50","147","3","6","2",".242",".332",".433",".765",".331","-5.6","0.4","1.2","10348"
"Lorenzo Cain","Brewers","111","467","415","115","21","2","10","63","41","42","78","5","15","4",".278",".349",".409",".758",".331","6.2","1.7","2.8","9077"
"Howie Kendrick","Nationals","53","221","201","57","11","1","6","26","26","15","41","3","3","1",".283",".339",".428",".767",".331","-1.1","-0.2","0.7","4229"
"Jake Lamb","Diamondbacks","60","252","217","52","11","2","9","31","34","31","68","2","2","1",".238",".337",".433",".770",".331","1.0","0.3","0.8","13329"
"Tyler O'Neill","Cardinals","24","102","92","22","4","0","5","14","16","8","32","1","1","0",".244",".305",".471",".776",".331","0.0","0.3","0.4","15711"
"Austin Riley","Braves","4","16","14","4","1","0","1","2","2","1","4","0","0","0",".256",".315",".460",".774",".331","0.0","0.0","0.1","sa874756"
"Raimel Tapia","Rockies","69","288","268","77","15","5","6","34","33","15","59","2","8","3",".286",".326",".446",".772",".330","0.2","0.6","0.5","14350"
"Willians Astudillo","Twins","35","149","141","41","8","0","5","17","19","4","8","2","2","1",".288",".316",".457",".773",".330","0.4","-0.2","0.6","15608"
"Nick Markakis","Braves","118","494","435","121","26","1","9","55","58","52","68","3","1","1",".278",".355",".407",".762",".330","-2.3","-1.2","1.0","5930"
"Matt Adams","Nationals","73","307","280","70","15","0","15","36","51","22","78","2","0","0",".251",".308",".471",".779",".330","1.6","-0.2","0.8","9393"
"Jonathan Schoop","Twins","92","388","361","95","21","1","17","49","57","17","87","6","1","1",".264",".306",".468",".775",".330","-0.8","-0.5","1.6","11265"
"Alex Verdugo","Dodgers","60","253","231","65","12","1","6","29","29","19","34","1","3","1",".280",".336",".428",".764",".330","-0.3","0.3","0.9","17027"
"Tyler White","Astros","69","288","252","63","12","1","10","34","37","30","65","3","1","1",".250",".333",".424",".758",".329","-0.1","-0.1","0.7","15564"
"Chris Iannetta","Rockies","63","265","225","53","12","0","9","28","31","34","71","4","0","0",".235",".342",".415",".757",".329","-1.8","-0.9","0.8","8267"
"Travis Shaw","Brewers","112","472","412","98","21","1","20","56","64","52","110","4","3","1",".238",".327",".440",".768",".329","-0.2","-0.3","1.9","11982"
"Ryan McMahon","Rockies","106","444","401","106","22","3","14","52","55","37","119","3","5","2",".265",".328",".436",".765",".329","1.5","0.6","1.2","15112"
"Evan Gattis","","83","350","316","77","15","0","18","42","51","26","78","4","1","1",".243",".306",".466",".772",".329","0.0","-1.4","0.4","11003"
"Eric Hosmer","Padres","118","497","445","118","22","1","17","60","62","47","100","1","4","2",".265",".334",".431",".765",".329","-0.4","-0.8","1.1","3516"
"Enrique Hernandez","Dodgers","102","428","375","91","19","2","17","55","52","46","92","2","2","0",".242",".326",".441",".768",".329","-0.2","1.0","2.0","10472"
"Mark Reynolds","Rockies","27","113","99","23","4","0","5","13","16","12","34","1","1","0",".236",".324",".436",".760",".329","-0.1","-0.3","0.0","7619"
"Clint Frazier","Yankees","74","311","279","69","14","2","13","39","41","27","84","2","4","1",".247",".316",".449",".765",".328","-1.0","0.1","0.8","15983"
"Christian Walker","Diamondbacks","76","320","290","72","17","2","13","39","42","25","92","3","2","1",".249",".313",".455",".768",".328","0.2","0.2","0.7","13419"
"Robinson Cano","Mets","106","446","406","110","23","1","14","51","55","33","68","4","0","1",".270",".329",".435",".764",".328","-1.7","-1.2","1.9","3269"
"Brian Dozier","Nationals","97","406","356","85","18","2","16","52","49","42","88","4","7","3",".239",".325",".434",".760",".328","-1.2","0.8","1.6","9810"
"Brandon Nimmo","Mets","99","415","344","80","17","3","10","51","37","58","113","9","5","3",".231",".353",".386",".740",".328","-4.1","0.4","1.5","12927"
"Yandy Diaz","Rays","113","473","407","108","18","2","8","56","43","59","92","2","3","2",".266",".359",".382",".741",".328","0.4","-0.5","2.0","16578"
"Christin Stewart","Tigers","93","391","344","82","16","2","16","47","52","39","97","4","1","0",".237",".320",".440",".761",".327","-2.6","-0.1","0.8","17714"
"Ji-Man Choi","Rays","80","335","289","70","16","1","11","38","39","40","85","3","3","2",".242",".337",".414",".751",".327","-0.2","-0.4","0.8","5452"
"Wil Myers","Padres","105","439","390","94","20","2","18","55","55","43","127","3","14","4",".241",".319",".442",".760",".327","1.7","1.5","1.7","10047"
"Dexter Fowler","Cardinals","107","450","383","94","19","3","11","55","46","56","103","6","8","3",".244",".348",".392",".741",".327","-2.4","0.7","1.6","4062"
"Marwin Gonzalez","Twins","92","388","346","90","18","1","12","44","47","33","86","3","4","2",".261",".330",".426",".756",".327","0.7","-0.5","1.3","5497"
"Whit Merrifield","Royals","112","471","429","119","24","5","10","60","43","33","76","4","22","7",".278",".332",".426",".758",".327","2.4","2.3","2.5","11281"
"Josh Reddick","Astros","91","382","344","93","15","1","11","47","45","34","58","1","5","2",".270",".334",".421",".756",".327","0.9","0.4","1.5","3892"
"Maikel Franco","Phillies","113","473","430","111","22","1","21","55","72","36","68","2","1","0",".258",".317",".462",".779",".326","-3.6","-0.8","1.5","12179"
"Hunter Renfroe","Padres","64","269","249","61","13","1","14","32","40","16","71","2","2","1",".245",".293",".480",".773",".326","0.9","0.0","0.9","15464"
"Willie Calhoun","Rangers","19","80","73","19","4","0","3","10","10","6","12","1","0","0",".263",".323",".437",".760",".326","-0.2","0.0","0.1","17838"
"Brandon Lowe","Rays","109","457","407","100","22","2","17","56","56","42","124","3","6","3",".247",".320",".435",".755",".326","0.1","0.4","1.7","18882"
"Jean Segura","Phillies","108","452","418","120","22","3","10","60","44","24","59","5","13","5",".287",".331",".423",".755",".326","-4.1","0.6","1.8","5933"
"Starling Marte","Pirates","112","470","432","118","23","3","13","61","53","23","88","10","24","9",".274",".323",".434",".757",".326","2.0","1.7","2.4","9241"
"Miguel Andujar","Yankees","92","385","360","96","22","1","15","46","53","19","64","3","2","1",".268",".307",".457",".764",".326","-7.0","0.1","0.8","15878"
"Justin Bour","Angels","69","290","252","58","10","1","13","33","42","35","74","1","1","0",".232",".326",".431",".757",".325","-0.3","-1.0","0.6","9744"
"Jason Heyward","Cubs","102","429","378","99","17","3","10","51","48","43","61","3","5","2",".263",".340",".407",".747",".325","5.4","1.0","1.9","4940"
"Logan Morrison","Yankees","13","53","46","10","2","0","3","7","7","6","13","1","0","0",".222",".317",".437",".754",".325","-0.1","0.0","0.1","9205"
"Matt Joyce","Braves","26","109","93","22","5","0","4","13","12","14","25","1","1","0",".232",".334",".411",".744",".324","-0.2","-0.1","0.3","3353"
"Didi Gregorius","Yankees","50","211","193","50","9","1","8","26","28","14","29","2","3","1",".261",".315",".443",".758",".324","0.5","0.7","1.2","6012"
"Nathaniel Lowe","Rays","14","58","52","13","3","0","2","7","7","5","13","0","0","0",".258",".329",".421",".750",".324","0.0","0.0","0.1","19566"
"Mitch Garver","Twins","53","224","199","50","11","1","7","27","27","22","54","1","1","0",".249",".326",".422",".748",".324","-0.8","-0.2","0.9","15161"
"Ian Happ","Cubs","58","243","208","48","10","1","9","29","30","30","75","2","4","2",".230",".330",".420",".750",".324","-0.7","0.0","0.8","17919"
"Cesar Hernandez","Phillies","115","484","417","110","17","4","8","58","40","57","94","3","12","5",".263",".354",".379",".733",".324","-1.9","0.6","1.8","10556"
"Cavan Biggio","Blue Jays","13","53","45","11","2","0","2","6","6","6","14","0","1","0",".233",".331",".412",".743",".324","0.0","0.1","0.1","sa738582"
"Yuli Gurriel","Astros","106","444","414","115","28","2","11","52","57","21","56","5","3","2",".277",".318",".435",".753",".323","-2.6","-0.9","0.9","19198"
"Mark Trumbo","Orioles","48","200","182","44","8","0","10","23","28","15","52","1","0","0",".243",".302",".452",".754",".323","0.0","-0.5","0.2","6876"
"Victor Caratini","Cubs","29","123","109","29","7","0","3","14","14","10","26","1","0","0",".265",".334",".407",".742",".323","-0.8","0.0","0.5","14968"
"Yonder Alonso","White Sox","106","446","390","92","16","0","19","52","56","51","100","2","1","0",".235",".324",".422",".746",".323","-0.4","-0.7","0.7","2530"
"Lucas Duda","Royals","117","491","427","96","22","1","22","54","68","52","137","7","1","0",".226",".318",".434",".752",".322","0.0","-0.9","0.5","2502"
"Kolten Wong","Cardinals","112","471","407","103","21","3","11","51","50","44","72","13","10","4",".254",".343",".398",".742",".322","2.2","1.3","2.2","12532"
"Hunter Pence","Rangers","47","198","181","48","8","1","7","23","27","15","43","1","2","1",".263",".319",".429",".748",".322","-0.3","0.1","0.2","8252"
"Mike Ford","Yankees","13","53","46","11","2","0","2","6","7","6","11","0","0","0",".238",".326",".420",".746",".322","-0.1","0.0","0.1","15585"
"Jake Bauers","Indians","116","489","424","103","24","1","14","59","58","57","115","3","12","6",".242",".333",".403",".735",".322","0.2","0.4","0.6","15194"
"Logan Forsythe","Rangers","51","214","184","46","10","0","4","24","21","25","48","3","2","1",".252",".348",".379",".726",".322","0.6","0.0","0.5","7185"
"Yoan Moncada","White Sox","115","484","424","102","20","3","16","60","51","52","147","3","13","6",".241",".325",".416",".742",".322","-3.2","1.0","1.8","17232"
"Avisail Garcia","Rays","95","399","365","95","16","2","14","48","51","25","100","5","4","2",".261",".316",".434",".750",".322","0.0","-0.3","0.7","5760"
"Ian Desmond","Rockies","95","400","361","92","16","3","13","49","53","31","97","3","10","3",".255",".318",".427",".745",".322","-2.3","0.9","0.5","6885"
"Kurt Suzuki","Nationals","53","222","201","52","11","0","7","24","31","12","31","6","0","0",".260",".318",".423",".742",".321","-1.2","-0.7","0.7","8259"
"Jung Ho Kang","Pirates","55","232","206","49","10","1","9","26","29","19","57","5","2","1",".239",".317",".421",".738",".321","0.2","-0.3","0.9","17182"
"Elvis Andrus","Rangers","115","482","441","121","25","3","10","58","52","33","73","4","13","6",".274",".327",".412",".739",".321","-2.0","1.0","1.7","8709"
"DJ LeMahieu","Yankees","46","195","175","48","8","1","4","26","19","16","30","1","3","1",".276",".338",".395",".733",".321","1.2","-0.1","0.9","9874"
"Melky Cabrera","Pirates","58","245","227","64","13","1","5","26","28","15","31","1","1","1",".284",".329",".414",".743",".321","-0.9","-0.9","0.5","4022"
"Adam Jones","Diamondbacks","116","488","454","121","25","1","17","55","59","24","82","6","3","1",".267",".310",".436",".747",".320","-4.5","0.2","0.5","6368"
"A.J. Pollock","Dodgers","92","386","349","88","18","3","13","50","47","28","76","5","10","3",".253",".315",".430",".745",".320","-0.4","1.1","1.6","9256"
"Marcus Semien","Athletics","116","487","434","110","23","1","14","61","51","47","95","1","9","3",".254",".326",".410",".736",".320","-1.5","0.6","2.3","12533"
"Odubel Herrera","Phillies","101","425","387","102","20","3","12","48","48","30","92","4","6","3",".263",".321",".423",".744",".320","-1.2","0.5","1.5","11476"
"Steve Pearce","Red Sox","60","251","222","54","12","1","9","30","32","23","55","4","0","1",".241",".320",".416",".736",".320","-0.6","-0.4","0.2","9957"
"Omar Narvaez","Mariners","74","310","271","70","11","1","8","33","29","33","57","2","1","1",".258",".340",".386",".726",".320","-3.8","-0.5","0.9","13338"
"Jose Bautista","","83","350","290","61","13","0","12","42","38","51","95","4","4","2",".212",".336",".387",".723",".319","0.0","-1.4","0.1","1887"
"Ben Zobrist","Cubs","66","277","242","63","12","1","5","33","28","31","37","1","2","1",".260",".344",".381",".724",".319","0.0","-0.4","0.7","7435"
"Greg Bird","Yankees","23","95","82","18","4","0","4","11","13","11","26","1","0","0",".219",".313",".423",".736",".319","0.0","0.0","0.1","14131"
"Rowdy Tellez","Blue Jays","100","422","383","95","21","0","16","48","54","32","99","4","3","2",".249",".311",".431",".741",".319","0.2","0.0","0.5","15679"
"David Freese","Dodgers","38","159","139","34","6","0","5","18","20","16","41","3","0","0",".244",".332",".396",".728",".319","0.2","-0.7","0.4","9549"
"Kyle Tucker","Astros","55","230","208","50","10","1","9","29","30","18","54","2","6","3",".243",".305",".437",".743",".319","-0.2","0.2","0.6","18345"
"Kyle Seager","Mariners","64","267","239","57","13","0","11","31","35","23","54","3","1","1",".240",".311",".431",".743",".319","0.6","-0.5","1.2","9785"
"Jedd Gyorko","Cardinals","33","140","125","31","5","0","5","15","18","13","31","1","1","0",".246",".320",".413",".733",".318","0.1","-0.3","0.5","10816"
"Johan Camargo","Braves","69","288","261","67","15","1","8","32","35","22","59","2","1","1",".258",".320",".420",".740",".318","0.3","-0.2","0.8","14950"
"Denard Span","","83","350","310","79","15","3","8","42","34","32","56","3","6","2",".254",".327",".402",".729",".318","-2.4","0.5","0.5","8347"
"Sean Murphy","","8","33","29","7","1","0","1","4","4","3","8","0","0","0",".244",".319",".417",".736",".318","0.0","0.0","0.2","sa549877"
"Michael Lorenzen","Reds","4","16","14","3","1","0","1","2","2","1","4","0","0","0",".244",".319",".417",".736",".318","0.0","0.0","0.0","14843"
"Ben Gamel","Brewers","21","90","80","21","4","1","1","10","9","8","20","1","2","1",".266",".335",".397",".732",".318","-0.1","0.2","0.2","12160"
"Brian Anderson","Marlins","111","468","412","105","21","2","10","51","46","44","100","8","3","2",".254",".335",".389",".724",".318","3.4","0.1","2.0","18289"
"Brad Miller","Yankees","19","80","70","16","4","1","3","9","10","8","22","0","1","0",".235",".318",".417",".735",".318","-0.3","0.0","0.2","12775"
"Neil Walker","Marlins","88","368","323","80","14","1","11","39","38","38","76","3","2","1",".247",".331",".397",".728",".318","-0.7","0.0","0.6","7539"
"Keston Hiura","Brewers","4","16","14","4","1","0","0","2","2","1","4","0","0","0",".258",".308",".432",".739",".318","0.0","0.0","0.1","sa3004043"
"D.J. Stewart","Orioles","5","21","18","4","1","0","1","2","2","2","5","0","0","0",".239",".324",".404",".728",".318","0.0","0.0","0.1","17766"
"Brian McCann","Braves","57","239","209","50","7","0","9","26","32","23","43","4","0","0",".238",".325",".405",".729",".318","-1.1","-0.9","1.0","4810"
"Jay Bruce","Mariners","87","365","327","74","16","1","17","43","52","34","92","2","2","1",".227",".301",".443",".744",".317","-1.3","-0.5","0.6","9892"
"Robbie Grossman","Athletics","60","254","216","52","12","1","5","29","23","34","49","1","2","1",".242",".345",".366",".711",".317","-1.9","-0.3","0.4","5254"
"Andrelton Simmons","Angels","118","496","459","129","25","2","9","55","56","30","42","3","9","3",".282",".328",".403",".731",".317","11.0","0.2","3.6","10847"
"Mark Canha","Athletics","31","130","115","27","7","0","5","16","16","11","31","3","1","0",".235",".315",".419",".733",".317","-0.5","0.0","0.2","11445"
"Alex Avila","Diamondbacks","41","174","142","30","6","0","5","17","17","30","62","1","0","0",".208",".346",".365",".711",".317","0.4","-0.6","0.8","7476"
"Colin Moran","Pirates","65","275","248","65","12","1","8","29","33","23","57","2","1","1",".261",".327",".406",".733",".317","-1.8","-0.6","0.6","16909"
"Adalberto Mondesi","Royals","115","481","445","114","22","8","17","62","61","24","125","3","36","9",".256",".294",".452",".746",".317","2.8","4.3","2.8","13769"
"Joe Panik","Giants","110","464","414","111","22","3","7","50","42","41","46","4","4","2",".269",".338",".388",".726",".317","0.3","0.0","1.7","11936"
"Kole Calhoun","Angels","100","422","372","89","16","2","15","54","50","43","96","3","4","2",".238",".319",".413",".732",".317","1.5","0.3","1.3","11200"
"Adam Frazier","Pirates","104","438","392","105","22","3","7","52","39","35","64","4","7","5",".268",".333",".394",".726",".317","-1.1","-0.1","1.4","15223"
"Tyler Flowers","Braves","51","215","188","46","7","1","6","21","24","18","59","7","0","0",".242",".329",".389",".718",".316","-1.1","-0.4","1.7","9134"
"Dwight Smith Jr.","Orioles","94","395","356","90","19","1","11","45","44","33","74","3","7","3",".254",".320",".407",".728",".316","0.5","0.2","0.9","13473"
"Ronald Guzman","Rangers","89","375","336","82","16","2","13","43","45","31","96","4","2","1",".245",".315",".417",".731",".316","2.3","-0.1","0.4","14388"
"Victor Robles","Nationals","110","464","416","107","22","4","11","56","47","30","97","11","23","10",".257",".320",".407",".728",".316","0.6","0.9","1.4","18363"
"Jordan Luplow","Indians","51","213","188","46","10","1","6","26","25","20","49","2","3","2",".243",".321",".407",".728",".316","0.8","-0.2","0.3","16424"
"Brett Gardner","","99","416","362","87","15","4","10","56","38","45","75","5","10","3",".241",".330",".389",".719",".316","2.0","1.9","1.5","9927"
"Kevin Cron","Diamondbacks","8","32","29","7","1","0","1","4","4","2","9","0","0","0",".241",".300",".438",".738",".316","0.0","0.0","0.1","sa597807"
"Hunter Dozier","Royals","106","444","399","97","22","3","14","49","49","39","124","2","3","2",".242",".311",".421",".732",".316","-2.6","-0.6","0.7","15117"
"Scooter Gennett","Reds","37","157","144","37","7","1","5","18","19","10","34","1","1","0",".258",".310",".424",".734",".316","-1.5","-0.2","0.3","10339"
"Kendrys Morales","Athletics","7","31","28","7","1","0","1","3","4","3","6","0","0","0",".242",".318",".410",".728",".315","0.0","-0.2","0.0","8610"
"Garrett Hampson","Rockies","58","242","219","59","10","3","3","28","22","19","44","1","12","4",".272",".331",".391",".722",".315","0.6","0.9","0.4","19262"
"Tommy La Stella","Angels","79","332","294","74","13","0","9","39","38","31","46","4","1","1",".250",".328",".392",".720",".315","-2.6","-0.5","1.0","12371"
"Francisco Cervelli","Pirates","86","362","309","75","13","2","6","36","36","41","79","9","2","2",".244",".347",".357",".704",".315","-0.7","-0.8","1.4","5275"
"Alex Gordon","Royals","111","465","407","99","20","1","13","51","50","43","102","11","6","2",".243",".329",".393",".722",".315","6.7","0.3","1.6","5209"
"Matt Holliday","","50","210","183","43","9","0","7","23","25","22","54","2","1","0",".233",".321",".400",".721",".315","-3.4","-1.1","-0.1","1873"
"Russell Martin","Dodgers","37","155","130","28","5","0","5","18","16","20","38","3","1","1",".218",".333",".370",".703",".314","0.4","-0.7","1.0","4616"
"Nick Williams","Phillies","39","163","149","37","7","1","6","19","21","10","45","2","1","1",".247",".302",".429",".731",".314","-0.1","-0.1","0.3","14330"
"Alex Dickerson","Padres","16","66","60","15","3","0","2","7","8","5","14","1","1","0",".253",".316",".412",".728",".314","0.0","0.0","0.2","12649"
"Yonathan Daza","Rockies","11","47","45","13","3","0","0","5","5","2","8","0","1","1",".293",".324",".400",".724",".314","0.1","-0.1","0.0","15794"
"Scott Schebler","Reds","43","181","160","37","7","1","7","21","22","16","45","3","2","1",".228",".308",".417",".726",".313","-1.4","0.1","0.2","12225"
"Jason Kipnis","Indians","105","441","392","96","24","1","11","50","47","40","88","4","7","2",".244",".320",".397",".717",".313","-0.2","0.9","1.3","9776"
"Josh Fuentes","Rockies","9","37","35","9","2","0","1","4","4","1","8","0","0","0",".271",".306",".423",".730",".313","0.1","-0.1","0.0","16885"
"Robinson Chirinos","Astros","68","287","243","51","11","1","11","34","36","30","91","9","1","0",".208",".316",".396",".711",".313","-0.2","-0.7","0.9","3142"
"LaMonte Wade Jr","Twins","3","11","9","2","0","0","0","1","1","1","2","0","0","0",".253",".338",".369",".707",".313","0.0","0.0","0.0","sa856280"
"Stephen Vogt","Giants","22","94","84","21","5","0","3","10","11","8","18","1","0","0",".247",".315",".409",".724",".313","-1.0","-0.2","0.3","5000"
"Chris Taylor","Dodgers","80","334","297","72","17","3","8","39","36","30","88","3","7","3",".243",".317",".402",".720",".313","-0.5","0.9","1.1","13757"
"Mark Zagunis","Cubs","9","38","32","7","2","0","1","4","4","5","10","0","1","0",".230",".339",".361",".700",".312","-0.1","0.0","0.1","16565"
"Austin Dean","Marlins","84","351","320","83","16","2","9","37","40","24","64","3","3","2",".260",".315",".405",".721",".312","-2.6","0.0","0.5","18288"
"Ryan O'Hearn","Royals","54","225","198","45","10","1","8","25","26","23","60","2","1","0",".226",".310",".412",".722",".312","-0.6","-0.1","0.1","16442"
"Marco Hernandez","Red Sox","4","16","15","4","1","0","0","2","2","1","3","0","0","0",".280",".320",".400",".720",".312","-0.1","0.0","0.0","13154"
"Evan Longoria","Giants","113","474","438","110","24","3","16","50","57","29","91","4","3","1",".252",".303",".426",".730",".312","0.2","0.1","1.6","9368"
"J.D. Davis","Mets","26","109","98","24","5","0","4","12","13","9","28","1","1","0",".245",".308",".411",".720",".312","-0.1","0.0","0.3","16219"
"Jurickson Profar","Athletics","95","399","354","86","19","3","10","47","43","35","61","6","6","1",".242",".319",".396",".715",".312","-2.1","0.7","1.3","10815"
"Jed Lowrie","Mets","96","405","354","84","19","1","11","45","42","44","81","2","1","0",".237",".323",".387",".711",".312","-0.4","-0.8","1.3","4418"
"Brock Holt","Red Sox","19","78","68","17","4","0","1","8","8","8","17","1","1","1",".253",".339",".366",".705",".312","-0.4","-0.1","0.1","9345"
"Yadier Molina","Cardinals","88","368","341","91","18","1","10","37","49","20","46","4","4","2",".267",".312",".408",".720",".311","3.6","-1.8","2.0","7007"
"David Bote","Cubs","39","165","147","36","8","1","5","19","20","14","41","2","2","1",".243",".314",".405",".719",".311","0.5","0.0","0.5","14593"
"Fernando Tatis Jr.","Padres","100","418","377","89","17","3","15","49","47","32","128","4","15","6",".236",".302",".418",".720",".311","-0.6","0.4","1.6","19709"
"Ryon Healy","Mariners","50","211","196","49","10","0","8","23","28","11","47","1","0","0",".248",".292",".433",".725",".311","-2.1","-0.5","0.4","15447"
"Devon Travis","Blue Jays","24","100","92","24","5","1","3","11","11","5","18","1","1","0",".259",".303",".419",".722",".310","-0.9","0.1","0.2","13862"
"Chad Pinder","Athletics","65","275","251","62","13","1","9","32","31","17","72","4","1","1",".246",".302",".418",".720",".310","0.8","-0.3","0.7","15191"
"Yusniel Diaz","Orioles","1","5","5","1","0","0","0","1","1","0","1","0","0","0",".249",".323",".385",".709",".310","0.0","0.0","0.0","sa912848"
"Jonathan Villar","Orioles","113","474","426","107","19","2","13","57","44","40","123","3","27","7",".251",".317",".394",".711",".310","-3.6","2.4","1.4","10071"
"Josh Naylor","Padres","1","5","5","1","0","0","0","1","1","0","1","0","0","0",".254",".321",".396",".717",".310","0.0","0.0","0.0","sa874243"
"Jeimer Candelario","Tigers","119","498","438","101","25","3","14","58","49","51","124","5","3","1",".231",".317",".393",".710",".310","0.8","0.4","1.6","13621"
"Carlos Gonzalez","Indians","106","446","406","99","22","1","16","52","53","35","112","2","3","1",".243",".305",".418",".722",".310","0.2","0.1","0.4","7287"
"Franchy Cordero","Padres","45","190","172","42","7","2","6","22","23","14","65","1","6","2",".242",".302",".418",".720",".310","-0.5","0.7","0.6","14567"
"Lonnie Chisenhall","Pirates","25","107","97","24","5","0","3","11","12","8","21","1","1","0",".252",".314",".403",".717",".310","-0.1","0.5","0.3","7571"
"Danny Jansen","Blue Jays","76","318","279","67","16","1","7","35","33","29","58","7","2","1",".240",".323",".381",".704",".310","-1.8","0.3","1.8","16535"
"Byron Buxton","Twins","111","468","426","105","26","5","12","59","51","32","133","4","21","5",".247",".304",".417",".721",".310","8.3","3.7","2.6","14161"
"Cameron Maybin","Yankees","15","63","55","14","3","0","1","7","6","7","13","0","2","1",".251",".333",".367",".700",".310","-0.3","0.1","0.1","5223"
"Noel Cuevas","Rockies","4","16","15","4","1","0","0","2","2","1","3","0","0","0",".272",".313",".407",".720",".310","0.0","0.0","0.0","11894"
"Luis Arraez","Twins","1","5","5","1","0","0","0","1","0","0","1","0","0","0",".288",".333",".374",".707",".310","0.0","0.0","0.0","sa828153"
"Aledmys Diaz","Astros","25","105","97","25","5","0","3","12","13","6","16","1","1","1",".254",".301",".422",".723",".310","-0.5","-0.2","0.3","15937"
"Rusney Castillo","Red Sox","5","21","19","5","1","0","0","2","2","1","4","0","0","0",".278",".319",".393",".712",".309","-0.2","0.0","0.0","17016"
"Rougned Odor","Rangers","105","439","399","94","19","2","18","56","55","29","111","6","11","7",".235",".295",".426",".721",".309","-0.9","0.1","0.9","12282"
"Bobby Bradley","Indians","4","16","14","3","1","0","1","2","2","1","5","0","0","0",".228",".292",".431",".723",".309","0.0","0.0","0.0","sa828799"
"Daniel Descalso","Cubs","43","179","153","35","7","1","4","21","20","23","45","1","1","1",".226",".329",".372",".701",".309","-1.0","0.0","0.3","8392"
"Jackie Bradley Jr.","Red Sox","110","460","403","94","22","3","12","57","52","44","119","7","10","2",".233",".318",".392",".710",".309","1.5","1.7","1.5","12984"
"Ramon Laureano","Athletics","109","456","408","99","20","2","13","54","48","37","126","6","13","4",".241",".312",".397",".709",".309","4.3","1.6","2.1","17128"
"Dansby Swanson","Braves","117","491","436","108","23","5","12","53","56","46","108","2","9","4",".249",".321",".406",".726",".309","2.3","1.0","1.9","18314"
"Dustin Pedroia","Red Sox","34","141","126","34","6","0","2","16","14","13","17","1","1","1",".265",".333",".370",".703",".309","0.7","-0.5","0.3","8370"
"Ender Inciarte","Braves","112","471","426","115","19","4","7","55","40","34","67","4","16","7",".270",".328",".381",".709",".309","3.6","1.1","1.6","4922"
"Tyler Naquin","Indians","111","468","426","111","22","2","11","51","51","33","126","3","7","3",".261",".317",".398",".715",".309","-1.1","0.6","0.4","13359"
"Matt Duffy","Rays","19","80","72","19","3","0","1","9","8","6","14","1","1","1",".264",".329",".372",".701",".309","0.4","-0.1","0.3","13836"
"Joe McCarthy","Rays","4","16","14","3","1","0","0","2","2","2","4","0","0","0",".234",".325",".373",".698",".308","0.0","0.0","0.0","sa858039"
"Anthony Santander","Orioles","6","26","24","6","1","0","1","3","3","1","5","0","0","0",".254",".300",".417",".716",".308","-0.1","0.0","0.0","14551"
"Carson Kelly","Diamondbacks","41","172","152","37","9","0","4","17","18","16","30","2","0","0",".246",".323",".383",".706",".308","0.7","-0.1","0.8","13620"
"Ty France","Padres","18","74","66","16","3","0","2","8","8","5","15","2","0","0",".242",".312",".394",".706",".308","-0.1","0.0","0.2","17982"
"Scott Heineman","Rangers","5","21","19","5","1","0","0","2","2","2","5","0","1","0",".256",".320",".385",".705",".308","0.0","0.0","0.0","sa827137"
"Todd Frazier","Mets","47","197","173","37","7","0","8","22","26","19","48","3","3","1",".216",".304",".403",".707",".308","0.4","-0.1","0.6","785"
"Mike Tauchman","Yankees","18","74","66","16","3","0","2","8","8","7","16","0","2","1",".246",".317",".390",".706",".308","0.3","-0.1","0.2","15274"
"Wilson Ramos","Mets","75","316","291","74","13","0","11","32","44","22","59","1","0","0",".255",".307",".410",".717",".308","-0.6","-1.8","1.1","1433"
"Phillip Ervin","Reds","15","63","55","13","3","0","2","7","7","6","16","1","2","1",".233",".315",".388",".703",".307","-0.1","0.1","0.1","14738"
"Curtis Granderson","Marlins","58","245","209","45","10","1","7","29","23","30","65","3","2","1",".214",".319",".379",".698",".307","-1.8","-0.3","0.2","4747"
"Nicky Delmonico","White Sox","35","149","132","30","7","1","5","17","16","14","39","2","1","0",".229",".308",".399",".707",".307","-0.3","-0.1","0.1","13157"
"Austin Barnes","Dodgers","67","282","240","56","12","1","6","32","28","34","60","4","5","2",".232",".335",".361",".697",".307","0.0","0.2","2.1","12158"
"Teoscar Hernandez","Blue Jays","99","416","376","86","19","3","15","49","49","34","122","3","8","4",".229",".296",".418",".714",".307","-0.5","-0.2","0.5","13066"
"Troy Tulowitzki","Yankees","29","121","110","27","4","0","4","13","16","9","25","1","1","0",".242",".304",".406",".710",".307","-0.1","-0.3","0.4","3531"
"Daniel Robertson","Rays","56","234","201","46","9","1","5","25","22","26","56","5","2","1",".230",".331",".355",".685",".307","0.1","-0.1","0.8","14145"
"Billy McKinney","Blue Jays","85","358","323","76","17","3","11","40","37","28","88","3","2","1",".234",".299",".409",".709",".306","0.4","-0.4","0.4","15654"
"Tony Kemp","Astros","44","183","163","43","6","2","3","21","17","15","26","1","6","2",".263",".328",".369",".697",".306","-0.2","0.1","0.3","14894"
"Adam Duvall","Braves","5","20","18","4","1","0","1","2","3","1","5","0","0","0",".225",".291",".423",".714",".306","0.1","0.0","0.0","10950"
"Jason Castro","Twins","52","219","190","42","10","1","7","25","23","25","64","2","0","0",".220",".314",".384",".697",".306","1.9","-0.4","1.4","8722"
"Harrison Bader","Cardinals","54","228","203","48","9","1","7","26","25","18","67","5","6","3",".239",".312",".395",".707",".306","2.6","0.5","0.9","18030"
"Franklin Barreto","Athletics","9","36","33","8","1","0","1","4","4","2","12","1","1","0",".231",".293",".417",".710",".306","0.1","0.0","0.1","15519"
"Tim Anderson","White Sox","114","478","450","118","20","3","15","57","53","19","118","3","20","5",".261",".294",".418",".713",".306","-3.4","1.9","1.6","15172"
"Carter Kieboom","Nationals","8","32","28","7","1","0","1","3","3","3","8","0","0","0",".242",".312",".389",".702",".306","-0.1","0.0","0.1","19958"
"Greg Garcia","Padres","50","209","177","42","8","1","2","21","16","26","43","3","3","1",".240",".345",".334",".679",".306","-0.3","0.2","0.6","10951"
"Andrew Knizner","Cardinals","5","19","17","5","1","0","0","2","2","1","3","0","0","0",".265",".316",".387",".703",".305","0.0","0.0","0.1","sa857827"
"Austin Slater","Giants","15","61","54","13","3","0","1","6","6","6","16","1","1","1",".249",".325",".372",".697",".305","0.0","0.1","0.1","16153"
"Ronny Rodriguez","Tigers","63","263","247","63","12","2","8","28","31","11","54","1","5","3",".257",".290",".422",".713",".305","-0.7","-0.3","0.4","11875"
"Renato Nunez","Orioles","94","395","362","85","16","1","16","44","49","27","104","4","1","1",".234",".291",".418",".710",".305","-0.4","-0.3","0.1","14503"
"Addison Russell","Cubs","79","332","295","71","16","1","8","37","37","30","76","4","3","1",".240",".315",".387",".702",".305","5.2","0.4","1.4","14106"
"Tyler Austin","Giants","51","215","193","43","9","1","8","24","27","18","73","1","1","1",".224",".294",".412",".706",".305","-0.1","0.1","0.3","11850"
"Tim Locastro","Diamondbacks","2","10","9","2","0","0","0","1","1","1","2","0","0","0",".253",".323",".365",".688",".305","-0.1","0.0","0.0","15124"
"Travis Snider","Diamondbacks","2","10","9","2","0","0","0","1","1","1","3","0","0","0",".240",".318",".377",".694",".304","-0.1","0.0","0.0","2830"
"Austin Hays","Orioles","11","47","44","11","2","0","2","5","6","2","10","0","1","0",".253",".289",".422",".711",".304","-0.3","0.0","0.1","19363"
"Eduardo Nunez","Red Sox","26","110","104","28","6","0","2","12","12","4","16","1","3","1",".272",".303",".402",".705",".304","-0.4","0.0","0.2","6848"
"Luis Urias","Padres","76","319","278","67","12","3","5","34","27","32","67","5","2","1",".241",".327",".360",".687",".304","2.7","0.0","1.1","16622"
"Kevin Kiermaier","Rays","109","457","411","98","18","8","11","54","44","36","103","5","16","6",".238",".305",".399",".705",".304","9.9","2.1","2.6","11038"
"Brandon Crawford","Giants","119","501","449","111","24","2","11","50","54","43","107","5","4","3",".247",".318",".387",".705",".304","5.4","-0.4","2.1","5343"
"Abraham Almonte","Diamondbacks","1","5","5","1","0","0","0","1","1","0","1","0","0","0",".237",".313",".382",".695",".303","0.0","0.0","0.0","5486"
"Jose Pirela","Padres","1","5","5","1","0","0","0","1","0","0","1","0","0","0",".254",".309",".390",".698",".303","0.0","0.0","0.0","5485"
"Kevin Plawecki","Indians","58","243","214","50","11","1","6","25","26","22","50","5","0","1",".235",".317",".376",".693",".303","-0.2","-0.5","0.7","13807"
"Jarrod Dyson","Diamondbacks","66","276","241","60","9","3","4","35","21","27","43","3","18","4",".249",".330",".357",".687",".303","2.5","2.2","0.9","4866"
"Bryan Reynolds","Pirates","19","81","74","19","4","1","2","9","8","6","19","1","1","0",".253",".311",".387",".698",".303","0.0","0.0","0.1","19326"
"Chris Young","","50","210","185","41","9","1","7","22","24","20","54","3","3","1",".220",".301",".393",".694",".303","-2.4","0.0","-0.1","3882"
"Starlin Castro","Marlins","111","468","433","114","20","1","11","47","47","28","84","2","3","2",".263",".309",".390",".699",".303","-2.3","-0.7","1.0","4579"
"Nick Martini","Athletics","26","109","94","23","4","1","1","12","9","12","25","1","1","0",".242",".331",".349",".680",".303","0.0","0.1","0.1","12005"
"Zack Collins","White Sox","2","10","8","2","0","0","0","1","1","1","3","0","0","0",".200",".315",".366",".681",".303","0.0","0.0","0.0","sa738390"
"Jake Cave","Twins","20","85","77","19","4","1","2","10","9","6","25","1","1","0",".243",".304",".394",".698",".302","-0.3","0.0","0.1","14477"
"Niko Goodrum","Tigers","79","332","298","70","16","2","9","36","35","29","89","2","8","3",".234",".303",".392",".695",".302","-0.8","0.5","0.2","12092"
"Travis Demeritte","Braves","1","5","5","1","0","0","0","1","1","0","2","0","0","0",".225",".297",".399",".696",".302","0.0","0.0","0.0","sa737533"
"Ryan Mountcastle","Orioles","4","16","15","4","1","0","0","2","2","1","4","0","0","0",".258",".293",".411",".704",".302","0.0","0.0","0.0","sa874734"
"Jonathan Lucroy","Angels","76","318","288","73","13","1","7","34","35","24","47","3","1","0",".253",".315",".377",".692",".302","-0.4","-0.9","0.9","7870"
"Amed Rosario","Mets","115","484","451","119","20","7","9","52","48","25","99","3","17","7",".264",".305",".398",".703",".302","-2.6","1.2","1.5","15518"
"Derek Fisher","Astros","14","58","51","11","2","0","2","7","7","6","19","0","2","1",".218",".299",".394",".693",".302","0.0","0.1","0.1","16192"
"Kevan Smith","Angels","35","145","132","35","6","0","3","15","15","8","22","2","0","0",".261",".315",".372",".687",".302","-1.2","-0.3","0.4","12284"
"Danny Santana","Rangers","29","123","115","29","7","1","3","15","14","6","32","1","5","2",".251",".290",".415",".705",".302","0.1","0.3","0.1","10322"
"Chance Sisco","Orioles","23","96","85","20","4","0","2","10","10","8","27","2","0","0",".235",".315",".368",".683",".301","0.3","0.0","0.3","15694"
"Garrett Cooper","Marlins","49","207","187","46","10","1","5","21","22","15","46","2","1","0",".246",".308",".383",".691",".301","0.3","0.0","0.3","15279"
"Manuel Margot","Padres","70","294","271","70","13","3","6","31","28","18","53","1","8","4",".256",".304",".394",".698",".301","2.4","0.2","0.9","14712"
"Albert Pujols","Angels","61","258","238","58","9","0","10","27","37","16","37","2","1","0",".242",".292",".409",".701",".301","0.0","-1.3","-0.1","1177"
"Jason Martin","Pirates","6","27","25","6","1","0","1","3","3","2","7","0","1","0",".245",".300",".395",".696",".301","-0.1","-0.1","0.0","16429"
"Jared Walsh","Angels","3","11","10","2","0","0","0","1","1","1","3","0","0","0",".233",".295",".401",".696",".301","0.0","0.0","0.0","sa827173"
"Matt Davidson","Rangers","3","11","10","2","0","0","0","1","1","1","4","0","0","0",".214",".290",".404",".695",".301","0.0","0.0","0.0","7226"
"Albert Almora Jr.","Cubs","80","336","312","83","17","1","6","38","34","18","57","2","3","2",".268",".309",".387",".695",".300","1.3","-0.4","0.7","14109"
"Gordon Beckham","Tigers","25","107","96","23","5","0","2","11","10","9","20","1","1","0",".240",".310",".375",".686",".300","-0.2","-0.1","0.2","9015"
"Leonys Martin","Indians","96","404","365","87","16","2","11","49","39","29","107","4","11","5",".240",".302",".388",".690",".300","3.4","0.8","1.2","11846"
"Mac Williamson","Giants","64","270","243","55","11","1","10","29","31","21","74","3","2","1",".227",".296",".399",".695",".300","-0.2","-0.1","0.2","14158"
"Ramon Urias","Cardinals","2","10","9","2","1","0","0","1","1","1","2","0","0","0",".248",".307",".380",".687",".300","0.0","0.0","0.0","sa597169"
"Tucker Barnhart","Reds","85","359","314","75","15","1","7","33","35","38","69","2","1","1",".239",".323",".364",".687",".300","3.8","-1.3","0.9","10200"
"Daniel Palka","White Sox","18","74","67","14","2","0","4","8","10","6","25","0","1","0",".214",".283",".418",".701",".300","-0.6","-0.1","0.0","14897"
"Chris Davis","Orioles","82","343","298","59","10","0","16","38","44","38","126","4","1","1",".199",".296",".395",".690",".300","0.6","-0.1","0.0","9272"
"Jace Peterson","Orioles","5","21","18","4","1","0","0","2","2","2","4","0","0","0",".232",".326",".348",".674",".300","-0.2","0.0","0.0","12325"
"Jace Peterson","Orioles","17","70","60","14","3","0","1","7","6","8","15","0","2","1",".232",".326",".348",".674",".300","-0.7","0.0","0.1","12325"
"Willy Adames","Rays","104","436","389","95","16","3","9","48","41","40","114","2","6","4",".245",".317",".367",".684",".300","-2.5","0.3","1.2","15986"
"Joey Curletta","Red Sox","1","5","5","1","0","0","0","1","1","0","2","0","0","0",".230",".305",".385",".690",".300","0.0","0.0","0.0","sa658025"
"Rafael Ortega","Braves","1","5","5","1","0","0","0","1","0","0","1","0","0","0",".253",".318",".365",".683",".300","-0.1","0.0","0.0","10323"
"Andy Young","Diamondbacks","6","26","24","6","1","0","1","3","3","1","6","1","0","0",".243",".300",".388",".688",".300","0.0","0.0","0.0","sa919031"
"Jose Reyes","","33","140","125","30","6","1","3","15","14","12","24","1","4","1",".240",".307",".382",".688",".299","-0.5","0.3","0.3","1736"
"Jose Peraza","Reds","106","444","412","111","17","3","8","48","41","20","58","6","17","6",".269",".309",".381",".691",".299","-0.3","1.3","1.0","13593"
"Yairo Munoz","Cardinals","21","87","80","20","4","0","2","9","9","5","18","1","2","1",".256",".307",".387",".694",".299","-0.3","0.0","0.1","16313"
"Curt Casali","Reds","20","82","73","17","4","0","2","8","9","7","19","1","0","0",".236",".308",".375",".683",".299","-0.5","-0.1","0.1","12510"
"Sam Hilliard","Rockies","3","11","10","2","0","0","0","1","1","1","3","0","0","0",".244",".300",".389",".689",".299","0.0","0.0","0.0","sa829542"
"Christian Vazquez","Red Sox","73","306","281","73","15","1","6","35","30","19","54","3","5","2",".259",".309",".382",".691",".299","1.0","-0.5","1.7","9774"
"Frank Schwindel","Royals","12","52","49","13","3","0","2","5","6","2","9","0","0","0",".253",".285",".412",".697",".299","0.0","0.0","0.0","15351"
"Eric Sogard","Blue Jays","48","200","175","42","9","1","3","22","15","21","32","1","3","1",".241",".325",".349",".673",".299","0.3","0.1","0.5","7927"
"Pablo Sandoval","Giants","33","137","127","31","7","0","4","14","16","8","28","1","1","0",".243",".292",".403",".695",".299","-0.5","-0.5","0.1","5409"
"Tim Beckham","Mariners","108","452","414","98","20","2","14","49","49","31","128","3","4","3",".236",".292",".397",".689",".299","-6.3","-0.7","0.8","7949"
"Mike Zunino","Rays","66","277","249","52","11","1","13","30","36","20","94","5","0","0",".210",".279",".412",".692",".299","0.7","-0.3","1.5","13265"
"Travis d'Arnaud","Rays","22","92","84","20","4","0","3","10","11","7","18","1","0","0",".236",".298",".391",".689",".298","-0.2","-0.1","0.5","7739"
"Yan Gomes","Nationals","59","246","225","53","11","0","8","25","30","15","66","4","0","0",".236",".293",".395",".688",".298","1.6","-0.2","1.0","9627"
"Ian Kinsler","Padres","36","152","137","32","7","0","4","18","13","12","22","2","4","2",".237",".303",".378",".681",".298","1.3","0.0","0.4","6195"
"Zack Cozart","Angels","77","322","288","67","14","2","8","37","32","26","54","4","1","1",".233",".302",".381",".683",".298","3.7","-0.2","1.2","2616"
"Ildemaro Vargas","Diamondbacks","28","116","108","29","6","1","2","12","11","6","12","1","2","1",".267",".304",".381",".686",".298","-0.1","0.0","0.2","13324"
"Elias Diaz","Pirates","22","94","87","22","4","0","2","9","10","6","16","0","0","0",".257",".304",".379",".683",".297","-0.1","-0.1","0.2","11680"
"Welington Castillo","White Sox","75","316","286","66","11","0","11","30","36","23","87","4","1","0",".230",".294",".390",".684",".297","-0.1","-0.9","0.8","3256"
"Cedric Mullins II","Orioles","100","422","383","92","18","4","10","48","41","29","77","3","11","4",".240",".297",".388",".685",".297","-1.4","1.1","0.8","17929"
"Gerardo Parra","Nationals","21","88","81","21","4","0","2","9","9","5","16","1","2","1",".259",".309",".377",".686",".297","0.1","-0.2","0.0","8553"
"Brian Goodwin","Angels","79","332","298","69","14","1","10","38","35","28","96","2","6","2",".232",".300",".384",".683",".297","-1.9","0.0","0.1","12858"
"Guillermo Heredia","Rays","32","133","116","28","5","0","2","13","11","12","22","3","1","1",".243",".324",".342",".665",".297","-0.3","-0.2","0.1","18721"
"Rio Ruiz","Orioles","79","332","298","71","13","1","8","34","34","30","75","1","1","1",".237",".308",".372",".679",".297","2.1","-0.2","0.8","14103"
"Troy Stokes Jr.","Brewers","2","10","9","2","0","0","0","1","1","1","3","0","0","0",".220",".296",".384",".680",".296","0.0","0.0","0.0","sa828871"
"Nick Ahmed","Diamondbacks","116","486","445","107","26","4","12","51","53","33","97","3","6","3",".241",".295",".396",".690",".296","5.6","-0.1","1.6","12147"
"David Fletcher","Angels","93","390","362","97","18","3","5","43","35","20","42","3","7","2",".267",".308",".372",".680",".296","3.8","0.7","1.4","17992"
"Gorkys Hernandez","Red Sox","2","10","9","2","0","0","0","1","1","1","3","0","0","0",".244",".309",".368",".677",".296","0.0","0.0","0.0","4146"
"Mallex Smith","Mariners","88","370","330","82","14","5","3","43","27","31","80","3","25","8",".248",".318",".352",".670",".296","-1.9","2.5","1.0","13608"
"John Hicks","Tigers","64","269","249","61","13","1","7","27","29","16","70","1","2","1",".246",".293",".389",".683",".296","0.1","-0.4","0.3","12547"
"Giovanny Urshela","Yankees","25","105","98","25","5","0","2","11","11","5","18","1","0","0",".257",".299",".381",".680",".296","0.5","-0.1","0.2","10681"
"Hernan Perez","Brewers","49","207","194","49","9","1","6","21","23","10","45","0","7","2",".251",".288",".401",".689",".296","-0.2","0.6","0.3","5751"
"Ke'Bryan Hayes","Pirates","1","5","5","1","0","0","0","1","0","0","1","0","0","0",".249",".313",".358",".671",".296","0.0","0.0","0.0","sa874730"
"Dustin Fowler","Athletics","14","57","53","13","2","1","1","6","6","3","13","0","2","1",".249",".288",".402",".690",".296","-0.1","0.1","0.1","17098"
"J.P. Crawford","Mariners","33","139","120","27","5","1","2","15","12","15","32","1","2","1",".227",".319",".345",".663",".296","0.0","0.0","0.4","15491"
"Kevin Kramer","Pirates","9","38","34","8","2","0","1","4","4","3","10","0","1","0",".246",".305",".372",".677",".295","-0.1","0.0","0.1","17689"
"James McCann","White Sox","35","146","134","33","6","0","4","14","15","9","39","1","1","1",".244",".298",".378",".677",".295","1.0","-0.4","0.5","12859"
"Jose Iglesias","Reds","62","261","242","64","15","1","3","26","25","13","32","3","5","3",".263",".307",".372",".679",".295","2.1","-0.1","0.7","10231"
"Dylan Cozens","Phillies","9","37","33","6","1","0","2","4","5","4","16","0","1","0",".195",".283",".400",".683",".295","0.0","0.0","0.0","15115"
"Joey Rickard","Orioles","87","364","325","76","16","2","7","38","31","31","82","4","7","3",".235",".308",".365",".673",".295","-0.1","0.5","0.2","13277"
"Aaron Altherr","Giants","60","254","223","47","11","2","7","27","30","25","75","4","4","2",".211",".300",".372",".672",".295","0.2","-0.1","0.2","11270"
"Delino DeShields","Rangers","76","321","275","64","12","2","4","41","23","37","74","2","18","5",".231",".327",".328",".654",".295","-0.2","2.4","0.5","11379"
"Matt Wieters","Cardinals","22","91","81","19","3","0","2","9","11","8","18","1","0","0",".236",".306",".370",".676",".295","0.1","-0.2","0.2","4298"
"Jake Marisnick","Astros","50","209","190","42","10","1","8","28","24","13","68","3","7","3",".222",".282",".401",".683",".295","1.1","0.4","0.6","11339"
"Josh Harrison","Tigers","89","375","344","86","17","2","8","41","35","18","67","8","6","3",".250",".301",".376",".676",".295","-0.5","0.5","0.7","8202"
"Sam Travis","Red Sox","2","10","10","2","0","0","0","1","1","1","2","0","0","0",".246",".306",".364",".671",".294","0.0","0.0","0.0","16263"
"Brandon Drury","Blue Jays","61","258","235","55","14","1","7","26","25","18","68","3","1","1",".234",".294",".384",".678",".294","-0.6","-0.3","0.4","11615"
"Alex Blandino","Reds","6","26","23","5","1","0","1","3","2","3","7","0","0","0",".226",".313",".352",".665",".294","-0.2","0.0","0.0","16271"
"Lourdes Gurriel Jr.","Blue Jays","26","111","103","26","5","0","3","12","13","5","24","1","1","1",".248",".288",".395",".683",".294","-0.8","-0.1","0.1","19238"
"Zack Granite","Rangers","6","27","24","6","1","0","0","3","2","2","3","0","1","0",".264",".318",".350",".668",".294","-0.1","0.0","0.0","15343"
"Manny Pina","Brewers","26","109","99","24","5","0","3","11","11","7","23","2","1","0",".240",".300",".377",".677",".294","1.1","-0.2","0.4","2829"
"Austin Allen","Padres","11","48","44","10","2","0","1","5","5","3","11","0","0","0",".237",".291",".390",".681",".294","-0.4","0.0","0.1","18083"
"Dawel Lugo","Tigers","8","32","30","8","1","0","0","3","3","1","5","0","0","0",".268",".299",".380",".679",".294","0.0","0.0","0.1","14713"
"Chris Herrmann","Athletics","12","52","45","10","2","0","1","6","5","6","14","0","0","0",".212",".306",".360",".666",".294","0.2","0.1","0.1","9284"
"Tony Wolters","Rockies","46","193","168","40","8","2","2","19","19","20","38","2","1","1",".241",".327",".347",".674",".294","2.1","0.0","0.6","11470"
"Steven Duggar","Giants","100","422","380","93","20","3","6","44","35","35","117","2","10","5",".246",".311",".360",".671",".294","1.2","0.2","0.3","17719"
"Josh Phegley","Athletics","55","232","213","49","13","1","6","26","28","14","52","3","1","0",".230",".286",".392",".678",".294","-0.8","-0.2","0.6","9308"
"Luis Rengifo","Angels","8","32","29","7","1","0","0","3","3","2","6","0","1","1",".243",".307",".364",".670",".293","-0.2","0.0","0.1","19858"
"Dee Gordon","Mariners","100","422","395","111","13","4","3","48","31","14","62","4","25","8",".280",".311",".362",".673",".293","-1.0","2.5","1.1","8203"
"Mason Williams","Orioles","3","11","10","2","0","0","0","1","1","1","2","0","0","0",".254",".307",".364",".671",".293","-0.1","0.0","0.0","11859"
"Bryce Brentz","Red Sox","2","10","9","2","0","0","0","1","1","1","3","0","0","0",".221",".281",".397",".678",".293","-0.1","0.0","0.0","10607"
"Brandon Dixon","Tigers","11","48","45","10","2","0","2","5","6","3","15","0","1","0",".233",".279",".404",".683",".293","0.1","0.0","0.0","15214"
"Lane Thomas","Cardinals","2","10","9","2","0","0","0","1","1","1","3","0","0","0",".233",".294",".380",".674",".293","0.0","0.0","0.0","16939"
"Freddy Galvis","Blue Jays","113","474","438","109","22","3","11","49","48","28","100","2","8","3",".248",".296",".384",".680",".293","1.4","0.4","1.3","6609"
"Scott Kingery","Phillies","47","196","181","44","9","1","5","21","20","11","46","2","5","2",".244",".291",".386",".677",".293","0.2","0.7","0.4","17975"
"Dominic Smith","Mets","17","73","66","16","3","0","2","8","8","5","17","1","0","0",".238",".296",".376",".672",".293","0.0","0.1","0.1","15653"
"Mikie Mahtook","Tigers","5","21","20","4","1","0","1","2","2","1","6","0","0","0",".229",".290",".387",".677",".293","0.0","0.0","0.0","13130"
"Joey Wendle","Rays","61","255","235","59","13","2","4","26","25","13","51","4","5","2",".251",".300",".376",".676",".293","2.0","0.4","0.7","13853"
"Sean Rodriguez","Phillies","17","72","63","13","3","0","3","8","8","7","25","1","1","0",".201",".289",".381",".671",".292","0.0","-0.1","0.0","6589"
"Matt Thaiss","Angels","10","42","38","9","2","0","1","4","4","3","9","0","0","0",".239",".301",".367",".669",".292","0.0","0.0","0.0","sa738522"
"A.J. Reed","Astros","1","5","5","1","0","0","0","1","1","1","2","0","0","0",".208",".288",".384",".672",".292","0.0","0.0","0.0","16246"
"Patrick Wisdom","Rangers","11","48","43","10","2","0","2","5","6","4","16","0","1","0",".220",".288",".383",".671",".292","0.1","0.0","0.0","13602"
"Taylor Ward","Angels","5","21","19","4","1","0","1","2","2","2","5","0","0","0",".230",".306",".355",".662",".292","-0.1","0.0","0.0","17548"
"Shed Long","Mariners","20","82","74","17","3","1","2","9","8","7","22","1","2","1",".231",".299",".369",".668",".292","-0.2","0.1","0.1","16542"
"Max Moroff","Indians","20","85","73","15","3","0","2","10","9","11","26","0","1","1",".207",".311",".344",".655",".292","0.2","0.1","0.1","14556"
"Jordy Mercer","Tigers","89","375","337","82","18","2","7","36","36","30","68","4","2","1",".244",".310",".371",".681",".292","-1.9","0.0","0.7","6547"
"Deivy Grullon","Phillies","2","10","9","2","0","0","0","1","1","1","3","0","0","0",".232",".276",".403",".679",".292","0.0","0.0","0.0","sa739661"
"Bradley Zimmer","Indians","20","85","76","17","4","0","2","9","9","7","28","1","3","1",".225",".299",".367",".666",".292","0.6","0.4","0.2","16221"
"Jorge Bonifacio","Royals","9","37","33","7","2","0","1","4","4","3","10","0","0","0",".227",".296",".372",".668",".292","0.0","0.0","0.0","12174"
"Domingo Leyba","Diamondbacks","4","16","14","4","1","0","0","1","1","1","3","0","0","0",".251",".302",".366",".668",".292","0.0","0.0","0.0","sa736654"
"Ryan Lavarnway","Yankees","2","10","8","2","0","0","0","1","1","1","2","0","0","0",".225",".307",".350",".657",".292","0.0","0.0","0.0","8879"
"Chris Shaw","Giants","9","37","34","8","2","0","1","3","4","2","11","0","0","0",".229",".283",".393",".676",".292","-0.1","0.0","0.0","17738"
"Leury Garcia","White Sox","102","430","399","103","17","3","7","50","39","19","103","6","14","5",".259",".301",".367",".667",".291","2.2","0.9","1.0","5913"
"Isiah Kiner-Falefa","Rangers","52","220","197","49","9","1","2","23","19","17","37","3","4","2",".249",".316",".341",".657",".291","-0.7","-0.1","-0.2","16512"
"Martin Prado","Marlins","70","293","271","70","14","1","4","28","27","18","43","2","1","1",".260",".307",".359",".666",".291","1.6","-0.8","0.4","3312"
"Andrew Toles","Dodgers","20","84","78","19","4","0","2","9","9","4","19","1","1","1",".248",".291",".384",".675",".291","0.2","0.2","0.1","13414"
"Kevin Newman","Pirates","25","103","95","25","5","1","1","10","9","6","15","1","3","1",".265",".312",".356",".667",".291","-0.6","0.1","0.1","17696"
"Yolmer Sanchez","White Sox","110","462","418","100","20","4","8","47","43","33","103","5","8","4",".239",".299",".366",".665",".291","1.2","-0.2","0.9","11602"
"Myles Straw","Astros","5","21","18","5","1","0","0","2","2","2","4","0","1","0",".249",".325",".325",".650",".291","-0.1","0.1","0.0","17620"
"Pablo Reyes","Pirates","30","124","113","28","5","1","2","13","12","9","25","1","3","2",".244",".301",".365",".665",".291","0.7","-0.1","0.2","16357"
"Matt Szczur","Diamondbacks","1","5","5","1","0","0","0","0","0","0","1","0","0","0",".231",".310",".346",".656",".291","-0.1","0.0","0.0","11255"
"Dalton Pompey","Blue Jays","6","26","24","6","1","0","0","3","2","2","7","0","1","0",".236",".305",".353",".658",".291","-0.1","0.1","0.0","12797"
"Kevin Pillar","Giants","113","474","443","110","26","1","11","50","48","21","82","5","11","3",".249",".288",".385",".673",".291","3.4","1.6","1.2","12434"
"Kyle Farmer","Reds","24","100","92","22","5","0","2","10","11","6","21","1","1","1",".240",".291",".380",".670",".290","-0.1","-0.1","0.1","14813"
"Alen Hanson","Blue Jays","1","5","5","1","0","0","0","1","1","0","1","0","0","0",".242",".284",".392",".676",".290","0.0","0.0","0.0","12926"
"Socrates Brito","Blue Jays","26","111","102","24","5","1","3","12","11","7","29","0","2","1",".238",".286",".385",".671",".290","-0.2","0.1","0.0","12944"
"Hanser Alberto","Orioles","59","248","236","64","10","1","5","23","23","6","27","1","1","1",".271",".292",".381",".673",".290","1.7","-0.4","0.5","11902"
"Tommy Edman","Cardinals","1","5","5","1","0","0","0","0","0","0","1","0","0","0",".256",".303",".359",".662",".290","0.0","0.0","0.0","sa873704"
"Francisco Mejia","Padres","32","134","124","30","6","1","3","13","13","7","28","2","0","0",".240",".288",".382",".670",".289","0.2","0.0","0.2","16403"
"Orlando Arcia","Brewers","99","415","381","95","17","2","9","41","40","27","86","2","8","4",".249",".299",".371",".670",".289","0.9","0.1","0.7","13185"
"Miguel Rojas","Marlins","86","361","331","85","15","1","5","33","32","21","45","5","4","2",".258",".309",".351",".660",".289","1.3","-0.7","0.9","7802"
"Austin Hedges","Padres","70","292","268","59","11","1","12","28","36","18","77","3","2","1",".222",".275",".403",".677",".289","2.0","-0.2","1.9","12976"
"Taylor Davis","Cubs","2","10","9","2","0","0","0","1","1","1","2","0","0","0",".242",".305",".351",".655",".289","-0.1","0.0","0.0","12782"
"Ryder Jones","Giants","1","5","5","1","0","0","0","0","1","0","1","0","0","0",".237",".290",".377",".667",".288","0.0","0.0","0.0","15982"
"Shane Robinson","Phillies","1","5","5","1","0","0","0","1","1","0","1","0","0","0",".247",".304",".352",".656",".288","0.0","0.0","0.0","4249"
"Ehire Adrianza","Twins","15","64","57","14","3","0","1","7","6","5","12","1","1","0",".239",".302",".355",".657",".288","-0.2","0.0","0.1","8418"
"Nick Dini","Royals","2","10","9","2","0","0","0","1","1","1","2","0","0","0",".240",".291",".369",".660",".288","0.0","0.0","0.0","sa875718"
"Cory Spangenberg","Brewers","14","59","54","12","2","0","1","6","6","4","18","1","1","0",".231",".294",".364",".658",".288","-0.1","0.4","0.1","12294"
"Brandon Phillips","","17","70","65","17","3","0","1","7","7","3","11","1","1","0",".254",".295",".366",".661",".288","0.1","-0.3","0.1","791"
"Drew Butera","Rockies","7","29","26","6","1","0","1","3","3","2","7","0","0","0",".232",".295",".361",".656",".288","-0.3","0.0","-0.1","3411"
"Ryan McBroom","Yankees","3","11","10","2","0","0","0","1","1","1","3","0","0","0",".235",".287",".377",".664",".288","0.0","0.0","0.0","sa738641"
"Charlie Culberson","Braves","18","75","70","17","3","0","2","8","8","4","18","1","1","1",".245",".289",".382",".671",".287","0.2","0.0","0.0","3298"
"Keibert Ruiz","Dodgers","5","19","17","4","1","0","0","2","2","1","2","0","0","0",".249",".296",".365",".662",".287","0.0","0.0","0.1","sa872528"
"Pat Valaika","Rockies","10","42","39","9","2","0","1","4","5","2","11","0","0","0",".229",".274",".394",".667",".287","0.3","0.0","-0.1","14885"
"Jon Jay","White Sox","37","154","138","34","6","1","1","16","11","10","30","3","1","1",".246",".312",".334",".646",".287","-0.3","-0.1","0.0","5227"
"Spencer Kieboom","Nationals","2","10","9","2","0","0","0","1","1","1","2","0","0","0",".233",".307",".338",".646",".287","0.0","0.0","0.0","13300"
"Andrew Knapp","Phillies","20","82","71","15","3","0","2","8","7","10","26","1","0","0",".211",".307",".340",".647",".287","-0.4","0.0","0.1","14942"
"Andrew Susac","Royals","3","14","13","3","1","0","0","1","1","1","4","0","0","0",".214",".298",".353",".651",".287","0.0","0.0","0.0","13132"
"Raudy Read","Nationals","1","5","4","1","0","0","0","0","1","0","1","0","0","0",".242",".288",".377",".665",".287","0.0","0.0","0.0","15766"
"Roberto Perez","Indians","52","219","188","39","8","1","6","20","24","24","68","1","1","0",".205",".297",".349",".646",".287","1.7","-0.3","1.0","2900"
"Tzu-Wei Lin","Red Sox","2","10","9","2","0","0","0","1","1","1","2","0","0","0",".245",".303",".350",".653",".287","0.0","0.0","0.0","14678"
"Carlos Perez","Orioles","3","14","13","3","1","0","0","1","1","1","3","0","0","0",".234",".290",".368",".658",".286","0.1","0.0","0.0","10642"
"Mitch Walding","Phillies","3","11","9","2","0","0","0","1","1","1","4","0","0","0",".192",".290",".357",".647",".286","0.1","0.0","0.0","13006"
"Drew Robinson","Cardinals","4","16","14","3","1","0","0","2","2","2","6","0","0","0",".204",".290",".365",".655",".286","0.0","0.0","0.0","11761"
"Jose Rondon","White Sox","27","112","104","25","5","1","3","12","12","6","28","1","2","1",".236",".277",".384",".662",".286","0.1","-0.2","0.2","14140"
"Wilmer Difo","Nationals","34","143","130","32","5","1","2","15","13","11","28","1","3","1",".246",".306",".354",".659",".285","0.6","0.2","0.2","14320"
"Kelvin Gutierrez","Royals","56","235","217","53","8","2","4","22","22","14","58","1","5","2",".246",".294",".360",".654",".285","0.8","0.3","0.3","17468"
"Dustin Peterson","Tigers","33","139","128","30","7","0","3","13","14","9","33","1","1","0",".237",".291",".361",".652",".285","0.4","0.0","-0.1","15189"
"Mauricio Dubon","Brewers","9","36","34","8","2","0","1","4","4","2","6","0","1","1",".249",".291",".364",".655",".285","0.0","0.0","0.0","sa738378"
"Jon Berti","Marlins","38","159","142","33","5","1","2","16","13","13","33","3","7","3",".232",".304",".340",".643",".285","0.2","0.3","0.2","12037"
"Luis Barrera","Athletics","1","5","5","1","0","0","0","1","0","0","1","0","0","0",".244",".292",".363",".655",".285","0.0","0.0","0.0","sa736690"
"Michael A. Taylor","Nationals","35","149","136","31","7","1","4","15","15","11","49","1","7","2",".228",".288",".370",".658",".285","0.3","0.7","0.1","11489"
"Austin Romine","Yankees","29","120","111","26","5","0","3","13","15","7","28","1","0","0",".236",".282",".373",".655",".285","-0.1","-0.1","0.3","5491"
"Harold Ramirez","Marlins","49","205","190","48","9","1","3","19","19","10","39","3","3","1",".251",".295",".359",".654",".285","-0.6","0.1","-0.1","14387"
"Travis Jankowski","Padres","10","42","37","9","2","0","0","4","3","4","10","0","2","1",".236",".314",".320",".634",".284","0.0","0.2","0.0","13768"
"Michael Hermosillo","Angels","10","42","38","8","2","0","1","5","4","3","12","1","1","1",".223",".294",".351",".645",".284","0.1","0.0","0.0","16285"
"Daz Cameron","Tigers","15","64","58","13","3","1","1","6","6","4","18","1","2","1",".228",".289",".361",".650",".284","0.0","0.1","0.0","sa874736"
"Cameron Rupp","Tigers","5","20","17","4","1","0","1","2","2","2","6","0","0","0",".210",".285",".364",".649",".284","0.0","-0.1","0.0","11146"
"Christopher Bostick","Orioles","1","5","5","1","0","0","0","1","0","0","1","0","0","0",".240",".296",".350",".646",".284","-0.1","0.0","0.0","13718"
"Jonathan Davis","Blue Jays","15","63","56","12","3","0","1","7","6","5","16","1","2","1",".220",".295",".345",".640",".283","0.5","0.1","0.0","15104"
"Pedro Severino","Orioles","23","96","88","20","3","0","3","9","10","6","20","1","0","0",".229",".287",".365",".652",".283","0.6","0.0","0.3","14523"
"JB Shuck","Pirates","18","76","68","17","3","1","1","7","6","6","10","0","1","1",".243",".306",".337",".642",".283","-0.5","0.0","-0.1","6677"
"Max Stassi","Astros","40","167","148","30","6","0","5","18","18","15","51","3","1","0",".204",".285",".355",".641",".283","-0.5","-0.1","0.9","10059"
"Austin Jackson","","42","175","157","37","8","1","2","17","15","14","51","1","2","1",".236",".301",".341",".642",".283","-2.8","0.2","-0.2","9848"
"J.T. Riddle","Marlins","42","175","163","39","6","1","4","16","18","10","36","0","1","1",".242",".284",".370",".654",".282","0.4","-0.2","0.3","17642"
"Ronald Torreyes","Twins","4","16","15","4","1","0","0","2","2","1","2","0","0","0",".257",".293",".355",".647",".282","0.0","0.0","0.0","11400"
"Tyler Saladino","Brewers","15","64","58","13","2","0","1","7","6","5","15","1","2","1",".226",".290",".352",".642",".282","0.1","0.1","0.0","10807"
"Cole Tucker","Pirates","51","216","195","46","8","2","3","21","18","17","47","2","9","4",".237",".300",".343",".643",".282","0.3","0.2","0.3","17326"
"Kyle Higashioka","Yankees","9","39","35","8","2","0","1","4","5","3","9","0","0","0",".218",".273",".379",".653",".282","-0.2","0.0","0.1","5517"
"Roman Quinn","Phillies","18","74","67","15","2","1","1","7","6","6","21","1","4","1",".229",".293",".348",".641",".282","-0.7","0.2","0.0","13546"
"Garrett Stubbs","Astros","6","24","21","5","1","0","0","2","2","2","5","0","0","0",".227",".300",".336",".637",".282","0.0","0.0","0.1","sa827172"
"Thairo Estrada","Yankees","6","26","25","6","1","0","0","3","2","1","4","0","0","0",".251",".293",".350",".643",".282","0.2","0.0","0.0","16426"
"Adolis Garcia","Cardinals","2","10","10","2","0","0","0","1","1","0","3","0","0","0",".226",".264",".391",".655",".281","0.0","0.0","0.0","19287"
"Ryan Flaherty","Indians","33","140","123","27","6","0","3","13","13","14","36","1","2","1",".220",".304",".337",".641",".281","-1.0","0.2","0.0","7888"
"Juan Centeno","Red Sox","2","10","9","2","0","0","0","1","1","1","2","0","0","0",".249",".295",".346",".640",".281","-0.1","0.0","0.0","7168"
"Luis Guillorme","Mets","8","33","29","7","1","0","0","3","2","3","5","0","0","0",".243",".314",".310",".624",".280","0.0","0.0","0.0","16451"
"Erik Kratz","Giants","8","34","31","7","1","0","1","3","3","2","7","1","0","0",".225",".283",".355",".639",".280","0.1","0.0","0.1","4403"
"Phil Gosselin","Phillies","18","75","69","16","4","0","1","7","7","5","17","0","0","0",".238",".292",".345",".637",".280","-0.4","0.0","0.0","10953"
"Oscar Mercado","Indians","3","11","10","2","0","0","0","1","1","1","2","0","0","0",".234",".294",".340",".635",".280","0.0","0.0","0.0","sa737612"
"Bryan Holaday","Marlins","4","15","13","3","1","0","0","1","1","1","3","0","0","0",".231",".292",".350",".642",".280","0.1","0.0","0.0","11287"
"Juan Lagares","Mets","38","159","147","36","6","1","2","17","13","8","35","2","4","2",".242",".289",".352",".641",".280","1.5","0.2","0.3","5384"
"Willi Castro","Tigers","5","21","20","5","1","0","0","2","2","1","5","0","0","0",".243",".289",".351",".640",".279","0.0","0.0","0.0","sa830274"
"Nick Gordon","Twins","4","16","15","4","1","0","0","2","1","1","3","0","0","0",".246",".292",".346",".638",".279","0.0","0.0","0.0","sa828662"
"Jake Noll","Nationals","4","16","15","4","1","0","0","2","2","1","3","0","0","0",".244",".286",".356",".641",".279","0.0","0.0","0.0","19703"
"Dylan Moore","Mariners","10","41","37","8","2","0","1","4","4","3","10","1","1","1",".219",".287",".349",".637",".279","0.1","0.0","0.1","18042"
"Seby Zavala","White Sox","4","15","13","3","1","0","0","1","2","1","4","0","0","0",".221",".275",".366",".641",".279","0.0","0.0","0.0","sa875572"
"Donovan Solano","Giants","15","64","60","15","3","0","1","6","5","3","10","0","0","0",".256",".292",".346",".638",".279","-0.2","0.0","0.0","8623"
"Jason Vosler","Padres","1","5","5","1","0","0","0","0","1","0","2","0","0","0",".209",".277",".361",".638",".279","0.0","0.0","0.0","sa829190"
"Nick Hundley","Athletics","37","156","145","32","7","1","4","15","16","9","43","1","1","1",".224",".273",".376",".649",".279","-1.9","-0.5","-0.1","3376"
"Jacob Stallings","Pirates","13","54","50","12","3","0","1","5","5","3","11","1","0","0",".243",".289",".349",".638",".278","0.4","-0.1","0.1","13723"
"Michael Perez","Rays","21","87","80","18","4","0","2","9","8","6","22","1","0","0",".229",".288",".346",".634",".278","0.6","-0.1","0.2","12977"
"Billy Hamilton","Royals","106","444","401","95","14","6","3","53","28","36","95","1","33","9",".238",".300",".328",".628",".278","4.5","4.6","1.1","10199"
"Austin Wynns","Orioles","8","34","31","7","1","0","1","3","3","2","7","0","0","0",".232",".290",".341",".631",".278","0.0","0.0","0.0","15271"
"Edwin Rios","Dodgers","1","5","5","1","0","0","0","1","1","0","2","0","0","0",".224",".270",".378",".648",".278","0.0","0.0","0.0","sa827170"
"Christian Arroyo","Rays","5","21","20","5","1","0","0","2","2","1","5","0","0","0",".237",".285",".354",".639",".278","0.0","0.0","0.0","16434"
"Greg Allen","Indians","18","74","67","16","3","0","1","8","6","5","17","2","3","1",".233",".299",".326",".625",".278","-0.3","0.2","-0.1","16623"
"Erik Gonzalez","Pirates","63","265","247","61","12","2","4","25","24","12","66","2","6","3",".246",".284",".362",".646",".277","-0.7","0.3","0.2","13369"
"Jorge Alfaro","Marlins","81","340","313","71","12","1","9","30","33","16","115","8","2","1",".228",".282",".357",".639",".277","-1.1","-0.3","1.0","12180"
"Peter O'Brien","Marlins","10","43","38","7","1","0","2","4","5","4","16","0","0","0",".192",".264",".376",".640",".277","-0.3","0.0","-0.1","13288"
"Rosell Herrera","Marlins","27","112","101","24","4","1","1","10","9","8","23","1","3","1",".235",".296",".328",".625",".277","-0.1","0.1","0.0","11611"
"Isan Diaz","Marlins","10","43","38","8","2","0","1","4","4","4","12","0","1","0",".212",".290",".334",".624",".277","0.0","0.0","0.0","sa828704"
"Tyler Wade","Yankees","36","153","136","31","6","1","2","16","12","13","38","1","5","2",".224",".296",".325",".621",".276","-0.4","0.3","0.0","15730"
"Reese McGuire","Blue Jays","18","77","69","15","3","0","1","7","7","6","17","1","1","0",".222",".288",".339",".627",".276","-0.3","0.0","0.1","15674"
"Grayson Greiner","Tigers","75","314","283","61","12","1","7","29","30","26","86","2","0","0",".216",".284",".342",".626",".276","1.4","0.1","0.7","17062"
"Lewis Brinson","Marlins","92","388","357","78","15","3","10","35","39","22","109","5","5","2",".219",".272",".366",".638",".276","1.4","0.2","0.3","14352"
"Edmundo Sosa","Cardinals","1","5","5","1","0","0","0","0","1","0","1","0","0","0",".246",".283",".351",".634",".275","0.0","0.0","0.0","17022"
"Blake Swihart","Diamondbacks","37","155","140","31","6","1","3","17","15","13","44","1","2","1",".218",".287",".336",".622",".275","-0.2","0.3","-0.2","13176"
"Abiatal Avelino","Giants","9","37","34","8","1","1","1","3","3","2","8","0","1","0",".236",".278",".356",".634",".275","0.1","0.1","0.0","15496"
"Ryan Cordell","White Sox","85","356","326","70","13","2","10","36","36","23","107","3","8","3",".214",".271",".360",".630",".275","0.8","0.4","-0.3","15181"
"Andrew Stevenson","Nationals","9","38","34","8","1","0","0","4","3","3","9","0","1","1",".239",".297",".324",".621",".275","0.0","0.0","0.0","17932"
"Martin Maldonado","Royals","80","335","301","66","14","1","7","31","32","20","78","8","1","1",".218",".284",".339",".623",".275","3.1","-0.8","1.4","6887"
"Tyrone Taylor","Brewers","7","31","29","6","1","0","1","3","3","2","7","0","1","0",".221",".269",".362",".632",".274","0.0","0.0","0.0","sa657979"
"Steve Wilkerson","Orioles","10","42","39","9","2","0","1","4","4","2","12","0","1","0",".232",".285",".339",".625",".274","0.2","0.0","0.0","16041"
"Jorge Mateo","Athletics","6","26","24","6","1","1","0","3","2","1","7","0","1","0",".232",".275",".358",".634",".274","0.0","0.1","0.0","sa657910"
"Raffy Lopez","Braves","1","5","4","1","0","0","0","0","0","0","1","0","0","0",".211",".285",".344",".629",".274","0.0","0.0","0.0","12606"
"Mike Gerber","Giants","4","16","14","3","1","0","0","2","1","1","5","0","0","0",".216",".271",".358",".630",".274","0.0","0.0","0.0","16115"
"Rene Rivera","Mets","8","34","31","7","1","0","1","3","4","2","10","0","0","0",".211",".269",".360",".630",".273","0.2","-0.1","0.1","3648"
"Meibrys Viloria","Royals","11","48","43","10","2","0","1","4","4","3","11","0","0","0",".228",".285",".334",".619",".273","0.0","0.0","0.1","17109"
"Richie Martin Jr.","Orioles","78","327","296","68","12","3","3","30","24","22","74","5","9","4",".229",".291",".327",".618",".273","-0.4","-0.1","0.2","17736"
"Skye Bolt","Athletics","4","16","14","3","1","0","0","2","1","1","5","0","0","0",".210",".275",".348",".624",".273","0.0","0.0","0.0","17723"
"Eric Haase","Indians","6","24","22","4","1","0","1","3","3","2","8","0","0","0",".198",".259",".370",".629",".273","-0.1","0.0","0.0","14111"
"Adeiny Hechavarria","Mets","7","29","27","7","1","0","0","3","3","1","5","0","0","0",".246",".286",".343",".629",".273","0.2","0.0","0.0","10459"
"Chris Owings","Royals","56","235","217","50","12","2","4","23","21","13","58","2","7","2",".229",".278",".351",".629",".272","-0.5","0.5","-0.1","10030"
"Monte Harrison","Marlins","9","37","34","7","1","0","1","3","4","2","13","0","1","0",".215",".272",".351",".623",".272","0.0","0.1","0.0","sa828691"
"Sandy Leon","Red Sox","39","163","147","32","7","0","3","17","16","11","41","2","1","0",".220",".281",".338",".619",".272","1.3","-0.2","0.5","5273"
"Chad Wallach","Marlins","31","131","117","24","5","0","3","12","11","12","39","1","0","0",".206",".284",".327",".611",".272","0.1","-0.1","0.4","17161"
"Victor Reyes","Tigers","9","38","35","9","1","0","0","4","3","2","7","0","1","0",".249",".281",".345",".626",".272","0.1","0.0","0.0","15487"
"Yu Chang","Indians","1","5","5","1","0","0","0","1","1","0","2","0","0","0",".210",".274",".346",".621",".272","0.0","0.0","0.0","sa830276"
"Jose Lobaton","Mariners","3","14","13","3","0","0","0","1","1","1","4","0","0","0",".208",".280",".338",".618",".272","0.0","0.0","0.0","4243"
"JaCoby Jones","Tigers","108","455","414","87","18","3","11","48","41","28","146","8","12","4",".210",".271",".351",".622",".271","3.5","0.9","0.4","14818"
"Brett Phillips","Royals","34","141","125","25","4","2","3","13","13","14","51","1","3","1",".202",".282",".334",".616",".271","2.3","0.3","0.0","14735"
"Adrian Sanchez","Nationals","5","22","20","5","1","0","0","2","2","1","4","0","1","0",".245",".282",".342",".624",".271","0.0","0.0","0.0","11338"
"Eric Young Jr.","Mariners","1","5","5","1","0","0","0","0","0","0","1","0","0","0",".223",".284",".330",".614",".271","0.0","0.0","0.0","7158"
"John Ryan Murphy","Diamondbacks","30","124","113","24","5","0","4","12","12","8","34","1","0","0",".211",".268",".356",".624",".271","0.0","0.0","0.3","10346"
"Ryan LaMarre","Braves","1","5","5","1","0","0","0","0","0","0","2","0","0","0",".227",".285",".329",".614",".271","0.0","0.0","0.0","10700"
"Carlos Tocci","Rangers","11","48","44","10","2","0","0","5","4","3","11","0","1","0",".236",".292",".319",".611",".271","0.0","0.1","-0.1","14558"
"Alex Jackson","Braves","5","19","17","4","1","0","1","2","2","1","6","0","0","0",".202",".267",".359",".626",".270","-0.1","0.0","0.0","17276"
"Cam Gallagher","Royals","17","72","65","15","3","0","1","7","6","5","11","0","0","0",".230",".287",".326",".613",".270","0.3","0.0","0.2","12981"
"Andrew Velazquez","Rays","5","21","20","4","1","0","0","2","2","1","6","0","1","0",".223",".273",".344",".617",".270","0.0","0.1","0.0","14196"
"Tom Murphy","Mariners","35","146","135","27","7","1","5","14","16","8","56","1","1","1",".201",".253",".373",".627",".270","-0.8","0.0","0.2","13499"
"Jacob Nottingham","Brewers","2","9","8","2","0","0","0","1","1","1","3","0","0","0",".204",".275",".341",".616",".269","0.0","0.0","0.0","16448"
"Keon Broxton","Mets","22","91","81","16","3","1","2","9","8","9","36","1","5","1",".192",".274",".333",".608",".269","0.3","0.4","0.0","9253"
"Isaac Galloway","Marlins","3","11","10","2","0","0","0","1","1","1","3","0","0","0",".224",".270",".347",".617",".269","0.1","0.0","0.0","5238"
"Braden Bishop","Mariners","10","41","37","9","2","0","1","4","3","3","9","0","1","0",".229",".288",".316",".605",".269","0.3","0.0","0.0","17806"
"Caleb Joseph","Diamondbacks","5","19","18","4","1","0","0","2","2","1","5","0","0","0",".224",".269",".348",".617",".269","0.1","0.0","0.0","7087"
"Andrew Romine","Phillies","42","175","160","37","7","1","2","16","15","10","41","2","4","1",".231",".284",".323",".607",".269","-1.8","0.3","-0.1","1159"
"Sergio Alcantara","Tigers","1","5","5","1","0","0","0","0","0","0","1","0","0","0",".238",".293",".312",".604",".268","0.0","0.0","0.0","sa739641"
"Zach Vincej","Orioles","5","21","19","5","1","0","0","2","2","1","4","0","0","0",".234",".286",".319",".606",".268","-0.1","0.0","0.0","13269"
"Luis Torrens","Padres","1","5","4","1","0","0","0","0","0","0","1","0","0","0",".227",".281",".327",".608",".267","0.0","0.0","0.0","15905"
"Wilfredo Tovar","Angels","1","5","5","1","0","0","0","0","0","0","1","0","0","0",".240",".283",".324",".607",".267","0.0","0.0","0.0","10416"
"Dustin Garneau","Angels","1","5","4","1","0","0","0","0","0","0","1","0","0","0",".197",".269",".334",".603",".266","0.0","0.0","0.0","9433"
"Jose Briceno","Angels","3","14","13","3","1","0","0","1","2","1","4","0","0","0",".214",".255",".357",".613",".265","0.0","0.0","0.0","13151"
"Jose Trevino","Rangers","12","49","46","11","2","0","1","5","5","2","8","0","0","0",".231",".273",".334",".607",".265","0.0","0.0","0.0","16725"
"Jesus Sucre","Orioles","57","241","223","52","9","0","3","20","22","12","40","3","1","0",".236",".281",".323",".604",".265","1.0","-0.3","0.1","5942"
"Aramis Garcia","Giants","15","63","58","12","2","0","2","6","6","4","20","0","0","0",".212",".262",".345",".607",".265","0.1","0.0","0.1","16925"
"Jack Reinheimer","Orioles","4","16","14","3","1","0","0","1","1","1","4","0","0","0",".228",".290",".303",".593",".264","-0.1","0.0","0.0","14938"
"Anthony Alford","Blue Jays","35","148","133","28","6","1","2","14","12","11","47","2","5","2",".208",".278",".316",".594",".264","0.8","0.1","-0.1","14329"
"Richard Urena","Blue Jays","13","53","49","11","3","0","1","5","5","2","12","0","0","0",".231",".267",".340",".607",".263","0.2","0.0","0.0","16411"
"Adam Engel","White Sox","35","149","135","28","5","1","3","15","12","9","46","2","5","2",".208",".269",".326",".594",".262","0.3","0.4","-0.1","15082"
"Derek Hill","Tigers","1","5","5","1","0","0","0","0","0","0","2","0","0","0",".221",".269",".327",".597",".262","0.0","0.0","0.0","sa828670"
"Rajai Davis","Nationals","3","11","10","2","0","0","0","1","1","1","3","0","1","0",".215",".273",".319",".592",".261","-0.1","0.1","0.0","3708"
"Magneuris Sierra","Marlins","1","5","5","1","0","0","0","0","0","0","1","0","0","0",".240",".278",".316",".594",".260","-0.1","0.0","0.0","17023"
"Jhonatan Solano","","76","320","295","65","12","1","5","28","28","17","52","4","2","1",".221",".270",".322",".592",".260","-0.4","-0.1","0.1","7515"
"Tomas Nido","Mets","32","136","128","29","6","0","3","12","14","6","30","1","0","0",".223",".258",".340",".598",".260","0.0","0.0","0.2","13755"
"Harold Castro","Tigers","14","59","56","14","2","0","0","5","4","2","11","0","1","1",".247",".271",".318",".589",".258","0.4","-0.1","0.0","14691"
"Ian Miller","Mariners","4","15","14","3","1","0","0","1","1","1","4","0","1","0",".226",".279",".299",".579",".257","0.0","0.0","0.0","sa738894"
"Luke Maile","Blue Jays","21","87","79","16","4","0","1","8","7","6","23","1","0","0",".203",".267",".313",".580",".257","0.6","0.0","0.2","13355"
"Humberto Arteaga","Royals","9","37","35","8","1","0","0","3","3","1","7","0","1","0",".241",".272",".313",".585",".256","0.0","0.0","0.0","sa598821"
"Cliff Pennington","Yankees","3","11","9","2","0","0","0","1","1","1","3","0","0","0",".198",".278",".289",".567",".255","-0.1","0.0","0.0","3395"
"Blake Trahan","Reds","4","16","14","3","1","0","0","1","1","1","4","0","0","0",".218",".282",".286",".568",".254","0.0","0.0","0.0","17588"
"Anthony Bemboom","Rays","4","15","13","3","0","0","0","1","1","1","4","0","0","0",".196",".273",".292",".565",".252","0.0","0.0","0.0","13854"
"Engelb Vielma","Orioles","3","11","10","2","0","0","0","1","1","1","2","0","0","0",".223",".276",".286",".562",".251","0.0","0.0","0.0","15481"
"Deven Marrero","Marlins","3","11","10","2","0","0","0","1","1","1","3","0","0","0",".206",".261",".300",".562",".249","-0.1","0.0","0.0","13325"
"Eric Stamets","Indians","14","58","53","10","2","0","1","6","5","4","18","1","1","0",".191",".255",".303",".558",".247","0.6","0.1","-0.1","13795"
"Nick Ciuffo","Rays","4","15","14","3","1","0","0","1","1","1","4","0","0","0",".208",".253",".308",".562",".247","0.0","0.0","0.0","16291"
"Jeff Mathis","Rangers","64","269","245","49","10","1","4","23","21","20","81","2","1","0",".199",".261",".293",".554",".246","2.4","-0.5","0.6","3448"
"Terrance Gore","Royals","4","16","14","3","0","0","0","2","1","1","4","0","2","0",".215",".276",".266",".541",".245","-0.1","0.1","0.0","13658"
"Rocky Gale","Dodgers","3","14","13","3","1","0","0","1","1","1","3","0","0","0",".217",".258",".294",".552",".243","0.1","0.0","0.0","10533"
"Arquimedes Gamboa","Phillies","3","11","10","2","0","0","0","1","1","1","3","0","0","0",".187",".259",".266",".524",".237","0.0","0.0","0.0","sa877497"
"Craig Gentry","","0","0","0","0","0","0","0","0","0","0","0","0","0","0",".000",".000",".000",".000",".000","0.0","0.0","0.0","9571"
