"Name","Team","W","L","SV","QS","ERA","GS","G","IP","H","ER","HR","SO","BB","HBP","WHIP","K/9","BB/9","FIP","ADP","playerid"
"Jacob deGrom","NYM","16","8","0","16","2.75","32","32","204.0","147","62","20","280","59","6","1.01","12.37","2.60","2.67","5.5","10954"
"Edwin Diaz","NYM","3","2","0","0","2.97","0","63","63.0","46","21","6","93","23","3","1.09","13.30","3.28","2.83","75.2","14710"
"Shane Bieber","CLE","14","9","0","15","3.02","31","31","192.0","155","64","22","249","46","5","1.05","11.67","2.15","2.87","9.8","19427"
"Josh Hader","MIL","3","2","0","0","2.68","0","64","64.0","39","19","7","98","25","3","1.01","13.75","3.56","2.88","58.6","14212"
"Liam Hendriks","CHW","3","2","0","0","3.29","0","68","68.0","56","25","8","93","20","2","1.11","12.29","2.61","2.94","55.8","3548"
"Jose Castillo","SDP","1","0","0","0","2.93","0","10","10.0","8","3","1","13","4","0","1.11","11.27","3.16","2.96","999.0","17169"
"James Karinchak","CLE","3","2","0","0","2.97","0","63","63.0","42","21","6","100","32","3","1.17","14.27","4.55","3.00","93.7","20151"
"Aroldis Chapman","NYY","4","2","0","0","2.98","0","63","63.0","45","21","6","90","28","3","1.16","12.80","4.07","3.04","68.8","10233"
"Chris Sale","BOS","6","4","0","6","3.26","15","15","86.0","67","31","11","120","25","5","1.07","12.52","2.61","3.12","286.3","10603"
"Taylor Rogers","MIN","3","2","0","0","3.45","0","63","63.0","58","24","6","68","17","3","1.19","9.69","2.37","3.16","173.2","13449"
"Devin Williams","MIL","3","2","0","0","3.11","0","63","63.0","45","22","6","87","30","3","1.20","12.43","4.31","3.18","170.7","15816"
"Nick Anderson","TBR","3","2","0","0","3.12","0","63","63.0","47","22","9","87","20","2","1.05","12.48","2.79","3.22","152.2","18337"
"Gerrit Cole","NYY","15","9","0","16","3.40","32","32","200.0","159","76","29","269","55","7","1.07","12.12","2.46","3.33","7.0","13125"
"Brandon Woodruff","MIL","12","9","0","13","3.25","29","29","172.0","141","62","19","195","47","8","1.10","10.19","2.48","3.35","32.2","16162"
"Blake Snell","SDP","11","8","0","12","3.47","28","28","160.0","132","62","19","200","57","3","1.18","11.22","3.21","3.35","42.5","13543"
"Kirby Yates","TOR","3","2","0","0","3.47","0","60","60.0","47","23","9","90","21","3","1.12","13.43","3.08","3.36","130.9","9073"
"Aaron Bummer","CHW","3","2","0","0","2.99","0","62","62.0","53","21","4","60","25","3","1.25","8.74","3.64","3.37","524.1","16258"
"Walker Buehler","LAD","13","7","0","12","3.32","29","29","167.0","138","62","20","189","44","7","1.09","10.19","2.35","3.39","19.5","19374"
"Tyler Glasnow","TBR","12","8","0","12","3.30","28","28","161.0","123","59","21","215","58","5","1.12","12.01","3.22","3.40","47.4","14374"
"Andrew Chafin","CHC","3","2","0","0","3.30","0","60","60.0","50","22","5","66","24","3","1.23","9.95","3.62","3.40","999.0","12988"
"Dellin Betances","NYM","3","2","0","0","3.39","0","55","55.0","42","21","5","70","24","4","1.21","11.49","4.01","3.41","600.7","6216"
"Richard Lovelady","KCR","2","1","0","0","3.33","0","33","33.0","31","12","2","29","10","1","1.24","7.82","2.78","3.41","999.0","19337"
"Luis Severino","NYY","6","4","0","6","3.47","15","15","85.0","75","33","10","95","21","3","1.13","10.06","2.23","3.42","447.7","15890"
"Kenley Jansen","LAD","4","2","0","0","3.41","0","63","63.0","51","24","9","75","15","3","1.05","10.70","2.17","3.43","116.6","3096"
"Max Scherzer","WSN","12","9","0","14","3.39","29","29","178.0","140","67","25","229","49","8","1.06","11.59","2.47","3.43","28.0","3137"
"Keone Kela","SDP","2","2","0","0","3.36","0","44","44.0","35","16","5","52","16","2","1.15","10.54","3.28","3.47","581.2","14696"
"Dinelson Lamet","SDP","10","7","0","10","3.49","24","24","139.0","109","54","17","179","51","7","1.15","11.62","3.31","3.47","91.3","17186"
"Yu Darvish","SDP","13","9","0","14","3.48","31","31","184.0","147","71","23","226","59","8","1.12","11.07","2.88","3.48","17.8","13074"
"Ryan Pressly","HOU","3","2","0","0","3.49","0","62","62.0","54","24","7","70","18","3","1.17","10.19","2.61","3.48","108.8","7005"
"Corbin Burnes","MIL","9","7","0","10","3.49","24","24","140.0","114","54","16","172","52","6","1.19","11.09","3.36","3.49","60.4","19361"
"Cionel Perez","CIN","1","0","0","0","3.38","0","12","12.0","10","5","1","12","5","0","1.27","9.19","3.63","3.49","999.0","19614"
"Kevin Gausman","SFG","10","10","0","13","3.80","29","29","169.0","153","71","20","195","54","6","1.22","10.39","2.89","3.51","138.0","14107"
"Brent Suter","MIL","3","2","0","0","3.48","0","60","60.0","54","23","7","62","15","2","1.14","9.36","2.21","3.52","547.5","13942"
"Joely Rodriguez","TEX","3","3","0","0","3.53","0","63","63.0","55","25","6","72","28","3","1.32","10.34","3.98","3.53","592.7","11487"
"Aaron Nola","PHI","13","9","0","15","3.41","31","31","188.0","155","71","21","215","65","8","1.17","10.29","3.13","3.54","22.6","16149"
"Noah Syndergaard","NYM","6","5","0","7","3.77","16","16","96.0","88","40","10","95","27","3","1.19","8.95","2.51","3.54","341.7","11762"
"Jake Diekman","OAK","3","2","0","0","3.18","0","63","63.0","48","22","5","77","34","4","1.30","11.03","4.87","3.55","374.3","5003"
"Jack Flaherty","STL","12","9","0","12","3.26","31","31","176.0","139","64","21","198","54","8","1.10","10.15","2.78","3.56","29.5","17479"
"Brusdar Graterol","LAD","3","2","0","0","3.24","0","60","60.0","52","22","5","52","18","3","1.18","7.86","2.77","3.56","511.3","20367"
"Jake McGee","SFG","3","2","0","0","3.62","0","60","60.0","52","24","7","68","18","2","1.17","10.24","2.76","3.57","370.6","7550"
"Freddy Peralta","MIL","4","4","0","1","3.48","5","58","81.0","62","31","9","104","35","4","1.19","11.58","3.87","3.58","355.0","18679"
"Brad Wieck","CHC","1","1","0","0","3.61","0","18","18.0","14","7","2","25","9","1","1.28","12.36","4.51","3.59","999.0","16390"
"Jose Alvarado","PHI","3","2","0","0","3.33","0","58","58.0","49","21","5","61","26","2","1.30","9.41","4.08","3.59","581.4","17780"
"Alex Reyes","STL","3","2","0","0","3.26","0","58","58.0","42","21","5","71","32","3","1.28","11.01","4.95","3.59","372.3","15015"
"Austin Adams","SDP","3","2","0","0","3.39","0","53","53.0","37","20","5","76","35","4","1.35","12.99","5.87","3.60","598.1","13801"
"Clayton Kershaw","LAD","14","7","0","13","3.35","29","29","174.0","146","65","23","186","45","4","1.10","9.63","2.34","3.60","32.5","2036"
"A.J. Minter","ATL","3","2","0","0","3.62","0","60","60.0","52","24","6","66","22","2","1.24","9.94","3.37","3.60","551.8","18655"
"Will Smith","ATL","3","2","0","0","3.55","0","62","62.0","52","24","8","75","20","2","1.17","10.87","2.89","3.60","208.7","8048"
"Craig Kimbrel","CHC","3","2","0","0","3.47","0","63","63.0","46","24","8","85","26","3","1.15","12.10","3.72","3.61","158.3","6655"
"Francis Martes","HOU","0","0","0","0","3.47","0","8","8.0","6","3","1","9","4","0","1.26","10.57","4.02","3.61","999.0","17303"
"Cody Stashak","MIN","3","2","0","0","3.68","0","56","56.0","49","23","7","61","14","2","1.12","9.74","2.25","3.62","600.5","18088"
"Stephen Strasburg","WSN","11","9","0","12","3.60","28","28","164.0","141","66","21","189","50","7","1.17","10.39","2.77","3.63","70.6","10131"
"Brad Hand","WSN","3","2","0","0","3.69","0","65","65.0","57","27","9","78","20","3","1.18","10.84","2.71","3.63","106.5","9111"
"A.J. Puk","OAK","6","5","0","4","3.48","13","27","89.0","72","34","10","102","36","4","1.22","10.27","3.63","3.64","393.4","19343"
"Luis Castillo","CIN","12","10","0","14","3.48","31","31","182.0","149","70","21","214","72","8","1.21","10.59","3.56","3.64","27.6","15689"
"Pierce Johnson","SDP","3","2","0","0","3.62","0","58","58.0","46","23","7","74","25","3","1.23","11.43","3.92","3.65","597.6","13435"
"Jose Leclerc","TEX","3","3","0","0","3.34","0","60","60.0","40","22","6","84","36","4","1.27","12.56","5.38","3.65","274.1","14524"
"Dillon Maples","CHC","0","0","0","0","3.33","0","5","5.0","4","2","0","7","4","0","1.41","12.60","6.38","3.65","999.0","14672"
"Lance McCullers Jr.","HOU","11","8","0","12","3.55","28","28","160.0","139","63","16","171","60","9","1.25","9.60","3.39","3.66","120.3","14120"
"Joakim Soria","ARI","3","2","0","0","3.80","0","60","60.0","55","25","7","62","18","3","1.22","9.37","2.70","3.67","269.4","6941"
"Chris Martin","ATL","3","2","0","0","3.87","0","62","62.0","61","27","8","63","13","2","1.18","9.09","1.83","3.67","325.5","11847"
"Jordan Hicks","STL","2","2","0","0","3.07","0","50","50.0","40","17","3","47","24","4","1.28","8.45","4.29","3.67","223.4","19618"
"Chad Green","NYY","3","2","0","0","3.97","0","60","60.0","55","26","9","74","17","2","1.20","11.03","2.50","3.68","567.2","15552"
"Mark Melancon","SDP","3","2","0","0","3.64","0","57","57.0","56","23","5","45","15","3","1.26","7.05","2.44","3.69","249.9","4264"
"Jesus Luzardo","OAK","10","8","0","11","3.54","26","26","151.0","131","59","17","153","47","6","1.18","9.11","2.82","3.69","107.1","19959"
"Joe Musgrove","SDP","12","9","0","13","3.66","29","29","169.0","151","69","21","172","44","8","1.16","9.17","2.35","3.69","127.0","12970"
"Tyler Rogers","SFG","3","2","0","0","3.61","0","63","63.0","58","25","4","55","24","4","1.30","7.81","3.41","3.69","567.5","15541"
"Giovanny Gallegos","STL","3","3","0","0","3.62","0","63","63.0","53","25","9","74","17","2","1.12","10.55","2.46","3.71","258.8","14986"
"Sixto Sanchez","MIA","8","9","0","10","3.76","24","24","139.0","133","58","14","123","38","5","1.23","7.98","2.47","3.71","135.5","19680"
"Tim Hill","SDP","3","2","0","0","3.58","0","52","52.0","48","21","5","50","17","3","1.25","8.61","2.99","3.71","999.0","16814"
"Diego Castillo","TBR","3","2","0","0","3.34","0","63","63.0","53","23","7","63","21","3","1.18","9.01","3.00","3.71","310.0","17496"
"Blake Treinen","LAD","4","2","0","0","3.70","0","65","65.0","61","27","6","60","22","3","1.28","8.36","3.06","3.72","444.2","12572"
"Trevor Bauer","LAD","15","8","0","15","3.62","31","31","191.0","156","77","25","224","67","10","1.16","10.54","3.14","3.72","14.5","12703"
"Corey Knebel","LAD","3","2","0","0","3.65","0","55","55.0","45","22","7","66","22","3","1.20","10.84","3.53","3.73","565.0","15010"
"Phil Maton","CLE","3","2","0","0","3.76","0","56","56.0","49","23","7","65","20","3","1.23","10.40","3.19","3.74","600.7","18064"
"Tyler Duffey","MIN","3","2","0","0","3.92","0","60","60.0","57","26","8","65","16","2","1.22","9.69","2.45","3.74","556.9","13758"
"Lucas Giolito","CHW","12","8","0","13","3.59","29","29","174.0","141","69","24","210","60","8","1.16","10.87","3.12","3.75","18.5","15474"
"Rowan Wick","CHC","2","2","0","0","3.56","0","52","52.0","42","21","5","54","24","2","1.27","9.39","4.07","3.75","548.8","14646"
"Zac Gallen","ARI","10","9","0","12","3.76","28","28","160.0","138","67","20","174","54","7","1.20","9.79","3.03","3.75","39.7","19291"
"Conner Menez","SFG","0","0","0","0","3.78","0","10","10.0","8","4","1","12","5","1","1.35","10.54","4.65","3.76","999.0","19199"
"Alex Claudio","LAA","3","2","0","0","3.56","0","52","52.0","51","21","4","37","13","2","1.24","6.36","2.24","3.76","999.0","12890"
"Trevor Rosenthal","OAK","3","2","0","0","3.59","0","62","62.0","48","25","6","80","37","4","1.37","11.66","5.34","3.77","139.1","10745"
"Stefan Crichton","ARI","3","2","0","0","4.05","0","58","58.0","57","26","6","54","19","3","1.31","8.34","3.00","3.77","306.5","16058"
"Lou Trivino","OAK","3","2","0","0","3.64","0","58","58.0","51","23","6","57","22","3","1.25","8.92","3.38","3.77","589.8","15043"
"Tommy Kahnle","LAD","0","0","0","0","3.73","0","5","5.0","4","2","1","6","2","0","1.25","10.97","3.63","3.78","999.0","11384"
"Kenta Maeda","MIN","11","9","0","13","3.73","29","29","170.0","145","70","23","192","56","7","1.18","10.15","2.95","3.78","50.6","18498"
"Zack Littell","SFG","0","0","0","0","3.98","0","5","5.0","5","2","0","5","2","0","1.33","8.62","3.43","3.78","999.0","15823"
"Seth Lugo","NYM","3","2","0","1","3.84","2","45","52.0","48","22","8","58","13","2","1.19","10.06","2.33","3.78","514.6","12447"
"Archie Bradley","PHI","3","2","0","0","3.79","0","67","67.0","61","28","8","68","22","3","1.24","9.13","2.90","3.78","252.4","12918"
"Dustin May","LAD","7","5","0","4","3.68","13","35","97.0","91","40","10","83","26","5","1.21","7.69","2.44","3.79","216.2","19716"
"Josh James","HOU","1","1","0","0","3.72","0","24","24.0","19","10","3","31","13","2","1.32","11.50","4.73","3.80","598.7","16794"
"Dylan Floro","MIA","2","3","0","0","4.18","0","60","60.0","64","28","6","49","17","3","1.35","7.36","2.52","3.80","599.7","13394"
"Mike Soroka","ATL","10","7","0","10","3.70","24","24","139.0","134","57","14","111","37","7","1.23","7.17","2.39","3.81","175.5","18383"
"Adam Kolarek","OAK","2","2","0","0","3.49","0","44","44.0","42","17","3","32","14","2","1.28","6.63","2.93","3.81","999.0","10843"
"Peter Fairbanks","TBR","3","2","0","0","3.66","0","60","60.0","51","24","7","71","24","3","1.25","10.58","3.67","3.81","431.2","17998"
"Dennis Santana","LAD","2","1","0","0","3.75","0","40","40.0","34","17","4","43","18","3","1.30","9.70","3.97","3.81","600.4","17878"
"John Brebbia","SFG","1","1","0","0","4.02","0","20","20.0","18","9","3","23","6","1","1.21","10.42","2.85","3.82","999.0","12777"
"Chris Paddack","SDP","8","6","0","9","3.72","19","19","113.0","102","47","16","115","27","5","1.14","9.14","2.16","3.83","108.8","20099"
"Zack Wheeler","PHI","12","9","0","15","3.74","29","29","180.0","170","75","20","162","49","8","1.22","8.08","2.46","3.83","97.0","10310"
"Pablo Lopez","MIA","9","11","0","12","3.78","28","28","160.0","148","67","18","148","48","8","1.23","8.35","2.68","3.83","134.8","17085"
"Zack Britton","NYY","3","2","0","0","3.17","0","63","63.0","55","22","4","51","29","3","1.34","7.35","4.20","3.84","378.4","3240"
"Drew Pomeranz","SDP","3","2","0","0","3.60","0","62","62.0","50","25","8","76","29","3","1.27","10.97","4.17","3.84","205.3","11426"
"Wander Suero","WSN","3","2","0","0","4.02","0","54","54.0","51","24","7","57","18","3","1.27","9.48","3.00","3.84","999.0","15855"
"Silvino Bracho","SFG","0","0","0","0","3.83","0","4","4.0","3","2","1","5","1","0","1.18","10.61","2.95","3.85","999.0","15051"
"Carlos Carrasco","NYM","11","9","0","13","3.84","29","29","172.0","152","73","24","198","57","7","1.21","10.35","2.96","3.85","61.7","6632"
"Trevor May","NYM","3","3","0","0","3.95","0","64","64.0","55","28","9","83","26","3","1.27","11.63","3.72","3.85","517.5","6398"
"Framber Valdez","HOU","11","8","0","11","3.73","26","26","151.0","138","63","15","154","61","8","1.32","9.20","3.62","3.85","112.2","17295"
"Raisel Iglesias","LAA","3","2","0","0","3.67","0","63","63.0","53","26","9","73","20","3","1.15","10.46","2.81","3.85","85.3","17130"
"Sam Selman","SFG","2","2","0","0","3.62","0","50","50.0","38","20","4","63","31","4","1.38","11.39","5.67","3.85","999.0","13397"
"Jace Fry","CHW","2","1","0","0","3.67","0","40","40.0","35","16","4","44","20","2","1.37","9.92","4.57","3.87","999.0","16159"
"Tony Gonsolin","LAD","6","4","0","3","3.78","10","48","94.0","81","39","12","99","32","3","1.20","9.48","3.06","3.87","255.4","19388"
"Matt Barnes","BOS","3","3","0","0","4.02","0","65","65.0","57","29","8","83","32","3","1.36","11.51","4.36","3.87","207.7","12863"
"Kyle Hendricks","CHC","12","10","0","14","3.68","29","29","178.0","165","73","21","144","37","7","1.13","7.30","1.87","3.88","81.9","12049"
"Sonny Gray","CIN","11","10","0","13","3.76","29","29","168.0","146","70","20","182","68","7","1.27","9.75","3.63","3.88","69.4","12768"
"Jose Berrios","MIN","12","9","0","14","3.76","29","29","174.0","155","73","22","172","51","9","1.19","8.90","2.65","3.88","83.5","14168"
"Evan Marshall","CHW","3","2","0","0","3.96","0","60","60.0","58","26","7","60","21","3","1.32","8.95","3.22","3.88","600.5","12297"
"John Schreiber","BOS","1","0","0","0","3.87","0","12","12.0","11","5","1","12","4","1","1.24","8.88","2.87","3.88","999.0","20020"
"Emilio Pagan","SDP","3","2","0","0","3.67","0","61","61.0","50","25","10","68","16","2","1.09","10.02","2.35","3.89","476.2","14771"
"Lance Lynn","CHW","13","10","0","14","3.85","31","31","185.0","164","79","26","205","59","8","1.20","9.98","2.85","3.89","52.7","2520"
"Gabe Speier","KCR","0","0","0","0","3.92","0","5","5.0","5","2","0","5","2","0","1.35","8.37","3.64","3.89","999.0","17170"
"Sam Howard","PIT","1","1","0","0","3.75","0","27","27.0","23","11","3","29","12","2","1.30","9.67","3.91","3.89","999.0","16265"
"Matt Wisler","SFG","3","3","0","0","4.13","0","62","62.0","58","28","9","67","19","3","1.24","9.70","2.74","3.89","584.9","12804"
"Tanner Scott","BAL","3","3","0","0","3.71","0","63","63.0","53","26","5","71","36","3","1.42","10.19","5.15","3.89","581.7","17586"
"Max Fried","ATL","11","9","0","13","3.95","29","29","170.0","164","75","20","164","53","9","1.28","8.69","2.82","3.90","68.9","13743"
"Genesis Cabrera","STL","2","1","0","0","3.49","0","38","38.0","30","15","4","41","18","2","1.26","9.79","4.15","3.90","593.5","17490"
"Tejay Antone","CIN","6","7","0","5","3.95","15","39","109.0","102","48","13","112","41","5","1.31","9.28","3.38","3.91","999.0","16233"
"Frankie Montas","OAK","9","8","0","10","3.88","24","24","138.0","125","59","18","141","45","5","1.23","9.17","2.94","3.91","165.0","14309"
"Julio Urias","LAD","10","7","0","7","3.85","23","35","144.0","129","62","17","140","50","6","1.24","8.78","3.13","3.91","121.6","14765"
"Pedro Strop","CHC","1","1","0","0","3.49","0","30","30.0","25","12","3","29","11","2","1.22","8.63","3.43","3.92","999.0","4070"
"JoJo Romero","PHI","2","1","0","0","3.67","0","36","36.0","33","15","3","33","14","2","1.32","8.24","3.61","3.92","999.0","19574"
"Bobby Wahl","MIL","1","1","0","0","3.81","0","12","12.0","9","5","2","16","6","1","1.25","12.17","4.28","3.92","999.0","14832"
"Michael Feliz","PIT","2","3","0","0","3.99","0","60","60.0","53","27","8","70","25","3","1.30","10.52","3.79","3.93","999.0","11903"
"Ranger Suarez","PHI","2","1","0","0","3.67","0","30","30.0","28","12","3","25","10","1","1.29","7.57","3.07","3.93","999.0","17277"
"Richard Rodriguez","PIT","3","3","0","0","3.72","0","63","63.0","55","26","9","69","19","3","1.17","9.84","2.72","3.94","197.8","13549"
"Carl Edwards Jr.","ATL","0","0","0","0","3.60","0","5","5.0","4","2","0","6","3","0","1.29","10.05","4.63","3.94","999.0","13607"
"Brent Honeywell","TBR","3","3","0","2","3.78","8","11","50.0","45","21","8","53","13","2","1.15","9.56","2.31","3.95","999.0","sa828706"
"Trevor Rogers","MIA","5","7","0","8","4.14","18","18","103.0","98","47","14","109","35","4","1.28","9.51","3.02","3.95","999.0","22286"
"Reyes Moronta","SFG","3","2","0","0","3.81","0","57","57.0","46","24","7","67","28","3","1.29","10.51","4.36","3.95","453.7","14966"
"Austin Davis","PIT","0","0","0","0","3.87","0","3","3.0","3","1","0","3","1","0","1.31","9.15","3.62","3.95","999.0","17117"
"Charlie Morton","ATL","11","9","0","13","3.87","29","29","169.0","151","73","21","178","57","12","1.23","9.47","3.03","3.95","120.3","4676"
"Brett Martin","TEX","2","3","0","0","4.18","0","55","55.0","56","26","6","49","21","2","1.40","8.05","3.42","3.96","999.0","17369"
"MacKenzie Gore","SDP","6","5","0","6","3.85","15","15","84.0","74","36","11","87","27","3","1.20","9.31","2.85","3.96","999.0","sa3005068"
"Alex Wood","SFG","8","9","0","6","4.02","21","33","134.0","131","60","16","121","40","6","1.27","8.13","2.66","3.96","526.6","13781"
"Stephen Tarpley","NYM","0","0","0","0","3.74","0","6","6.0","5","2","1","6","3","0","1.36","9.27","4.35","3.96","999.0","15859"
"Mychal Givens","COL","3","3","0","0","4.32","0","65","65.0","61","31","8","71","24","4","1.31","9.84","3.32","3.96","578.7","10430"
"Hyun-Jin Ryu","TOR","12","9","0","14","3.97","29","29","174.0","171","77","25","168","44","5","1.23","8.69","2.26","3.96","70.3","14444"
"Jacob Barnes","NYM","2","1","0","0","3.98","0","35","35.0","32","15","4","37","15","2","1.33","9.49","3.76","3.96","999.0","12323"
"Adrian Morejon","SDP","4","4","0","3","3.93","10","14","60.0","54","26","8","62","21","2","1.25","9.30","3.11","3.97","561.2","20039"
"Will Harris","WSN","3","2","0","0","3.95","0","58","58.0","57","25","8","54","16","2","1.25","8.39","2.48","3.98","599.8","3192"
"Paul Fry","BAL","2","2","0","0","3.88","0","56","56.0","51","24","5","57","27","4","1.40","9.24","4.39","3.98","999.0","15832"
"German Marquez","COL","10","12","0","15","4.48","31","31","186.0","198","93","25","177","49","8","1.33","8.55","2.39","3.99","175.4","15038"
"Jonathan Holder","CHC","1","1","0","0","4.00","0","12","12.0","11","5","1","10","3","1","1.24","7.60","2.56","3.99","999.0","16588"
"Eric Yardley","MIL","3","2","0","0","3.84","0","56","56.0","55","24","5","43","18","3","1.30","6.95","2.89","4.00","999.0","15538"
"J.P. Feyereisen","MIL","2","2","0","0","3.60","0","36","36.0","27","14","4","42","17","2","1.22","10.39","4.16","4.00","999.0","16610"
"Marcus Stroman","NYM","11","9","0","12","3.80","28","28","161.0","154","68","16","135","57","6","1.31","7.56","3.19","4.00","202.0","13431"
"Anthony Misiewicz","SEA","2","2","0","0","3.87","0","60","60.0","55","26","8","60","21","2","1.26","8.95","3.13","4.01","999.0","18152"
"Richard Bleier","MIA","2","2","0","0","4.04","0","55","55.0","60","25","6","35","12","2","1.30","5.70","1.89","4.01","999.0","7803"
"Kent Emanuel","HOU","1","0","0","0","4.04","0","10","10.0","10","4","1","9","3","0","1.33","8.25","3.15","4.01","999.0","sa549399"
"Duane Underwood Jr.","CHC","2","2","0","0","3.99","0","44","44.0","39","20","5","47","18","2","1.29","9.53","3.61","4.02","999.0","14677"
"Trevor Gott","SFG","0","0","0","0","4.13","0","8","8.0","8","4","1","7","3","0","1.34","8.39","3.49","4.02","999.0","15046"
"Mitchell White","LAD","0","0","0","0","3.84","0","3","3.0","3","1","0","3","1","0","1.29","9.41","3.77","4.02","999.0","19225"
"Chaz Roe","TBR","2","2","0","0","3.96","0","47","47.0","42","21","6","51","20","3","1.31","9.83","3.81","4.02","999.0","9866"
"Miguel Yajure","PIT","3","4","0","2","3.89","8","13","52.0","49","22","6","44","16","2","1.26","7.61","2.79","4.02","999.0","21111"
"Logan Webb","SFG","7","8","0","6","4.10","19","24","118.0","116","54","12","102","42","5","1.33","7.78","3.17","4.03","591.1","17995"
"Ryan Borucki","TOR","3","2","0","0","3.97","0","55","55.0","51","24","6","54","21","2","1.32","8.80","3.50","4.04","600.7","16350"
"Shohei Ohtani","LAA","6","5","0","7","3.83","16","16","94.0","77","40","12","112","44","4","1.29","10.68","4.21","4.04","210.7","19755"
"Ian Anderson","ATL","9","7","0","9","3.83","23","23","130.0","113","55","16","136","53","6","1.27","9.43","3.64","4.05","102.3","19951"
"Andrew Kittredge","TBR","1","1","0","0","4.09","0","15","15.0","15","7","2","15","5","1","1.29","8.76","2.76","4.05","999.0","12828"
"Shane McClanahan","TBR","3","3","0","2","3.90","6","32","64.0","57","28","9","71","25","2","1.28","9.96","3.58","4.05","592.6","sa3008547"
"Eduardo Rodriguez","BOS","9","9","0","11","4.00","26","26","151.0","139","67","20","157","56","5","1.29","9.36","3.33","4.05","221.7","13164"
"Aaron Loup","NYM","2","2","0","0","4.11","0","48","48.0","46","22","6","48","18","3","1.35","8.91","3.45","4.05","999.0","10343"
"Andrew Miller","STL","3","3","0","0","3.64","0","63","63.0","54","25","8","64","24","4","1.23","9.12","3.38","4.06","579.4","6785"
"Joe Kelly","LAD","3","2","0","0","3.96","0","52","52.0","48","23","6","51","22","3","1.34","8.77","3.77","4.07","598.2","9761"
"Taylor Williams","SDP","1","1","0","0","4.06","0","15","15.0","14","7","2","16","6","1","1.32","9.35","3.69","4.07","599.0","14899"
"Josh Sborz","TEX","2","2","0","0","4.08","0","48","48.0","42","22","6","53","22","2","1.34","9.85","4.10","4.07","999.0","18323"
"Jordan Romano","TOR","3","2","0","0","4.03","0","62","62.0","53","28","8","74","29","4","1.31","10.79","4.16","4.07","409.4","16122"
"Amir Garrett","CIN","3","2","0","0","3.88","0","63","63.0","53","27","8","74","29","3","1.30","10.63","4.09","4.07","251.8","14375"
"Sean Hjelle","SFG","2","2","0","2","4.20","5","5","28.0","29","13","3","21","8","2","1.34","6.67","2.60","4.08","999.0","sa3007989"
"Mike Mayers","LAA","3","3","0","0","4.34","0","63","63.0","60","30","10","72","22","3","1.31","10.34","3.16","4.08","530.3","15451"
"Patrick Sandoval","LAA","2","2","0","1","4.00","3","20","36.0","34","16","4","35","14","1","1.33","8.76","3.56","4.09","588.8","19447"
"Craig Stammen","SDP","1","1","0","0","4.27","0","27","27.0","28","13","3","22","7","1","1.30","7.50","2.31","4.09","600.3","7274"
"Brandon Waddell","MIN","0","0","0","0","3.96","0","3","3.0","3","1","0","3","2","0","1.42","8.59","4.54","4.09","999.0","18347"
"Dan Altavilla","SDP","1","1","0","0","4.02","0","16","16.0","14","7","2","18","8","1","1.33","10.20","4.37","4.09","999.0","16507"
"Samuel McWilliams","NYM","0","0","0","0","4.08","0","3","3.0","3","1","0","3","1","0","1.33","8.05","3.38","4.10","999.0","sa829124"
"James Norwood","CHC","0","0","0","0","4.19","0","8","8.0","7","4","1","9","4","0","1.36","10.17","4.35","4.10","999.0","16440"
"J.B. Wendelken","OAK","2","2","0","0","4.01","0","52","52.0","45","23","7","59","22","2","1.29","10.13","3.84","4.10","548.8","14506"
"Jeurys Familia","NYM","3","2","0","0","3.92","0","54","54.0","49","24","5","51","27","3","1.39","8.54","4.44","4.10","601.0","5114"
"Dominic Leone","SFG","0","0","0","0","4.30","0","5","5.0","5","2","1","5","2","0","1.32","9.77","3.44","4.10","999.0","13763"
"Bryse Wilson","ATL","3","3","0","2","4.04","6","18","50.0","48","22","6","45","15","2","1.26","8.06","2.77","4.11","589.0","19990"
"Luke Weaver","ARI","8","9","0","11","4.34","24","24","141.0","139","68","20","138","43","5","1.29","8.82","2.75","4.11","448.2","16918"
"Tommy Hunter","NYM","1","1","0","0","4.10","0","20","20.0","20","9","3","18","5","1","1.23","7.92","2.30","4.11","999.0","1157"
"Joe Jimenez","DET","2","2","0","0","4.09","0","56","56.0","50","25","8","58","19","3","1.23","9.29","2.97","4.11","579.1","15761"
"James Paxton","SEA","8","9","0","11","3.94","24","24","141.0","125","62","22","154","48","3","1.22","9.83","3.06","4.12","236.2","11828"
"Scott Barlow","KCR","3","3","0","0","4.23","0","63","63.0","57","30","8","73","29","4","1.37","10.43","4.20","4.12","560.7","14993"
"Joe Smith","HOU","3","2","0","0","3.86","0","53","53.0","49","23","7","49","14","3","1.20","8.37","2.46","4.12","999.0","3281"
"Brendan McCurry","LAA","0","0","0","0","4.01","0","6","6.0","5","3","1","7","2","0","1.23","9.86","3.09","4.13","999.0","sa829486"
"Sean Manaea","OAK","10","10","0","12","3.85","28","28","161.0","147","69","21","143","46","7","1.20","7.99","2.59","4.13","245.1","15873"
"Jason Adam","CHC","2","2","0","0","4.20","0","54","54.0","47","25","7","63","23","4","1.30","10.44","3.84","4.13","600.7","11861"
"Ben Heller","","1","1","0","0","4.09","0","16","16.0","14","7","2","18","7","1","1.32","10.14","4.16","4.13","999.0","15100"
"Scott Oberg","COL","2","2","0","0","4.31","0","50","50.0","51","24","6","46","18","3","1.36","8.26","3.15","4.14","546.0","13911"
"Derek Law","MIN","1","1","0","0","4.36","0","16","16.0","16","8","2","15","6","1","1.37","8.58","3.46","4.14","999.0","13133"
"Luis Avilan","WSN","0","0","0","0","4.22","0","10","10.0","10","5","1","10","4","1","1.37","9.32","3.80","4.14","999.0","2882"
"Arodys Vizcaino","NYM","0","0","0","0","4.08","0","8","8.0","7","4","1","8","3","0","1.32","9.33","3.73","4.15","999.0","5498"
"Taylor Hearn","TEX","2","2","0","0","3.94","0","53","53.0","44","23","7","63","26","2","1.33","10.67","4.44","4.15","600.9","18325"
"Scott Alexander","LAD","2","1","0","0","3.84","0","28","28.0","28","12","2","21","12","1","1.40","6.86","3.71","4.15","999.0","10591"
"Adam Ottavino","BOS","3","3","0","0","4.12","0","64","64.0","53","29","8","78","34","4","1.35","10.95","4.72","4.15","402.2","1247"
"Ryan Tepera","CHC","2","2","0","0","3.98","0","55","55.0","48","24","7","57","22","3","1.26","9.37","3.55","4.15","600.5","10291"
"David Price","LAD","9","7","0","9","4.12","23","23","129.0","119","59","19","133","42","5","1.25","9.28","2.94","4.15","187.6","3184"
"Tyler Alexander","DET","2","2","0","0","4.35","0","53","53.0","55","26","8","45","12","2","1.27","7.71","2.03","4.16","999.0","17735"
"Michael King","NYY","2","2","0","1","4.02","3","21","37.0","35","17","5","34","11","2","1.24","8.20","2.57","4.16","600.3","19853"
"Randy Dobnak","MIN","7","7","0","5","4.06","15","41","111.0","113","50","11","75","31","5","1.30","6.09","2.53","4.16","546.1","23798"
"Josh Taylor","BOS","2","1","0","0","4.50","0","35","35.0","35","18","4","37","16","2","1.48","9.55","4.24","4.16","999.0","17359"
"Kyle Crick","PIT","2","3","0","0","3.86","0","56","56.0","46","24","6","62","31","5","1.38","10.00","4.95","4.16","597.3","13182"
"Jameson Taillon","NYY","9","7","0","10","4.19","23","23","134.0","132","62","19","121","34","6","1.24","8.11","2.31","4.17","197.9","11674"
"Miguel Castro","NYM","3","2","0","0","3.75","0","60","60.0","49","25","7","64","28","3","1.28","9.53","4.20","4.17","999.0","15684"
"Darren O'Day","NYY","3","2","0","0","3.90","0","55","55.0","46","24","9","66","20","3","1.18","10.80","3.19","4.17","600.5","3321"
"Oliver Drake","TBR","1","1","0","0","4.05","0","18","18.0","17","8","3","18","6","1","1.29","9.17","3.24","4.18","999.0","8823"
"Greg Holland","KCR","3","2","0","0","4.01","0","58","58.0","51","26","7","59","28","3","1.35","9.19","4.29","4.19","238.1","7196"
"Wandy Peralta","SFG","2","2","0","0","4.15","0","42","42.0","41","19","4","35","17","2","1.39","7.53","3.65","4.19","999.0","14295"
"Hector Neris","PHI","3","2","0","0","4.05","0","63","63.0","56","28","10","72","22","4","1.24","10.34","3.18","4.19","291.5","11804"
"Sean Doolittle","CIN","3","2","0","0","3.93","0","51","51.0","45","22","9","53","12","2","1.12","9.43","2.10","4.19","522.4","1581"
"Triston McKenzie","CLE","8","8","0","9","3.92","23","23","129.0","111","56","21","139","41","5","1.18","9.69","2.86","4.19","190.0","18000"
"Justin Wilson","NYY","3","2","0","0","4.03","0","58","58.0","50","26","7","65","29","2","1.37","10.15","4.52","4.19","601.0","4301"
"Ty Buttrey","LAA","3","2","0","0","4.28","0","56","56.0","54","27","7","53","21","3","1.34","8.58","3.33","4.20","599.5","14719"
"Jordan Montgomery","NYY","9","7","0","10","4.06","23","23","132.0","124","60","20","132","43","4","1.27","9.03","2.96","4.20","246.3","16511"
"Edward Cabrera","MIA","2","3","0","2","4.30","5","20","43.0","41","21","5","43","18","2","1.36","9.08","3.74","4.20","999.0","sa920423"
"Jesse Hahn","KCR","3","2","0","0","4.18","0","56","56.0","53","26","5","51","26","3","1.42","8.26","4.25","4.20","596.8","13287"
"Miles Mikolas","STL","8","8","0","10","3.98","23","23","131.0","129","58","18","99","27","7","1.19","6.82","1.88","4.21","423.6","9803"
"Adam Morgan","CHC","0","0","0","0","4.19","0","4","4.0","4","2","1","4","1","0","1.29","9.16","3.22","4.21","999.0","12580"
"Alex Colome","MIN","3","3","0","0","4.31","0","65","65.0","67","31","8","52","21","3","1.34","7.16","2.86","4.21","153.5","6661"
"Chris Devenski","ARI","2","2","0","0","4.47","0","48","48.0","47","24","7","47","14","2","1.27","8.86","2.60","4.21","599.7","12763"
"Patrick Corbin","WSN","11","11","0","15","4.29","31","31","184.0","180","88","27","183","63","6","1.32","8.94","3.09","4.21","135.3","9323"
"Beau Burrows","DET","1","1","0","0","4.15","0","29","29.0","26","13","3","27","12","1","1.33","8.49","3.83","4.21","999.0","18873"
"Matt Strahm","SDP","2","2","0","0","4.01","0","42","42.0","38","19","6","42","13","2","1.21","8.98","2.68","4.21","600.7","13799"
"Chris Flexen","SEA","5","7","0","5","4.12","16","21","99.0","92","45","15","100","34","4","1.27","9.11","3.11","4.22","579.4","13896"
"Caleb Thielbar","MIN","3","2","0","0","4.24","0","55","55.0","51","26","8","55","20","2","1.30","8.98","3.29","4.22","999.0","10078"
"Brandon Brennan","SEA","2","2","0","0","4.09","0","48","48.0","44","22","6","48","21","2","1.37","8.99","3.97","4.22","999.0","13527"
"Cam Bedrosian","CIN","2","2","0","0","4.34","0","48","48.0","48","23","6","44","17","2","1.35","8.29","3.19","4.22","600.7","13360"
"Robert Gsellman","NYM","1","1","0","0","4.40","0","14","14.0","15","7","2","11","5","1","1.38","7.15","3.09","4.23","999.0","13696"
"Ryan Thompson","TBR","3","2","0","0","4.06","0","56","56.0","55","25","7","48","17","3","1.29","7.64","2.77","4.23","999.0","16647"
"Michael Kopech","CHW","6","6","0","5","4.15","15","31","101.0","87","47","14","118","46","7","1.32","10.55","4.13","4.23","309.2","17282"
"Lewis Thorpe","MIN","2","2","0","1","4.36","2","34","41.0","40","20","6","40","15","1","1.34","8.77","3.27","4.23","999.0","15906"
"Riley Smith","ARI","2","3","0","1","4.31","3","33","49.0","49","23","6","42","16","2","1.33","7.65","3.02","4.23","999.0","19826"
"Geoff Hartlieb","PIT","1","1","0","0","4.08","0","16","16.0","16","7","2","14","7","1","1.40","7.71","3.83","4.23","999.0","19558"
"James Hoyt","MIA","2","2","0","0","4.44","0","50","50.0","47","25","7","58","23","3","1.39","10.47","4.05","4.23","600.9","14605"
"Michael Pineda","MIN","10","10","0","12","4.39","28","28","160.0","160","78","25","150","43","6","1.27","8.46","2.42","4.24","238.5","5372"
"Yimi Garcia","MIA","3","3","0","0","4.02","0","63","63.0","57","28","11","65","16","3","1.15","9.34","2.24","4.24","364.5","12095"
"Daniel Norris","DET","3","4","0","2","4.43","5","47","70.0","69","34","9","65","25","2","1.34","8.34","3.17","4.24","593.5","13475"
"Jeremy Jeffress","WSN","2","2","0","0","4.28","0","53","53.0","54","25","6","45","20","3","1.40","7.60","3.40","4.24","544.8","9490"
"Collin McHugh","TBR","4","3","0","1","4.19","3","53","69.0","65","32","10","71","24","3","1.28","9.25","3.14","4.24","596.9","7531"
"Ryan Helsley","STL","3","2","0","0","3.81","0","52","52.0","43","22","6","50","24","2","1.30","8.74","4.24","4.25","600.6","18138"
"Jorge Alcala","MIN","2","2","0","0","4.14","0","42","42.0","37","19","5","45","20","2","1.35","9.54","4.23","4.25","600.4","19459"
"Ryan Weathers","SDP","2","2","0","2","4.33","5","8","31.0","32","15","4","27","9","1","1.29","7.71","2.49","4.25","999.0","sa3008436"
"Mike Montgomery","NYM","1","1","0","0","4.00","0","28","28.0","27","12","3","24","11","2","1.35","7.65","3.49","4.25","999.0","4869"
"Taylor Widener","ARI","2","2","0","0","4.20","0","47","47.0","40","22","6","53","22","2","1.32","10.07","4.21","4.25","600.5","19266"
"Zack Greinke","HOU","12","10","0","15","3.98","31","31","186.0","176","82","30","166","40","5","1.16","8.03","1.94","4.25","106.2","1943"
"Drew Smyly","ATL","9","8","0","10","4.18","24","24","138.0","118","64","22","164","57","4","1.27","10.69","3.70","4.25","230.9","11760"
"Carlos Martinez","STL","9","8","0","10","3.83","24","24","138.0","125","59","16","117","51","8","1.27","7.65","3.29","4.26","404.6","11682"
"Blake Parker","CLE","2","2","0","0","4.18","0","48","48.0","44","22","8","52","15","2","1.23","9.84","2.82","4.26","999.0","5224"
"Evan Kruczynski","STL","0","0","0","0","4.03","0","4","4.0","4","2","0","4","2","0","1.33","8.11","3.56","4.26","999.0","sa3004341"
"Spencer Turnbull","DET","8","10","0","11","4.40","26","26","149.0","144","73","17","133","59","9","1.37","8.03","3.58","4.26","384.1","16207"
"Tim Mayza","TOR","0","0","0","0","4.44","0","3","3.0","3","1","0","3","1","0","1.44","9.44","4.08","4.26","999.0","15042"
"Oliver Perez","CLE","2","2","0","0","4.24","0","55","55.0","54","26","8","51","17","3","1.29","8.41","2.82","4.26","999.0","1514"
"Michael Lorenzen","CIN","7","8","0","6","4.24","18","39","124.0","119","58","16","115","47","7","1.34","8.37","3.38","4.27","450.1","14843"
"Jake Odorizzi","","0","0","0","11","4.00","26","26","150.0","127","67","23","166","59","5","1.24","9.93","3.54","4.27","306.9","6397"
"Zach Eflin","PHI","11","10","0","13","4.09","29","29","169.0","160","77","26","156","47","8","1.22","8.33","2.51","4.27","200.7","13774"
"Sergio Romo","OAK","3","3","0","0","4.02","0","60","60.0","53","27","9","60","19","2","1.20","9.07","2.85","4.27","581.6","9817"
"Mitch Keller","PIT","7","9","0","10","4.22","23","23","132.0","125","62","17","124","52","7","1.34","8.45","3.52","4.28","309.8","17594"
"John Gant","STL","3","3","0","1","4.07","2","44","51.0","47","23","6","47","22","2","1.36","8.31","3.95","4.28","600.0","13684"
"Sean Newcomb","ATL","2","1","0","0","3.99","0","40","40.0","35","18","4","39","21","2","1.41","8.83","4.74","4.28","999.0","16943"
"Tony Watson","PHI","3","2","0","0","3.93","0","52","52.0","51","23","7","42","12","2","1.20","7.18","2.05","4.29","599.8","3132"
"Brad Brach","KCR","2","2","0","0","4.33","0","44","44.0","42","21","5","42","19","2","1.38","8.60","3.87","4.29","999.0","6627"
"Zach Plesac","CLE","9","9","0","11","4.06","26","26","150.0","138","68","23","140","43","6","1.20","8.41","2.57","4.29","76.0","19979"
"Jake Newberry","KCR","1","1","0","0","4.25","0","30","30.0","28","14","4","28","12","1","1.34","8.52","3.70","4.29","999.0","15136"
"Sal Romano","CIN","2","2","0","0","4.62","0","42","42.0","44","22","5","37","15","2","1.41","7.98","3.21","4.29","999.0","13690"
"Elieser Hernandez","MIA","8","10","0","11","4.16","26","26","147.0","133","68","24","155","45","8","1.21","9.47","2.75","4.30","239.0","16933"
"Jeffrey Springs","TBR","1","1","0","0","4.26","0","24","24.0","22","11","4","28","10","1","1.33","10.35","3.82","4.31","999.0","17677"
"Brady Singer","KCR","8","9","0","11","4.37","24","24","139.0","142","67","17","114","45","7","1.35","7.39","2.92","4.31","251.7","25377"
"Chris Archer","TBR","9","8","0","11","4.21","24","24","140.0","127","65","23","160","54","5","1.30","10.31","3.49","4.31","473.3","6345"
"Jonathan Brubaker","PIT","7","10","0","6","4.26","21","29","130.0","127","62","16","116","47","8","1.34","8.05","3.28","4.31","512.9","17578"
"Sandy Alcantara","MIA","9","12","0","14","4.20","29","29","174.0","165","81","20","149","66","10","1.33","7.69","3.42","4.32","143.9","18684"
"Luke Jackson","ATL","2","1","0","0","4.44","0","36","36.0","36","18","4","34","14","2","1.41","8.45","3.62","4.32","600.5","11752"
"Steve Cishek","TEX","2","2","0","0","3.93","0","41","41.0","36","18","5","39","16","3","1.27","8.62","3.50","4.32","600.0","6483"
"Nathan Eovaldi","BOS","9","9","0","11","4.40","26","26","150.0","147","73","23","154","55","6","1.35","9.22","3.31","4.32","247.1","9132"
"Adrian Houser","MIL","8","8","0","10","4.23","23","23","132.0","130","62","17","111","44","7","1.32","7.59","3.00","4.32","508.4","12718"
"Ryan Yarbrough","TBR","10","9","0","12","4.15","28","28","161.0","159","74","25","135","37","8","1.22","7.56","2.05","4.32","256.7","16502"
"Nick Wittgren","CLE","3","3","0","0","4.41","0","63","63.0","62","31","10","64","19","3","1.29","9.09","2.69","4.32","532.2","15594"
"Daulton Jefferies","OAK","3","3","0","3","4.10","8","8","46.0","43","21","7","40","13","2","1.22","7.77","2.47","4.32","594.8","19345"
"Brad Keller","KCR","9","10","0","12","4.20","28","28","162.0","165","76","16","112","61","7","1.39","6.23","3.37","4.33","358.7","15734"
"Kyle Zimmer","KCR","2","2","0","0","4.38","0","55","55.0","52","27","7","56","26","3","1.41","9.22","4.22","4.33","600.9","14169"
"Edgar Santana","PIT","1","2","0","0","4.29","0","37","37.0","38","18","5","30","11","2","1.31","7.40","2.59","4.33","999.0","17355"
"Ian Gibaut","MIN","1","1","0","0","4.23","0","20","20.0","18","9","3","21","10","1","1.37","9.57","4.37","4.33","999.0","17871"
"Chris Bassitt","OAK","10","10","0","12","4.05","28","28","163.0","149","73","22","146","55","10","1.25","8.09","3.06","4.33","186.0","12304"
"Jimmy Nelson","LAD","1","1","0","1","4.38","2","10","17.0","16","8","2","17","7","1","1.34","8.75","3.49","4.33","600.9","10547"
"Austin Brice","BOS","2","2","0","0","4.39","0","42","42.0","40","20","6","43","15","3","1.31","9.28","3.12","4.33","999.0","17237"
"Erik Swanson","SEA","2","2","0","0","4.06","0","39","39.0","36","18","6","39","12","2","1.21","8.94","2.67","4.33","999.0","16587"
"Cal Quantrill","CLE","6","8","0","6","4.42","18","26","111.0","111","55","16","100","34","5","1.31","8.13","2.79","4.33","442.0","19312"
"Luis Patino","TBR","4","4","0","3","4.00","10","15","61.0","54","27","9","60","23","3","1.26","8.84","3.36","4.34","999.0","22815"
"Tyler Mahle","CIN","9","9","0","11","4.24","26","26","147.0","138","69","24","153","45","8","1.24","9.38","2.73","4.34","182.1","16358"
"Marco Gonzales","SEA","10","11","0","14","4.15","29","29","175.0","173","81","26","143","45","6","1.25","7.34","2.33","4.34","174.2","15467"
"Matthew Manning","DET","2","3","0","4","4.37","8","8","47.0","45","23","6","43","17","2","1.33","8.16","3.33","4.34","999.0","sa917924"
"Dane Dunning","TEX","7","9","0","9","4.23","23","23","129.0","122","61","18","121","47","7","1.31","8.47","3.25","4.34","305.5","19409"
"Joey Lucchesi","PIT","4","4","0","3","4.10","10","15","61.0","56","28","9","60","21","2","1.27","8.78","3.16","4.34","577.3","19320"
"Chasen Shreve","PIT","2","2","0","0","4.06","0","52","52.0","45","23","7","58","24","2","1.33","10.03","4.18","4.34","999.0","10855"
"Jacob Waguespack","TOR","0","0","0","0","4.57","0","4","4.0","4","2","0","4","2","0","1.44","8.33","3.89","4.35","999.0","18318"
"Kyle Ryan","CHC","2","2","0","0","4.09","0","42","42.0","40","19","4","35","18","2","1.38","7.47","3.94","4.35","999.0","11753"
"David Phelps","TOR","3","2","0","0","4.45","0","57","57.0","54","28","9","67","23","3","1.36","10.52","3.69","4.35","999.0","6316"
"Tyler Clippard","ARI","3","3","0","0","4.11","0","64","64.0","55","29","10","66","22","3","1.19","9.23","3.04","4.36","595.9","5640"
"Chris Stratton","PIT","2","3","0","0","4.57","0","63","63.0","64","32","8","60","25","3","1.42","8.53","3.59","4.36","599.0","13761"
"Andrew Heaney","LAA","10","10","0","13","4.34","29","29","168.0","159","81","29","178","53","7","1.26","9.51","2.83","4.36","214.5","15423"
"Adam Cimber","MIA","2","2","0","0","4.30","0","42","42.0","44","20","5","29","11","2","1.31","6.23","2.33","4.36","999.0","15288"
"Jhoan Duran","MIN","2","2","0","2","4.31","5","5","28.0","27","13","4","26","11","1","1.34","8.24","3.39","4.36","999.0","sa873347"
"Tanner Rainey","WSN","3","3","0","0","4.10","0","63","63.0","49","29","8","87","41","4","1.44","12.36","5.91","4.37","475.7","17610"
"Jon Duplantier","ARI","1","1","0","1","4.46","3","8","24.0","23","12","3","23","11","1","1.42","8.53","4.22","4.37","999.0","19546"
"Tarik Skubal","DET","6","8","0","9","4.37","19","19","113.0","103","55","18","121","43","4","1.29","9.67","3.42","4.37","999.0","22267"
"Wade Davis","KCR","2","2","0","0","4.46","0","53","53.0","51","26","7","48","22","3","1.38","8.20","3.74","4.37","600.8","7441"
"Sean Reid-Foley","NYM","0","0","0","0","4.14","0","3","3.0","3","1","0","3","2","0","1.40","10.26","5.00","4.38","999.0","17034"
"Caleb Baragar","SFG","1","1","0","0","4.20","0","24","24.0","21","11","3","24","10","1","1.30","9.12","3.75","4.38","999.0","19231"
"Franklyn Kilome","NYM","0","0","0","0","4.25","0","5","5.0","4","2","1","5","3","0","1.44","9.48","4.91","4.38","999.0","17861"
"Adbert Alzolay","CHC","6","6","0","5","4.17","15","25","95.0","83","44","14","97","39","4","1.29","9.18","3.70","4.38","396.0","17859"
"David Robertson","","3","3","0","0","4.14","0","50","50.0","43","23","7","56","22","2","1.31","10.06","4.04","4.38","599.7","8241"
"Robert Stock","CHC","0","0","0","0","4.41","0","4","4.0","4","2","0","4","2","0","1.44","8.67","4.34","4.39","601.0","6576"
"Kris Bubic","KCR","7","9","0","10","4.37","23","23","129.0","126","63","17","116","49","5","1.36","8.11","3.44","4.39","999.0","21455"
"Zach Davies","CHC","9","10","0","12","4.33","28","28","160.0","158","77","20","124","54","6","1.33","6.96","3.06","4.39","251.8","13183"
"Tyler Webb","STL","3","2","0","0","4.06","0","56","56.0","52","25","8","51","20","2","1.27","8.25","3.16","4.39","999.0","14974"
"Matthew Boyd","DET","9","11","0","13","4.27","29","29","171.0","156","81","29","177","55","7","1.24","9.33","2.88","4.39","302.0","15440"
"Shaun Anderson","MIN","1","1","0","1","4.49","2","16","23.0","23","11","3","19","8","1","1.37","7.60","3.18","4.39","999.0","19453"
"Eric Lauer","MIL","5","7","0","5","4.37","15","25","95.0","92","46","14","88","34","4","1.33","8.35","3.18","4.39","599.1","19316"
"Tyler Matzek","ATL","3","2","0","0","4.24","0","56","56.0","48","26","6","63","36","3","1.50","10.12","5.73","4.40","587.7","10058"
"John Curtiss","MIA","2","3","0","0","4.35","0","56","56.0","51","27","8","59","26","3","1.37","9.42","4.22","4.40","600.1","16128"
"Lucas Sims","CIN","3","3","0","0","4.24","0","63","63.0","53","30","10","78","29","5","1.31","11.17","4.21","4.40","414.0","13470"
"Carlos Estevez","COL","2","2","0","0","4.85","0","42","42.0","44","23","6","42","16","2","1.42","9.06","3.38","4.40","999.0","14542"
"David Peterson","NYM","6","6","0","7","4.28","16","16","92.0","90","44","12","81","36","4","1.37","7.90","3.53","4.40","999.0","20302"
"Corey Kluber","NYY","10","8","0","12","4.20","26","26","155.0","145","72","27","158","44","6","1.22","9.16","2.55","4.40","182.2","2429"
"Matt Andriese","BOS","3","3","0","0","4.63","0","60","60.0","61","31","10","60","20","3","1.36","9.03","3.00","4.41","600.1","12022"
"Ian Krol","DET","0","1","0","0","4.55","0","12","12.0","12","6","2","11","5","1","1.42","8.62","3.77","4.41","999.0","10066"
"Devin Smeltzer","MIN","2","3","0","2","4.54","6","16","48.0","50","24","7","40","13","2","1.30","7.56","2.45","4.42","600.8","19487"
"Anthony DeSclafani","SFG","9","11","0","12","4.48","28","28","157.0","156","78","23","139","53","6","1.33","7.97","3.04","4.42","472.8","13050"
"Daniel Ponce de Leon","STL","6","7","0","5","3.96","15","40","110.0","89","48","14","115","54","7","1.30","9.41","4.40","4.43","528.4","16110"
"Juan Minaya","MIN","0","0","0","0","4.76","0","6","6.0","6","3","1","6","3","0","1.42","9.12","4.05","4.43","999.0","10341"
"Brandon Kintzler","PHI","3","2","0","0","4.30","0","56","56.0","59","27","7","41","15","3","1.32","6.52","2.46","4.43","480.0","9939"
"Anthony Bass","MIA","3","3","0","0","4.39","0","63","63.0","63","31","8","54","23","3","1.38","7.69","3.34","4.43","295.1","7982"
"T.J. McFarland","WSN","0","0","0","0","4.57","0","8","8.0","9","4","1","5","2","0","1.46","5.13","2.64","4.43","999.0","3237"
"Anthony Kay","TOR","1","1","0","0","4.43","0","28","28.0","26","14","4","29","14","1","1.44","9.19","4.51","4.44","598.0","20387"
"Spencer Howard","PHI","5","4","0","6","4.41","13","13","75.0","73","37","12","72","24","3","1.30","8.58","2.91","4.44","999.0","23252"
"Kyle Finnegan","WSN","2","2","0","0","4.39","0","36","36.0","34","18","5","38","16","2","1.38","9.55","3.93","4.45","999.0","15009"
"Carlos Rodon","CHW","7","7","0","5","4.46","16","38","116.0","108","58","17","118","50","6","1.36","9.19","3.91","4.47","572.1","16137"
"Yusei Kikuchi","SEA","9","11","0","12","4.21","28","28","159.0","150","74","23","144","58","6","1.31","8.13","3.30","4.47","329.2","20633"
"Pedro Baez","HOU","3","3","0","0","3.99","0","64","64.0","54","28","10","62","24","3","1.22","8.69","3.32","4.47","589.2","5420"
"Kendall Graveman","SEA","2","3","0","0","4.20","0","63","63.0","63","29","9","48","19","3","1.31","6.90","2.75","4.47","593.7","15514"
"Jarlin Garcia","SFG","2","2","0","0","4.33","0","55","55.0","53","26","8","47","20","2","1.33","7.75","3.24","4.47","600.6","18282"
"Matt Shoemaker","MIN","7","7","0","9","4.48","19","19","110.0","107","55","17","101","37","5","1.32","8.29","3.06","4.47","535.3","4776"
"Phillips Valdez","BOS","1","1","0","0","4.56","0","28","28.0","28","14","3","24","13","2","1.46","7.85","4.03","4.47","999.0","15605"
"Taijuan Walker","NYM","9","9","0","11","4.28","26","26","150.0","142","71","21","138","54","9","1.30","8.28","3.24","4.48","280.4","11836"
"Mike Minor","KCR","10","11","0","14","4.27","29","29","173.0","160","82","26","160","60","6","1.27","8.34","3.14","4.48","314.3","10021"
"Jose Quintana","LAA","9","10","0","12","4.49","28","28","158.0","157","79","24","143","55","6","1.34","8.16","3.13","4.48","499.3","11423"
"Yusmeiro Petit","OAK","3","3","0","0","4.08","0","66","66.0","63","30","12","54","13","2","1.14","7.41","1.73","4.48","595.5","4020"
"Josh Lindblom","MIL","10","11","0","13","4.42","29","29","168.0","160","83","29","164","50","7","1.25","8.77","2.67","4.48","321.6","7882"
"Aaron Sanchez","SFG","6","8","0","6","4.41","18","30","115.0","111","56","12","95","54","6","1.43","7.42","4.21","4.48","547.6","11490"
"Sean Poppen","PIT","1","1","0","2","4.34","3","3","19.0","19","9","2","16","8","1","1.38","7.70","3.60","4.49","999.0","19583"
"Jonathan Hernandez","TEX","2","3","0","0","4.34","0","63","63.0","58","30","9","66","31","3","1.40","9.39","4.38","4.49","421.1","17464"
"Aaron Civale","CLE","8","9","0","11","4.43","24","24","140.0","141","69","22","118","39","5","1.29","7.56","2.51","4.50","196.6","19479"
"Trevor Richards","TBR","1","0","0","0","4.32","0","12","12.0","11","6","2","11","4","1","1.32","8.43","3.25","4.50","599.7","19309"
"Nick Margevicius","SEA","2","3","0","2","4.33","5","15","38.0","37","18","6","33","12","1","1.28","7.73","2.73","4.50","600.4","20395"
"Harrison Holmes","OAK","2","3","0","2","4.21","6","14","46.0","42","22","6","42","19","2","1.34","8.30","3.76","4.50","999.0","sa828669"
"Joe Gatto","TEX","0","0","0","0","4.74","0","3","3.0","3","2","0","3","2","0","1.57","8.12","5.03","4.50","999.0","sa828693"
"Clay Holmes","PIT","0","0","0","0","4.08","0","8","8.0","7","4","1","8","5","1","1.53","8.47","5.70","4.50","999.0","13649"
"Charles Whitley","HOU","4","4","0","5","4.37","11","11","65.0","59","32","10","70","30","3","1.37","9.75","4.17","4.51","999.0","sa917930"
"Andrew Triggs","","1","1","0","0","4.34","0","15","15.0","14","7","2","14","6","1","1.32","8.25","3.34","4.51","999.0","13533"
"Garrett Richards","BOS","8","8","0","10","4.50","23","23","132.0","128","66","19","130","57","5","1.40","8.87","3.92","4.51","446.2","9784"
"Josh Fleming","TBR","5","5","0","4","4.30","13","17","79.0","81","38","12","59","22","2","1.30","6.75","2.45","4.51","999.0","20418"
"Jose Alvarez","","2","3","0","0","4.54","0","40","40.0","41","20","6","35","13","2","1.36","7.82","2.95","4.51","999.0","5358"
"Trevor Williams","CHC","7","8","0","9","4.34","21","21","117.0","113","56","16","93","37","5","1.28","7.12","2.82","4.51","585.0","16977"
"Jose Urquidy","HOU","9","9","0","11","4.37","26","26","149.0","146","72","25","129","40","5","1.25","7.82","2.39","4.51","199.3","18413"
"Noe Ramirez","CIN","3","2","0","0","4.53","0","60","60.0","58","30","9","59","21","4","1.33","8.86","3.19","4.52","599.3","12800"
"Cody Reed","TBR","2","1","0","0","4.34","0","36","36.0","34","17","4","36","19","2","1.48","9.03","4.76","4.52","999.0","15232"
"Griffin Canning","LAA","8","8","0","11","4.35","24","24","138.0","127","67","23","138","49","7","1.27","8.98","3.17","4.52","304.6","19867"
"Chad Sobotka","ATL","0","0","0","0","4.45","0","10","10.0","9","5","1","12","5","1","1.43","10.47","4.93","4.52","999.0","17470"
"Taylor Clarke","ARI","2","2","0","0","4.31","0","35","35.0","32","17","5","32","14","2","1.31","8.31","3.61","4.53","600.9","17611"
"Sam Coonrod","PHI","1","1","0","0","4.35","0","20","20.0","18","10","2","20","10","2","1.40","9.04","4.57","4.53","999.0","17264"
"Alex Young","ARI","3","4","0","2","4.58","6","28","60.0","60","31","9","53","22","2","1.36","7.89","3.31","4.53","600.4","18333"
"Vince Velasquez","PHI","8","9","0","7","4.40","23","28","137.0","126","67","23","148","53","7","1.31","9.73","3.50","4.53","561.4","11189"
"Daniel Hudson","WSN","3","3","0","0","4.50","0","60","60.0","55","30","9","65","27","4","1.36","9.79","3.98","4.53","530.3","7146"
"Hector Rondon","PHI","0","0","0","0","4.48","0","10","10.0","10","5","2","9","3","0","1.33","8.12","3.10","4.53","999.0","2391"
"Dylan Bundy","LAA","10","10","0","13","4.38","29","29","171.0","159","83","30","173","56","7","1.26","9.12","2.97","4.54","119.5","12917"
"Ryan Sherriff","TBR","2","2","0","0","4.23","0","44","44.0","44","21","6","33","16","2","1.36","6.81","3.23","4.54","999.0","12249"
"Luis Garcia","NYY","1","0","0","0","4.57","0","10","10.0","10","5","1","9","4","1","1.42","8.30","3.72","4.55","999.0","6984"
"Corbin Martin","ARI","5","6","0","6","4.46","15","15","83.0","79","41","12","73","31","3","1.33","7.86","3.36","4.55","575.7","19884"
"Paul Blackburn","OAK","1","1","0","1","4.32","2","5","12.0","12","6","1","8","4","0","1.33","5.80","2.80","4.55","999.0","14739"
"Merrill Kelly","ARI","8","10","0","8","4.72","24","27","146.0","151","77","22","126","48","5","1.36","7.76","2.99","4.55","504.5","11156"
"James Pazos","LAD","0","0","0","0","4.53","0","3","3.0","3","2","0","2","1","0","1.44","7.19","3.83","4.55","999.0","13323"
"Rafael Montero","SEA","2","3","0","0","4.51","0","63","63.0","58","32","9","69","33","3","1.44","9.81","4.70","4.55","170.3","12760"
"Grant Dayton","ATL","1","1","0","0","4.45","0","26","26.0","25","13","5","28","9","1","1.30","9.69","3.17","4.56","999.0","11203"
"Brandon Workman","CHC","2","3","0","0","4.60","0","58","58.0","54","30","9","64","27","2","1.40","9.91","4.18","4.56","556.9","11428"
"Logan Allen","CLE","6","8","0","6","4.67","19","23","117.0","119","61","16","100","47","5","1.42","7.72","3.59","4.56","598.3","18555"
"Keury Mella","ARI","0","0","0","0","4.80","0","3","3.0","3","2","0","3","1","0","1.45","7.84","3.92","4.57","999.0","15964"
"Ryne Harper","WSN","1","1","0","0","4.96","0","18","18.0","20","10","3","17","6","1","1.41","8.42","2.82","4.58","999.0","12680"
"Wes Benjamin","TEX","1","1","0","0","4.63","0","20","20.0","20","10","3","18","8","1","1.40","8.23","3.52","4.58","999.0","19243"
"Nate Jones","ATL","0","0","0","0","4.55","0","8","8.0","8","4","1","8","3","0","1.36","8.64","3.44","4.58","999.0","4696"
"Danny Duffy","KCR","9","11","0","12","4.49","28","28","158.0","153","79","24","143","58","6","1.33","8.13","3.30","4.58","533.2","3542"
"Jaime Barria","LAA","2","2","0","1","4.37","3","25","41.0","39","20","7","37","12","2","1.26","8.08","2.74","4.58","594.2","18356"
"Kyle Barraclough","NYY","0","0","0","0","4.41","0","4","4.0","4","2","1","4","2","0","1.41","9.87","4.71","4.59","999.0","13713"
"Bernardo Flores Jr.","CHW","1","1","0","1","4.55","2","7","14.0","15","7","2","11","4","0","1.33","6.98","2.45","4.59","999.0","19561"
"Colten Brewer","BOS","1","1","0","0","4.83","0","24","24.0","25","13","3","23","11","1","1.50","8.45","4.13","4.59","999.0","12997"
"Rex Brothers","CHC","0","0","0","0","4.29","0","3","3.0","2","1","0","4","2","0","1.58","12.10","7.25","4.59","999.0","9794"
"Brandon Morrow","LAD","0","0","0","0","4.55","0","8","8.0","8","4","1","7","3","0","1.35","8.26","3.08","4.59","599.3","9346"
"Dillon Tate","BAL","2","3","0","0","4.39","0","60","60.0","58","29","9","54","23","4","1.35","8.07","3.38","4.59","599.5","17796"
"Ryan Buchter","ARI","1","1","0","0","4.50","0","32","32.0","29","16","5","34","15","1","1.36","9.55","4.15","4.59","999.0","9456"
"Josh Staumont","KCR","3","3","0","0","4.37","0","63","63.0","51","31","7","76","46","5","1.54","10.85","6.53","4.59","485.0","18335"
"Dan Otero","NYY","1","1","0","0","4.53","0","18","18.0","20","9","3","11","3","1","1.30","5.42","1.58","4.60","999.0","7385"
"Ross Stripling","TOR","7","7","0","5","4.69","15","45","115.0","121","60","20","102","33","4","1.34","7.97","2.55","4.61","519.0","13273"
"Connor Seabold","BOS","2","2","0","3","4.60","6","6","37.0","37","19","6","33","12","2","1.32","7.97","2.80","4.61","999.0","sa829464"
"Kevin McCarthy","BOS","0","0","0","0","4.70","0","10","10.0","11","5","1","6","3","0","1.44","5.59","2.85","4.61","999.0","15240"
"Nick Vincent","TEX","0","0","0","0","4.74","0","7","7.0","7","4","1","6","2","0","1.30","7.77","2.09","4.61","999.0","7555"
"Kyle Cody","TEX","2","3","0","4","4.56","8","8","47.0","46","24","7","42","19","2","1.39","8.00","3.67","4.62","999.0","19686"
"Jeff Brigham","MIA","0","0","0","0","4.70","0","10","10.0","9","5","1","10","5","1","1.46","9.31","4.69","4.62","999.0","16631"
"Burch Smith","OAK","1","1","0","0","4.45","0","18","18.0","16","9","3","19","9","1","1.40","9.69","4.56","4.62","999.0","12784"
"Casey Mize","DET","5","7","0","8","4.68","18","18","103.0","104","54","15","86","35","5","1.35","7.48","3.02","4.63","435.8","20492"
"Kyle McGowin","WSN","1","1","0","0","4.69","0","25","25.0","24","13","4","28","10","1","1.39","9.93","3.74","4.63","999.0","15071"
"Shane Greene","","3","4","0","0","4.46","0","58","58.0","56","29","9","55","22","4","1.34","8.49","3.35","4.63","591.0","10756"
"Patrick Weigel","ATL","1","1","0","0","4.20","0","18","18.0","15","8","2","18","9","1","1.36","9.10","4.62","4.63","999.0","17792"
"Felix Pena","LAA","3","3","0","0","4.54","0","60","60.0","57","30","10","62","22","3","1.33","9.28","3.36","4.63","600.2","13403"
"Nick Neidert","MIA","3","5","0","4","4.60","11","16","71.0","73","36","11","57","21","3","1.33","7.28","2.72","4.64","999.0","18699"
"Kwang-hyun Kim","STL","9","10","0","13","4.47","28","28","162.0","166","80","24","122","50","5","1.33","6.78","2.76","4.64","273.9","27458"
"Bryan Shaw","CLE","1","1","0","0","4.52","0","12","12.0","12","6","2","10","4","1","1.37","7.49","3.29","4.64","999.0","8110"
"Domingo German","NYY","6","6","0","5","4.46","16","21","99.0","93","49","18","105","33","5","1.27","9.53","2.97","4.64","331.9","17149"
"Jose Cisnero","DET","2","3","0","0","4.97","0","55","55.0","54","30","8","57","26","3","1.47","9.37","4.29","4.64","599.3","6399"
"Justus Sheffield","SEA","8","10","0","11","4.40","26","26","150.0","146","73","21","126","62","6","1.38","7.53","3.71","4.64","302.4","17285"
"Steven Brault","PIT","8","12","0","12","4.43","28","28","159.0","154","78","20","137","71","10","1.41","7.76","4.04","4.64","530.6","15291"
"Dallas Keuchel","CHW","11","10","0","14","4.32","31","31","183.0","187","88","23","129","68","6","1.39","6.33","3.33","4.64","201.4","9434"
"Carlos Hernandez","KCR","3","4","0","3","4.63","8","12","51.0","50","26","8","45","18","2","1.35","7.91","3.24","4.65","999.0","22713"
"Nick Tropeano","SFG","2","3","0","1","4.88","3","36","52.0","52","28","8","51","22","2","1.42","8.76","3.75","4.65","999.0","12385"
"Julian Merryweather","TOR","3","3","0","1","4.92","2","47","54.0","57","30","10","54","18","3","1.39","9.02","3.04","4.65","598.9","16703"
"Shawn Armstrong","BAL","2","3","0","0","4.70","0","53","53.0","51","28","8","55","23","3","1.39","9.34","3.93","4.65","999.0","12857"
"Brett Anderson","MIL","7","9","0","10","4.67","23","23","132.0","145","68","18","83","39","5","1.39","5.63","2.65","4.66","591.3","8223"
"Brooks Raley","HOU","2","2","0","0","4.58","0","48","48.0","46","24","7","48","21","3","1.39","9.06","3.89","4.66","999.0","10061"
"Humberto Mejia","ARI","2","2","0","2","4.61","5","13","36.0","35","18","6","32","11","1","1.29","8.04","2.74","4.66","999.0","20739"
"Hansel Robles","MIN","2","2","0","0","4.77","0","53","53.0","52","28","8","53","22","3","1.39","8.95","3.71","4.67","600.7","11801"
"Josh Osich","CIN","0","0","0","0","4.66","0","8","8.0","8","4","1","8","3","0","1.39","8.81","3.44","4.67","999.0","11528"
"Luis Garcia","HOU","3","3","0","4","4.33","8","8","47.0","41","23","8","51","21","2","1.32","9.71","3.98","4.67","999.0","23735"
"Robbie Ray","TOR","10","10","0","13","4.72","29","29","166.0","150","87","31","215","87","7","1.42","11.66","4.69","4.68","344.1","11486"
"Touki Toussaint","ATL","1","1","0","0","4.41","0","20","20.0","17","10","3","22","11","2","1.42","9.94","4.95","4.68","600.7","16929"
"Rick Porcello","","0","0","0","11","4.47","24","24","139.0","138","69","23","115","37","7","1.26","7.47","2.41","4.68","592.7","2717"
"Rich Hill","TBR","7","6","0","9","4.24","19","19","113.0","103","53","18","105","40","6","1.27","8.36","3.22","4.68","443.2","4806"
"Chris Mazza","TBR","0","0","0","0","4.70","0","10","10.0","10","5","1","9","4","1","1.44","7.81","3.71","4.68","999.0","14151"
"Dakota Bacus","WSN","1","1","0","0","4.85","0","14","14.0","15","8","2","12","6","1","1.50","7.82","4.11","4.68","999.0","14545"
"Anthony Banda","SFG","0","1","0","0","4.82","2","2","9.0","9","5","1","7","3","0","1.42","7.46","3.48","4.69","999.0","14706"
"Kyle Gibson","TEX","9","12","0","14","4.74","29","29","172.0","180","91","26","150","66","8","1.43","7.84","3.46","4.69","553.1","10123"
"Caleb Smith","ARI","8","9","0","11","4.53","24","24","141.0","126","71","25","152","57","6","1.30","9.71","3.64","4.69","370.1","14875"
"Glenn Sparkman","MIN","0","0","0","0","4.91","0","5","5.0","6","3","1","3","1","0","1.40","6.13","2.60","4.69","999.0","15200"
"John Means","BAL","8","11","0","12","4.51","28","28","160.0","158","80","28","145","47","7","1.28","8.16","2.65","4.70","214.5","16269"
"Steven Matz","TOR","8","8","0","10","4.75","23","23","132.0","133","70","23","132","47","6","1.37","9.01","3.20","4.70","556.8","13361"
"Jimmy Herget","TEX","0","0","0","0","4.52","0","5","5.0","5","3","1","5","2","0","1.38","8.89","4.12","4.71","999.0","17556"
"Scott Blewett","KCR","0","0","0","0","4.91","0","5","5.0","5","3","1","4","2","0","1.47","7.45","3.91","4.71","999.0","16427"
"Trent Thornton","TOR","4","4","0","3","5.02","10","18","64.0","69","36","11","60","22","3","1.42","8.39","3.14","4.72","600.9","17948"
"Parker Dunshee","OAK","1","1","0","0","4.40","2","2","9.0","9","4","1","7","3","0","1.27","7.49","2.86","4.72","999.0","sa873274"
"Travis Lakins","BAL","2","2","0","0","4.72","0","42","42.0","41","22","6","39","20","2","1.45","8.37","4.25","4.72","999.0","18600"
"Nate Pearson","TOR","8","8","0","10","4.57","23","23","129.0","123","66","22","129","49","6","1.33","8.98","3.43","4.73","243.9","20160"
"Kolby Allard","TEX","3","4","0","5","4.79","11","11","66.0","68","35","10","55","25","2","1.42","7.57","3.45","4.73","600.9","18694"
"Johnny Cueto","SFG","9","11","0","13","4.75","29","29","169.0","171","89","24","141","65","10","1.40","7.50","3.46","4.73","545.3","6893"
"Hunter Wood","TEX","1","1","0","0","4.54","0","15","15.0","14","8","2","14","6","1","1.36","8.51","3.70","4.73","999.0","15091"
"Jake Faria","LAA","0","0","0","0","4.55","0","4","4.0","4","2","1","4","2","0","1.40","9.36","4.44","4.73","999.0","13699"
"J.A. Happ","MIN","8","8","0","11","4.52","24","24","138.0","133","69","22","122","51","5","1.33","7.94","3.30","4.73","404.9","7410"
"Michael Fulmer","DET","7","10","0","11","4.53","24","24","141.0","142","71","20","104","47","6","1.34","6.66","3.03","4.74","581.1","13218"
"Casey Sadler","SEA","2","2","0","0","4.47","0","56","56.0","55","28","9","50","19","3","1.33","8.06","3.12","4.74","999.0","11209"
"Kyle Wright","ATL","7","8","0","6","4.71","19","27","121.0","121","63","18","102","49","6","1.40","7.61","3.62","4.74","544.4","19665"
"Kohl Stewart","CHC","1","2","0","2","4.85","5","5","28.0","30","15","3","18","11","2","1.46","5.88","3.49","4.74","999.0","15502"
"Jake Arrieta","CHC","8","9","0","11","4.61","24","24","138.0","139","71","19","103","53","7","1.39","6.73","3.46","4.74","562.1","4153"
"Aaron Slegers","LAA","1","1","0","0","4.66","0","30","30.0","31","16","5","24","9","2","1.33","7.15","2.63","4.75","999.0","15231"
"Luke Bard","LAA","1","1","0","0","4.77","0","12","12.0","12","6","2","12","5","1","1.38","8.90","3.60","4.75","999.0","14288"
"Michael Wacha","TBR","7","8","0","10","4.66","21","21","122.0","123","63","20","110","47","4","1.39","8.14","3.43","4.75","548.8","14078"
"Cody Ponce","PIT","3","6","0","4","4.67","11","19","74.0","75","38","11","61","27","4","1.38","7.36","3.27","4.75","999.0","17920"
"Dan Winkler","CHC","1","1","0","0","4.56","0","22","22.0","20","11","3","22","10","1","1.37","9.08","4.22","4.75","598.3","12237"
"Tyler Chatwood","TOR","3","3","0","1","4.48","3","51","67.0","61","33","8","67","40","4","1.51","9.04","5.39","4.75","596.4","4338"
"Ryne Stanek","HOU","2","2","0","0","4.55","0","42","42.0","39","21","7","44","18","2","1.35","9.50","3.88","4.76","600.8","15947"
"Tucker Davidson","ATL","2","2","0","2","4.62","5","5","28.0","28","14","4","24","13","1","1.47","7.65","4.23","4.77","999.0","19871"
"Heath Hembree","CLE","1","1","0","0","4.82","0","34","34.0","34","18","6","35","12","1","1.35","9.26","3.25","4.77","999.0","11632"
"Jon Gray","COL","7","12","0","12","5.29","28","28","158.0","176","93","24","130","58","7","1.48","7.39","3.30","4.77","528.3","14916"
"Adam Wainwright","STL","8","10","0","12","4.67","26","26","151.0","154","78","23","120","54","7","1.38","7.14","3.24","4.77","428.0","2233"
"Matt Bush","TEX","1","2","0","0","4.78","0","33","33.0","33","18","5","30","14","2","1.41","8.30","3.68","4.77","999.0","1246"
"Hector Perez","CIN","0","0","0","0","4.56","0","3","3.0","3","2","0","3","2","0","1.56","10.00","6.29","4.77","999.0","18592"
"Cole Sulser","BAL","1","2","0","0","4.93","0","30","30.0","30","16","5","31","14","2","1.47","9.38","4.30","4.78","595.7","15256"
"Hyun-jong Yang","TEX","2","2","0","3","4.87","6","6","38.0","40","21","6","31","14","1","1.41","7.45","3.28","4.78","999.0","sa3012054"
"Wade Miley","CIN","8","10","0","12","4.81","26","26","150.0","158","80","22","120","59","6","1.45","7.22","3.52","4.79","594.5","8779"
"Tony Cingrani","","1","1","0","0","4.29","0","15","15.0","12","7","2","17","8","1","1.37","10.29","4.88","4.79","999.0","12555"
"Jeff Hoffman","CIN","3","3","0","1","4.87","2","58","65.0","64","35","10","65","29","4","1.42","9.04","3.98","4.79","600.3","17432"
"Chad Kuhl","PIT","7","10","0","11","4.71","24","24","139.0","137","73","21","124","59","7","1.41","8.06","3.79","4.79","573.9","14975"
"Kyle Freeland","COL","8","12","0","14","5.02","29","29","169.0","188","94","24","123","62","7","1.48","6.53","3.32","4.79","574.8","16256"
"Joe Ross","WSN","7","8","0","9","4.91","21","21","120.0","127","65","18","95","45","6","1.43","7.15","3.34","4.80","585.4","12972"
"Jose De Leon","CIN","3","3","0","2","4.75","5","35","58.0","53","31","10","66","28","4","1.40","10.17","4.30","4.80","597.3","15463"
"Austin Pruitt","HOU","1","1","0","1","4.95","2","12","19.0","21","10","3","15","5","1","1.38","7.30","2.52","4.80","999.0","15290"
"Alec Mills","CHC","8","9","0","11","4.75","24","24","141.0","145","74","22","105","45","7","1.35","6.71","2.88","4.80","504.0","13834"
"Tyler Beede","SFG","2","3","0","4","4.97","8","8","46.0","46","25","7","43","21","3","1.47","8.37","4.19","4.81","600.6","16981"
"Jose Mujica","COL","0","0","0","0","4.99","0","5","5.0","6","3","1","4","1","0","1.39","6.54","2.53","4.81","999.0","17821"
"Cole Hamels","","0","0","0","8","4.55","19","19","108.0","100","55","18","108","46","7","1.36","8.98","3.86","4.82","591.4","4972"
"Marcus Walden","BOS","0","0","0","0","5.27","0","5","5.0","6","3","1","4","2","0","1.58","7.42","4.22","4.82","999.0","8004"
"Tyler Anderson","PIT","7","11","0","11","4.65","26","26","149.0","148","77","23","120","56","5","1.37","7.28","3.37","4.82","594.8","12880"
"Tyler Kinley","COL","2","3","0","0","5.05","0","52","52.0","51","29","7","53","29","3","1.55","9.16","5.05","4.83","999.0","18297"
"Derek Holland","DET","1","2","0","0","4.71","0","37","37.0","36","19","6","36","18","2","1.44","8.74","4.28","4.83","999.0","4141"
"Jose Suarez","LAA","1","1","0","0","4.84","2","2","9.0","9","5","2","8","4","0","1.40","8.29","3.53","4.84","999.0","19911"
"Jairo Diaz","COL","1","2","0","0","5.63","0","35","35.0","40","22","5","31","17","2","1.65","8.06","4.46","4.84","999.0","12774"
"Dylan Cease","CHW","8","9","0","11","4.72","24","24","141.0","137","74","22","130","65","6","1.43","8.27","4.15","4.86","379.3","18525"
"Jakob Junis","KCR","4","6","0","4","4.88","13","25","87.0","91","47","15","74","27","5","1.36","7.62","2.79","4.86","600.3","13619"
"Jimmy Cordero","CHW","1","1","0","0","4.81","0","30","30.0","30","16","4","25","15","2","1.50","7.60","4.39","4.86","999.0","15690"
"Kyle Funkhouser","DET","1","1","0","0","4.99","0","22","22.0","22","12","3","19","12","1","1.56","7.92","5.04","4.86","999.0","19456"
"Cristian Javier","HOU","8","8","0","9","4.30","23","23","129.0","106","62","23","135","58","6","1.28","9.41","4.05","4.86","229.4","17606"
"Reynaldo Lopez","CHW","4","4","0","3","4.63","8","33","72.0","69","37","12","64","27","3","1.33","7.98","3.33","4.87","597.7","16400"
"Rogelio Armenteros","WSN","2","2","0","3","4.88","6","6","37.0","38","20","6","34","14","2","1.39","8.15","3.38","4.87","999.0","17679"
"Trevor Cahill","","0","0","0","2","4.75","5","40","63.0","59","33","10","63","29","4","1.40","9.00","4.16","4.87","600.3","6249"
"Thomas Hatch","TOR","1","1","0","0","4.93","0","24","24.0","24","13","4","24","12","2","1.47","8.89","4.38","4.88","999.0","19264"
"Jesse Biddle","CIN","0","0","0","0","4.89","0","3","3.0","3","2","0","3","2","0","1.54","8.31","4.83","4.89","999.0","11437"
"Mike Foltynewicz","TEX","6","10","0","7","4.78","21","27","128.0","127","68","22","114","48","6","1.37","8.00","3.38","4.89","558.2","10811"
"Deivi Garcia","NYY","6","6","0","8","4.76","18","18","102.0","99","54","19","102","38","5","1.34","9.02","3.35","4.89","371.8","20276"
"Gio Gonzalez","MIA","0","0","0","5","4.60","11","11","66.0","62","34","10","60","31","3","1.41","8.16","4.22","4.89","601.0","7448"
"Martin Perez","BOS","9","11","0","13","5.00","28","28","160.0","173","89","24","124","66","5","1.49","6.95","3.69","4.91","588.7","6902"
"Yoan Lopez","ARI","2","2","0","0","4.69","0","42","42.0","41","22","7","35","17","2","1.36","7.55","3.55","4.91","600.9","17181"
"Yency Almonte","COL","2","3","0","0","5.11","0","56","56.0","58","32","8","50","26","3","1.50","7.96","4.23","4.91","999.0","15068"
"Nick Pivetta","BOS","5","7","0","5","5.00","16","22","100.0","104","56","18","94","38","5","1.42","8.50","3.43","4.91","530.5","15454"
"Antonio Senzatela","COL","8","13","0","14","5.36","29","29","168.0","197","100","23","103","60","8","1.53","5.54","3.20","4.91","562.3","15488"
"Johan Oviedo","STL","3","4","0","3","4.82","8","14","53.0","53","28","7","43","26","3","1.48","7.32","4.39","4.91","999.0","22487"
"Spencer Patton","MIL","0","1","0","0","5.08","0","12","12.0","12","7","2","14","6","1","1.49","10.33","4.64","4.92","999.0","12361"
"Luis Cessa","NYY","2","2","0","0","4.89","0","42","42.0","44","23","7","36","16","2","1.42","7.67","3.37","4.92","999.0","13345"
"Austin Voth","WSN","2","3","0","2","5.00","5","25","48.0","50","27","9","44","18","2","1.40","8.16","3.28","4.92","599.6","15047"
"Jake Woodford","STL","1","2","0","1","4.57","3","11","27.0","26","14","4","21","12","2","1.39","7.06","3.87","4.93","999.0","18674"
"Zacary Lowther","BAL","1","2","0","2","4.79","5","5","28.0","28","15","5","26","12","1","1.40","8.27","3.79","4.93","999.0","sa915645"
"Zack Godley","BOS","0","0","0","2","4.73","5","19","42.0","41","22","6","38","19","3","1.43","8.07","4.08","4.93","600.1","14862"
"Austin Gomber","COL","6","10","0","10","5.35","23","23","128.0","140","76","21","113","55","5","1.52","7.93","3.86","4.93","569.4","16561"
"Alex Cobb","LAA","9","10","0","12","4.79","28","28","156.0","165","83","26","116","49","7","1.37","6.69","2.83","4.93","554.7","6562"
"David Hale","PHI","2","2","0","0","5.27","0","42","42.0","47","25","7","34","14","2","1.47","7.30","3.09","4.94","999.0","9756"
"Madison Bumgarner","ARI","9","12","0","14","4.93","29","29","170.0","178","93","32","136","44","8","1.31","7.19","2.32","4.94","405.2","5524"
"Brandon Bielak","HOU","2","2","0","2","4.75","5","5","28.0","28","15","5","24","11","1","1.39","7.72","3.66","4.95","999.0","19866"
"Jordan Yamamoto","NYM","1","1","0","2","4.82","3","3","19.0","19","10","3","18","7","1","1.38","8.36","3.54","4.95","600.9","17585"
"Adam Warren","NYY","1","1","0","0","4.76","0","14","14.0","14","7","2","12","5","1","1.37","7.73","3.21","4.95","999.0","9029"
"Brad Boxberger","MIL","1","1","0","0","4.72","0","29","29.0","26","15","5","31","14","1","1.40","9.52","4.39","4.95","999.0","10133"
"Chase Anderson","PHI","4","5","0","3","4.62","10","24","70.0","66","36","13","65","25","3","1.31","8.38","3.27","4.96","597.6","6895"
"Tanner Houck","BOS","6","7","0","9","5.02","19","19","112.0","115","62","17","99","52","6","1.49","7.93","4.16","4.96","999.0","19879"
"Buck Farmer","DET","2","3","0","0","5.19","0","60","60.0","65","35","10","50","24","3","1.47","7.56","3.54","4.96","599.8","14814"
"Eric Skoglund","KCR","0","0","0","0","5.13","0","3","3.0","3","2","0","2","1","0","1.47","5.99","3.23","4.98","999.0","16155"
"Jose Urena","DET","6","9","0","6","4.82","18","33","118.0","122","63","18","85","41","7","1.38","6.49","3.10","4.98","596.2","11589"
"Braxton Garrett","MIA","3","5","0","5","4.90","11","11","65.0","67","35","11","58","28","3","1.45","7.97","3.84","5.00","999.0","21844"
"Mike Leake","","0","0","0","10","4.77","21","21","124.0","136","66","22","78","26","5","1.31","5.68","1.91","5.00","600.4","10130"
"Jonathan Stiever","CHW","2","3","0","2","4.77","6","10","42.0","42","22","8","37","13","2","1.30","8.04","2.70","5.03","999.0","24584"
"T.J. Zeuch","TOR","1","1","0","0","5.06","2","2","9.0","10","5","1","6","3","0","1.47","5.72","3.07","5.03","999.0","19269"
"Domingo Tapia","SEA","0","0","0","0","4.93","0","4","4.0","4","2","0","3","2","0","1.56","7.03","4.99","5.04","999.0","12178"
"Bud Norris","","1","2","0","0","5.12","0","25","25.0","25","14","5","27","12","2","1.46","9.60","4.22","5.05","999.0","9492"
"Michael Baumann","BAL","3","5","0","5","4.89","11","11","65.0","65","35","11","56","28","3","1.42","7.72","3.82","5.06","999.0","sa829681"
"Tyson Miller","CHC","1","2","0","2","4.87","5","5","28.0","28","15","5","21","9","1","1.34","6.78","2.99","5.07","999.0","19976"
"Keegan Akin","BAL","6","10","0","10","5.05","23","23","129.0","127","72","24","133","59","5","1.44","9.29","4.13","5.07","999.0","19362"
"Javy Guerra","WSN","1","1","0","0","5.26","0","22","22.0","24","13","4","18","8","1","1.45","7.43","3.14","5.07","999.0","7407"
"Dean Kremer","BAL","7","10","0","12","5.02","24","24","143.0","145","80","26","131","58","6","1.42","8.26","3.67","5.08","999.0","19350"
"Cesar Valdez","BAL","2","3","0","0","5.48","0","55","55.0","63","33","10","49","20","3","1.51","8.04","3.20","5.10","594.9","9013"
"Brad Peacock","","1","1","0","0","5.00","0","20","20.0","19","11","4","22","10","1","1.43","10.06","4.46","5.13","999.0","5401"
"Junior Guerra","LAA","2","2","0","0","4.69","0","50","50.0","46","26","8","46","24","2","1.40","8.30","4.31","5.13","999.0","5702"
"Nik Turley","OAK","2","2","0","0","4.88","0","34","34.0","30","18","5","36","21","2","1.52","9.60","5.67","5.13","999.0","5530"
"Jesse Chavez","LAA","1","1","0","0","5.13","0","26","26.0","29","15","5","22","7","1","1.38","7.66","2.57","5.14","999.0","5448"
"Sam Hentges","CLE","2","3","0","2","5.36","6","9","41.0","44","24","7","37","20","2","1.54","8.05","4.32","5.14","999.0","sa828881"
"Homer Bailey","","0","0","0","6","5.07","15","15","82.0","87","46","15","67","28","4","1.40","7.34","3.05","5.14","599.8","8362"
"Ryan Brasier","BOS","3","3","0","0","5.29","0","56","56.0","59","33","12","58","21","2","1.43","9.34","3.40","5.14","600.9","5615"
"Erick Fedde","WSN","4","5","0","4","5.32","11","19","74.0","84","44","11","49","29","3","1.53","6.00","3.48","5.15","600.8","17425"
"Antonio Santillan","CIN","2","3","0","4","5.00","8","8","47.0","49","26","8","37","17","2","1.40","7.12","3.24","5.15","999.0","sa874781"
"Rafael Dolis","TOR","3","3","0","0","5.32","0","65","65.0","67","38","10","64","38","4","1.61","8.88","5.26","5.15","555.0","4185"
"Jon Lester","WSN","7","10","0","11","5.26","24","24","138.0","152","81","26","109","48","5","1.45","7.12","3.12","5.17","544.7","4930"
"Matt Magill","SEA","0","0","0","0","5.01","0","3","3.0","3","2","1","3","1","0","1.43","8.74","3.94","5.19","999.0","3950"
"Matt Moore","PHI","7","8","0","9","5.07","21","21","120.0","124","68","23","104","44","5","1.40","7.81","3.33","5.19","555.8","1890"
"Shelby Miller","CHC","3","4","0","4","5.25","10","10","56.0","58","33","9","43","27","2","1.51","6.89","4.26","5.20","999.0","10197"
"Daniel Gossett","BOS","0","1","0","0","5.26","2","2","9.0","10","5","2","7","3","0","1.46","7.31","3.41","5.20","999.0","16164"
"Jordan Zimmermann","MIL","3","4","0","4","5.30","10","10","56.0","62","33","11","42","15","2","1.38","6.82","2.44","5.21","999.0","4505"
"Andrew Cashner","","0","0","0","2","4.93","5","38","61.0","62","33","9","46","27","3","1.46","6.83","4.05","5.21","999.0","8782"
"Ian Kennedy","TEX","1","1","0","0","5.11","0","24","24.0","25","14","5","23","9","1","1.39","8.63","3.21","5.21","600.8","6986"
"A.J. Cole","TOR","1","1","0","0","5.45","0","18","18.0","19","11","4","18","8","1","1.50","9.14","4.02","5.23","999.0","11467"
"Josh Tomlin","ATL","2","2","0","0","5.07","0","48","48.0","54","27","11","36","7","2","1.28","6.76","1.40","5.23","600.6","9388"
"Tyson Ross","TEX","3","4","0","4","5.20","10","10","56.0","60","32","9","42","25","3","1.51","6.75","3.94","5.23","999.0","7872"
"Jhoulys Chacin","NYY","2","2","0","2","5.03","5","8","31.0","31","17","5","26","13","2","1.43","7.43","3.71","5.25","999.0","2608"
"Chi Chi Gonzalez","COL","1","2","0","2","5.68","5","5","28.0","33","18","4","18","12","2","1.60","5.77","3.84","5.25","999.0","14663"
"Francisco Liriano","TOR","1","1","0","0","5.14","0","12","12.0","12","7","2","11","7","1","1.58","8.47","5.08","5.26","999.0","3201"
"Ross Detwiler","MIA","2","3","0","1","5.44","2","37","44.0","50","27","7","32","19","2","1.57","6.50","3.97","5.27","999.0","2859"
"Carson Fulmer","PIT","1","2","0","1","5.05","2","20","27.0","26","15","4","25","16","2","1.54","8.33","5.30","5.28","999.0","18311"
"Anibal Sanchez","","0","0","0","10","5.07","23","23","130.0","131","73","26","107","45","5","1.35","7.38","3.09","5.28","598.3","3284"
"Steven Wright","","0","0","0","2","4.88","5","25","48.0","47","26","8","39","21","3","1.42","7.27","3.88","5.29","999.0","8185"
"Robert Stephenson","COL","2","3","0","0","5.41","0","60","60.0","59","36","11","65","33","3","1.53","9.79","4.94","5.29","599.8","13594"
"Wil Crowe","PIT","4","7","0","7","5.15","15","15","85.0","91","49","14","60","34","4","1.47","6.35","3.60","5.29","999.0","19800"
"Bruce Zimmermann","BAL","4","8","0","5","5.41","16","20","98.0","107","59","18","82","41","4","1.51","7.50","3.75","5.32","999.0","20370"
"Tanner Roark","TOR","8","9","0","11","5.27","24","24","138.0","147","81","27","115","51","8","1.43","7.50","3.35","5.32","598.4","8753"
"Ivan Nova","PHI","2","2","0","2","5.18","5","5","28.0","31","16","5","17","8","1","1.42","5.60","2.64","5.33","999.0","1994"
"Ben Braymer","WSN","2","2","0","2","5.50","5","9","32.0","35","20","6","26","13","1","1.50","7.22","3.62","5.36","999.0","20175"
"Mike Fiers","OAK","8","10","0","12","4.98","26","26","148.0","152","82","27","97","47","8","1.35","5.88","2.88","5.38","566.7","7754"
"Fernando Abad","BAL","0","0","0","0","5.27","0","8","8.0","9","5","2","7","3","0","1.48","7.67","3.78","5.38","999.0","4994"
"Adam Plutko","CLE","4","5","0","3","5.14","8","48","87.0","91","50","18","66","28","3","1.36","6.86","2.88","5.39","600.2","15846"
"Jordan Lyles","TEX","7","11","0","12","5.31","26","26","149.0","159","88","28","117","57","7","1.45","7.05","3.44","5.39","596.1","7593"
"Kyle Hart","BOS","0","1","0","1","5.55","2","2","9.0","10","6","2","7","4","0","1.53","6.69","3.69","5.40","999.0","19646"
"Jefry Rodriguez","WSN","0","1","0","0","5.33","2","2","9.0","9","5","1","7","4","1","1.54","6.59","4.38","5.41","999.0","17018"
"Ashton Goudeau","BAL","0","1","0","0","5.75","0","14","14.0","16","9","3","13","6","1","1.54","8.10","3.56","5.43","999.0","15139"
"Justin Dunn","SEA","5","8","0","9","5.32","19","19","113.0","115","67","21","96","50","6","1.46","7.65","4.02","5.43","567.2","19268"
"Vladimir Gutierrez","CIN","1","1","0","2","5.32","3","3","19.0","20","11","4","15","6","1","1.38","7.03","2.80","5.43","999.0","sa952977"
"Jorge Guzman","MIA","3","5","0","3","5.29","8","23","62.0","60","36","10","56","37","4","1.56","8.15","5.38","5.43","999.0","17505"
"Roenis Elias","SEA","0","0","0","0","5.38","0","10","10.0","10","6","2","9","5","1","1.55","7.73","4.67","5.48","999.0","12673"
"Daniel Bard","COL","2","3","0","0","5.67","0","61","61.0","66","38","10","50","32","5","1.60","7.36","4.73","5.48","288.1","7115"
"Jorge Lopez","BAL","3","6","0","3","5.55","10","22","68.0","77","42","14","52","25","4","1.50","6.90","3.29","5.51","999.0","14527"
"Brandon Finnegan","CIN","0","0","0","0","5.29","0","4","4.0","4","2","1","4","2","0","1.55","8.40","5.14","5.52","999.0","16208"
"Kohei Arihara","TEX","6","11","0","12","5.60","24","24","141.0","160","88","28","103","49","7","1.48","6.56","3.14","5.52","999.0","sa3014740"
"Edinson Volquez","","1","1","0","0","5.52","0","15","15.0","16","9","3","12","8","1","1.57","7.22","4.63","5.57","999.0","3990"
"Julio Teheran","DET","4","7","0","4","5.32","13","21","83.0","82","49","15","62","38","5","1.45","6.73","4.09","5.59","597.0","6797"
"Matt Harvey","BAL","3","7","0","4","5.66","13","19","81.0","92","51","17","61","29","4","1.48","6.80","3.18","5.63","999.0","11713"
"Tommy Milone","TOR","1","1","0","2","5.70","3","3","19.0","21","12","5","17","5","1","1.40","7.83","2.43","5.64","999.0","7608"
"Neftali Feliz","PHI","0","0","0","0","5.23","0","8","8.0","8","5","2","7","4","0","1.46","7.75","4.28","5.65","999.0","18"
"Ryan Castellani","COL","3","5","0","4","6.26","10","15","61.0","71","42","11","44","30","4","1.66","6.46","4.42","5.76","999.0","16377"
"Dereck Rodriguez","COL","1","3","0","2","6.14","5","9","32.0","38","22","7","22","12","2","1.57","6.30","3.34","5.77","999.0","14509"
"Felix Hernandez","BAL","4","8","0","8","5.62","18","18","101.0","111","63","21","75","40","6","1.49","6.70","3.58","5.78","999.0","4772"
"Wade LeBlanc","BAL","2","5","0","4","5.70","10","10","56.0","64","35","13","39","19","2","1.47","6.32","3.01","5.84","999.0","5221"
"Jeff Samardzija","","0","0","0","9","5.52","19","19","108.0","112","66","25","82","40","5","1.42","6.83","3.37","5.89","599.3","3254"
"Tom Eshelman","BAL","0","1","0","1","6.06","2","2","9.0","11","6","2","5","3","0","1.52","5.28","2.65","6.02","999.0","18361"
"Ervin Santana","KCR","1","2","0","2","5.89","5","5","28.0","31","18","6","15","11","1","1.51","4.67","3.54","6.19","600.5","3200"
