"Name","Team","G","PA","AB","H","2B","3B","HR","R","RBI","BB","SO","SB","CS","AVG","OBP","SLG","OPS","wOBA","ADP","playerid"
"Mike Trout","LAA","157","678","541","157","29","3","44","116","113","119","144","11","4",".290",".426",".602","1.028",".425","6.0","10155"
"Juan Soto","WSN","154","678","556","166","34","3","36","107","107","114","118","11","4",".299",".419",".563",".982",".410","3.6","20123"
"Freddie Freeman","ATL","157","689","586","175","38","3","31","103","102","89","121","7","3",".299",".396",".533",".930",".392","12.9","5361"
"Christian Yelich","MIL","156","686","584","166","31","3","35","104","102","92","157","18","6",".285",".386",".526",".913",".386","10.9","11477"
"Bryce Harper","PHI","154","681","558","149","31","2","36","102","103","112","153","13","5",".267",".392",".521",".913",".384","18.7","11579"
"Mookie Betts","LAD","157","703","608","177","38","4","33","111","102","83","100","20","5",".292",".378",".528",".906",".383","3.8","13611"
"Cody Bellinger","LAD","151","674","581","161","35","3","38","106","107","84","127","14","4",".278",".371",".545",".917",".382","16.3","15998"
"Alex Bregman","HOU","154","668","562","156","35","3","31","99","97","92","89","5","1",".277",".383",".516",".899",".382","42.9","17678"
"Ronald Acuna Jr.","ATL","156","682","587","164","31","3","36","112","99","82","177","30","8",".280",".374",".530",".905",".382","1.7","18401"
"Aaron Judge","NYY","134","586","493","126","22","1","35","90","87","82","177","4","2",".256",".369",".518",".887",".376","54.2","15640"
"Anthony Rendon","LAA","154","664","565","159","35","2","28","93","92","84","94","2","1",".282",".379",".503",".883",".375","40.8","12861"
"Yordan Alvarez","HOU","131","570","491","135","29","2","30","82","91","69","142","3","1",".276",".367",".525",".892",".373","77.3","19556"
"George Springer","TOR","146","633","546","150","24","2","33","95","90","72","125","6","2",".275",".367",".507",".873",".373","49.4","12856"
"Fernando Tatis Jr.","SDP","154","680","602","166","33","6","36","106","102","65","183","25","7",".276",".353",".526",".879",".371","2.3","19709"
"Jose Ramirez","CLE","154","650","568","155","36","4","33","98","94","71","91","24","6",".273",".356",".522",".878",".370","10.9","13510"
"Trevor Story","COL","152","666","597","167","39","5","33","102","96","57","171","25","6",".279",".346",".528",".874",".368","12.6","12564"
"Eugenio Suarez","CIN","156","684","593","152","26","2","43","99","110","76","181","3","1",".257",".348",".521",".869",".366","72.6","12552"
"Marcell Ozuna","ATL","149","653","579","162","28","2","34","93","99","66","136","4","1",".280",".355",".509",".864",".366","45.4","10324"
"Vladimir Guerrero Jr.","TOR","144","626","554","162","32","2","24","86","85","61","92","3","1",".293",".366",".489",".855",".363","54.7","19611"
"Xander Bogaerts","BOS","151","647","574","166","33","2","27","90","85","62","116","7","2",".289",".360",".493",".853",".363","33.6","12161"
"Giancarlo Stanton","NYY","136","593","514","130","22","1","37","87","90","68","170","3","1",".252",".346",".512",".858",".362","119.7","4949"
"J.D. Martinez","BOS","149","640","563","156","32","2","30","87","90","67","150","2","1",".277",".355",".500",".855",".360","93.5","6184"
"Anthony Rizzo","CHC","157","692","585","156","30","3","27","91","92","79","101","7","3",".267",".372",".465",".837",".360","107.1","3473"
"Luke Voit","NYY","141","614","537","141","23","1","33","87","87","63","151","1","0",".263",".349",".494",".844",".360","60.3","14811"
"Justin Turner","LAD","126","565","492","139","30","1","20","77","76","53","91","2","0",".282",".364",".472",".836",".359","204.2","5235"
"Jesse Winker","CIN","117","513","443","119","23","1","22","69","68","60","99","2","1",".269",".363",".472",".835",".358","215.0","13590"
"Charlie Blackmon","COL","136","595","535","155","30","6","22","80","81","46","108","6","2",".289",".353",".491",".844",".358","87.2","7859"
"Corey Seager","LAD","149","666","599","169","39","2","28","92","97","59","120","2","1",".282",".349",".493",".841",".358","38.4","13624"
"Eloy Jimenez","CHW","149","637","584","164","33","2","33","85","100","45","148","1","0",".280",".335",".513",".848",".357","32.0","17484"
"Paul Goldschmidt","STL","151","659","560","150","27","2","26","89","83","87","145","5","2",".268",".369",".460",".829",".357","92.0","9218"
"Josh Donaldson","MIN","136","582","487","120","25","2","26","82","73","85","136","4","1",".246",".364",".461",".824",".357","192.2","5038"
"Rhys Hoskins","PHI","141","623","519","124","26","2","30","85","88","89","145","3","1",".239",".358",".472",".830",".357","163.2","16472"
"Max Muncy","LAD","131","587","491","118","22","2","29","84","83","85","147","3","1",".241",".359",".469",".828",".356","95.0","13301"
"Manny Machado","SDP","156","687","610","165","30","2","36","91","107","67","115","9","3",".271",".344",".502",".845",".355","20.9","11493"
"Kris Bryant","CHC","146","642","548","141","29","3","25","84","85","73","151","3","1",".258",".359",".461",".820",".354","126.3","15429"
"Gleyber Torres","NYY","147","642","568","155","29","2","29","88","87","62","133","6","2",".273",".348",".486",".834",".354","69.1","16997"
"Michael Conforto","NYM","151","660","566","146","30","2","29","89","88","78","154","6","2",".258",".357",".468",".825",".354","73.0","16376"
"C.J. Cron","COL","125","545","490","132","26","2","28","72","83","39","122","2","0",".270",".336",".500",".836",".354","275.1","12546"
"Pete Alonso","NYM","146","639","555","137","26","1","37","86","100","64","164","2","1",".248",".339",".499",".839",".353","57.3","19251"
"Kyle Schwarber","WSN","121","535","461","112","21","2","31","73","84","65","143","3","1",".242",".340",".494",".834",".352","196.4","16478"
"Nicholas Castellanos","CIN","146","642","581","158","38","4","29","87","91","49","154","3","1",".272",".333",".498",".831",".351","83.0","11737"
"Rafael Devers","BOS","152","654","595","163","39","2","29","89","89","50","137","6","3",".275",".334",".496",".830",".350","42.0","17350"
"Nolan Arenado","STL","152","666","590","158","30","2","33","84","98","65","93","2","1",".269",".341",".495",".836",".350","39.0","9777"
"Randy Arozarena","TBR","144","617","546","146","29","3","26","86","81","51","146","19","6",".267",".345",".476",".820",".350","59.1","19290"
"Nelson Cruz","MIN","133","568","509","132","25","1","32","76","88","46","144","1","0",".259",".330",".503",".833",".350","91.2","2434"
"Shohei Ohtani","LAA","115","496","438","116","24","3","21","73","63","51","133","14","4",".264",".343",".475",".819",".349","210.7","19755"
"DJ LeMahieu","NYY","151","657","593","176","27","3","19","88","76","54","93","5","2",".297",".357",".450",".807",".349","27.5","9874"
"Trea Turner","WSN","152","671","607","174","32","6","21","99","79","54","123","35","8",".286",".347",".466",".814",".349","7.1","16252"
"Jose Abreu","CHW","154","658","598","165","31","2","31","85","96","43","137","2","1",".276",".335",".488",".823",".348","39.5","15676"
"Josh Bell","WSN","136","599","523","137","26","3","27","78","85","67","126","2","1",".262",".348",".473",".821",".348","150.7","13145"
"Jose Altuve","HOU","154","668","598","170","32","3","22","92","83","56","108","14","5",".285",".351",".456",".806",".347","97.3","5417"
"Ketel Marte","ARI","151","651","589","169","34","6","19","86","81","51","86","8","3",".287",".347",".462",".809",".347","84.3","13613"
"Jorge Soler","KCR","143","606","526","129","25","1","31","78","90","67","172","2","1",".245",".337",".472",".810",".346","142.9","14221"
"Bo Bichette","TOR","149","647","592","169","40","3","21","93","79","46","136","20","6",".286",".340",".472",".812",".346","24.7","19612"
"Brandon Nimmo","NYM","110","483","404","101","20","3","14","65","51","66","113","5","2",".249",".366",".419",".785",".345","267.5","12927"
"Joey Gallo","TEX","149","624","525","113","24","2","37","85","93","88","219","6","2",".215",".333",".481",".814",".345","165.8","14128"
"Mike Moustakas","CIN","146","642","574","145","28","1","36","84","97","56","118","2","1",".253",".324",".494",".818",".345","119.1","4892"
"Joey Votto","CIN","154","677","572","147","30","2","20","86","77","94","129","3","1",".257",".366",".422",".788",".344","363.1","4314"
"Tommy Pham","SDP","128","566","489","129","23","3","18","77","65","67","122","17","4",".264",".358",".433",".791",".344","132.8","2967"
"Andrew McCutchen","PHI","136","602","519","132","25","2","23","79","75","72","126","8","3",".254",".350",".442",".792",".343","203.1","9847"
"J.T. Realmuto","PHI","138","564","507","136","25","3","24","76","77","43","123","8","2",".269",".333",".473",".806",".343","39.5","11739"
"Max Kepler","MIN","146","624","544","135","31","3","26","84","78","68","107","5","2",".248",".337",".463",".800",".343","189.4","12144"
"Brandon Lowe","TBR","131","561","493","123","27","3","25","74","77","57","155","6","2",".248",".333",".469",".801",".342","72.0","18882"
"Ozzie Albies","ATL","151","660","602","168","36","5","23","91","86","47","118","16","4",".279",".335",".471",".806",".342","33.8","16556"
"Daniel Vogelbach","MIL","36","157","132","31","6","0","7","19","21","23","36","0","0",".237",".351",".439",".790",".342","597.8","14130"
"Yasmani Grandal","CHW","138","548","459","106","19","1","25","72","72","80","138","2","1",".231",".348",".441",".789",".342","128.7","11368"
"Wander Franco","TBR","94","402","363","105","22","3","10","50","49","33","32","7","3",".289",".350",".449",".799",".342","999.0","sa3007033"
"Matt Olson","OAK","146","621","536","126","26","1","33","79","89","73","167","2","1",".234",".332",".473",".805",".342","90.5","14344"
"Eddie Rosario","CLE","128","540","500","138","26","3","26","67","81","33","82","5","2",".277",".320",".491",".811",".341","106.1","12155"
"Aaron Hicks","NYY","134","586","496","120","23","2","23","80","68","81","121","6","2",".242",".350",".435",".785",".340","277.5","5297"
"Brandon Belt","SFG","126","548","466","114","26","3","19","70","67","73","121","3","1",".245",".350",".438",".787",".340","436.9","10264"
"Marcus Semien","TOR","149","647","572","150","30","3","25","88","80","65","120","10","4",".262",".338",".453",".791",".340","129.3","12533"
"Greg Bird","COL","28","120","104","25","6","0","5","15","17","14","30","0","0",".242",".336",".458",".794",".340","598.3","14131"
"Matt Chapman","OAK","151","642","564","134","31","3","32","83","88","65","165","1","0",".238",".323",".478",".801",".340","116.6","16505"
"A.J. Pollock","LAD","130","579","524","136","28","2","28","82","84","42","127","11","3",".260",".321",".481",".802",".339","188.7","9256"
"Jeff McNeil","NYM","152","667","598","168","35","3","17","83","78","49","90","7","3",".281",".348",".437",".785",".339","90.5","15362"
"Trey Mancini","BAL","128","538","484","128","22","2","22","67","66","45","123","1","0",".265",".333",".456",".789",".338","167.5","15149"
"Will Smith","LAD","99","404","351","85","18","1","19","54","58","41","97","2","1",".241",".331",".463",".793",".338","95.9","19197"
"Austin Meadows","TBR","117","499","443","112","25","3","21","65","66","47","118","11","3",".254",".329",".464",".793",".338","94.9","15672"
"Franmil Reyes","CLE","152","643","571","144","28","1","31","80","94","63","174","0","0",".252",".327",".467",".794",".337","151.7","14566"
"Mark Canha","OAK","139","594","505","122","26","2","21","74","67","67","133","4","1",".242",".346",".428",".774",".337","259.4","11445"
"Francisco Lindor","NYM","157","688","618","164","32","2","29","91","91","57","108","19","5",".266",".331",".464",".795",".337","18.0","12916"
"Mitch Haniger","SEA","136","570","497","122","24","2","24","71","70","59","139","5","2",".246",".335",".446",".781",".337","258.8","14274"
"Alex Dickerson","SFG","109","471","419","109","26","3","16","58","60","41","92","2","1",".261",".335",".454",".788",".336","353.9","12649"
"Willson Contreras","CHC","113","459","400","102","20","2","17","57","57","43","112","3","1",".255",".341",".437",".778",".336","124.3","11609"
"Alex Verdugo","BOS","138","591","533","149","36","2","15","75","66","50","95","6","2",".279",".344",".436",".780",".336","128.8","17027"
"Yoan Moncada","CHW","147","630","555","141","27","4","23","84","76","66","181","10","3",".253",".336",".443",".779",".336","88.3","17232"
"Yasiel Puig","","79","343","306","78","14","1","14","47","43","31","73","9","3",".256",".330",".452",".782",".335","376.6","14225"
"Alejandro Kirk","TOR","55","229","202","54","11","0","7","28","28","22","33","1","0",".269",".347",".429",".776",".335","999.0","22581"
"Keston Hiura","MIL","143","629","566","145","29","3","28","81","88","45","185","11","4",".257",".324",".463",".788",".335","69.9","20003"
"Cavan Biggio","TOR","141","612","516","121","26","3","21","83","68","86","160","10","3",".235",".348",".417",".765",".335","66.2","19252"
"Joc Pederson","CHC","130","571","494","114","24","2","27","72","81","62","134","3","1",".231",".328",".451",".779",".334","290.3","11899"
"Brad Miller","PHI","63","279","243","58","11","2","12","37","38","32","78","2","1",".239",".329",".450",".779",".334","586.7","12775"
"Nolan Jones","CLE","8","34","29","7","2","0","1","4","4","4","10","0","0",".247",".347",".418",".765",".334","569.4","sa917941"
"Kole Calhoun","ARI","139","602","524","127","24","3","25","77","79","66","132","4","1",".243",".333",".443",".776",".333","265.7","11200"
"Yandy Diaz","TBR","107","457","397","108","18","2","9","54","47","55","80","2","1",".272",".362",".394",".756",".333","512.5","16578"
"Teoscar Hernandez","TOR","147","640","575","139","27","3","34","89","93","55","195","9","3",".241",".310",".475",".786",".332","81.7","13066"
"Michael Brantley","HOU","139","605","542","151","32","2","15","75","72","52","78","4","1",".279",".343",".425",".769",".332","150.0","4106"
"J.D. Davis","NYM","100","440","390","101","20","1","15","54","55","42","104","1","1",".259",".336",".433",".769",".332","242.0","16219"
"Bryan Reynolds","PIT","134","580","519","138","29","4","17","69","70","51","136","5","1",".266",".335",".434",".769",".332","318.5","19326"
"Wilmer Flores","SFG","68","295","270","73","14","1","11","35","40","19","42","1","0",".271",".323",".454",".778",".331","424.2","5827"
"Miguel Sano","MIN","149","638","555","122","25","1","36","85","94","73","240","1","0",".220",".316",".463",".778",".331","195.3","12164"
"Rowdy Tellez","TOR","100","436","390","97","21","1","20","56","61","37","102","2","1",".249",".320",".461",".780",".331","309.4","15679"
"Carlos Correa","HOU","151","654","580","149","30","1","24","82","86","64","151","3","1",".256",".333",".439",".771",".331","123.3","14162"
"Salvador Perez","KCR","131","518","480","123","24","1","28","61","83","24","108","1","0",".257",".301",".486",".786",".331","83.6","7304"
"Trent Grisham","SDP","144","637","551","133","28","4","21","83","74","75","153","13","4",".242",".338",".425",".762",".331","67.5","18564"
"Wil Myers","SDP","144","637","566","137","29","2","28","85","84","62","186","17","4",".242",".321",".451",".772",".330","137.1","10047"
"Luis Arraez","MIN","128","547","497","150","31","3","4","64","54","43","54","4","2",".302",".358",".398",".755",".330","427.9","18568"
"Yoenis Cespedes","","68","294","265","64","12","1","16","38","43","23","77","2","1",".241",".309",".470",".780",".330","596.2","13110"
"Ian Happ","CHC","139","614","532","127","26","3","24","78","78","72","177","8","3",".238",".333",".432",".765",".330","166.2","17919"
"Travis d'Arnaud","ATL","113","454","410","106","20","1","18","57","60","36","101","2","0",".260",".324",".445",".769",".330","138.1","7739"
"Colton Welker","COL","16","71","65","18","4","0","2","8","9","5","14","0","0",".283",".338",".436",".774",".330","999.0","sa917962"
"Dominic Smith","NYM","130","568","513","132","30","1","22","69","75","45","130","2","1",".258",".323",".447",".770",".329","120.0","15653"
"Randal Grichuk","TOR","94","408","374","93","20","2","20","54","58","27","100","2","1",".248",".304",".476",".780",".329","236.9","10243"
"Ji-Man Choi","TBR","107","457","391","94","21","1","16","55","55","57","108","2","1",".240",".341",".418",".759",".329","555.5","5452"
"Christian Walker","ARI","133","574","511","128","29","2","23","71","76","51","140","5","1",".249",".323",".449",".771",".329","204.1","13419"
"Chris Taylor","LAD","126","565","501","128","28","4","17","76","65","52","151","8","3",".256",".331",".433",".764",".329","224.0","13757"
"Brian Anderson","MIA","154","661","584","148","30","2","22","77","79","60","154","3","1",".253",".333",".427",".760",".329","246.0","18289"
"Ryan Braun","","70","301","273","71","14","1","12","39","38","21","63","5","2",".260",".320",".448",".768",".329","598.2","3410"
"Tim Anderson","CHW","154","658","619","175","31","3","22","87","81","30","146","21","6",".283",".319",".448",".767",".328","44.5","15172"
"Carlos Santana","KCR","146","620","522","123","24","3","20","72","72","89","97","2","1",".235",".347",".405",".752",".328","286.3","2396"
"Cesar Hernandez","CLE","131","554","493","136","23","4","10","67","55","53","102","6","2",".276",".349",".399",".748",".328","391.2","10556"
"Gary Sanchez","NYY","94","374","329","73","13","0","22","49","54","36","109","1","0",".222",".309",".461",".769",".328","164.5","11442"
"Hunter Renfroe","BOS","110","473","427","99","21","1","27","62","68","38","132","3","1",".233",".301",".476",".777",".328","453.0","15464"
"Jesus Aguilar","MIA","122","522","460","114","22","1","20","59","67","51","114","0","0",".248",".328",".431",".760",".327","364.4","11342"
"Whit Merrifield","KCR","154","654","601","169","35","5","15","82","73","42","103","24","7",".282",".332",".428",".760",".327","41.9","11281"
"Jonathan Schoop","DET","125","529","489","128","25","2","22","63","70","28","116","2","1",".262",".311",".457",".768",".327","373.1","11265"
"Anthony Santander","BAL","146","613","562","144","34","2","26","73","77","40","119","4","2",".257",".312",".461",".772",".327","163.0","14551"
"Mike Brosseau","TBR","36","152","137","35","8","1","5","19","19","11","37","2","1",".255",".324",".436",".760",".327","482.5","19683"
"Ke'Bryan Hayes","PIT","134","580","520","138","31","4","15","69","66","49","116","9","2",".266",".333",".424",".757",".326","150.0","18577"
"Hunter Dozier","KCR","144","613","545","134","30","4","22","74","76","60","159","5","2",".246",".323",".436",".759",".326","241.3","15117"
"Kyle Tucker","HOU","151","654","586","146","34","4","25","90","83","56","149","22","5",".250",".318",".449",".768",".326","31.7","18345"
"Asdrubal Cabrera","ARI","78","336","299","77","17","1","11","40","43","29","66","1","0",".257",".325",".435",".760",".326","501.7","4962"
"Tommy La Stella","SFG","102","443","391","105","22","2","9","52","48","42","44","1","0",".268",".342",".406",".748",".326","361.9","12371"
"Ramon Laureano","OAK","149","635","559","137","30","4","22","81","69","56","167","12","3",".244",".325",".427",".753",".326","146.9","17128"
"David Peralta","ARI","133","574","519","139","26","5","15","70","67","45","115","2","1",".269",".331",".425",".757",".326","280.2","2136"
"Paul DeJong","STL","149","652","582","143","31","1","27","79","84","54","158","5","2",".246",".318",".441",".759",".326","227.9","18015"
"Nate Lowe","TEX","126","529","464","116","24","1","17","61","61","57","138","1","1",".249",".334",".419",".753",".326","372.1","19566"
"Starling Marte","MIA","146","626","573","158","28","4","16","80","66","33","114","27","6",".276",".330",".424",".754",".325","49.8","9241"
"Justin Upton","LAA","131","566","496","115","21","1","26","73","74","59","163","4","1",".231",".320",".436",".755",".325","401.8","5222"
"Jared Walsh","LAA","109","468","419","101","22","1","20","59","62","41","131","1","0",".241",".314",".446",".761",".325","215.0","18607"
"Clint Frazier","NYY","128","558","496","121","26","2","22","73","67","51","149","6","2",".244",".321",".437",".758",".325","177.5","15983"
"Lourdes Gurriel Jr.","TOR","138","598","552","146","28","1","25","77","79","33","134","7","2",".264",".311",".453",".764",".325","88.6","19238"
"Garrett Cooper","MIA","68","292","264","69","14","1","9","33","35","23","70","0","0",".263",".328",".424",".752",".325","499.6","15279"
"Matt Carpenter","STL","87","383","323","72","18","2","13","46","45","52","100","2","1",".222",".336",".408",".744",".324","579.2","8090"
"Jorge Polanco","MIN","125","534","482","129","27","4","14","65","57","42","88","7","3",".268",".328",".423",".751",".324","241.4","13152"
"Mike Yastrzemski","SFG","149","647","570","136","32","5","22","82","77","66","166","6","2",".239",".323",".431",".753",".324","138.1","14854"
"Austin Slater","SFG","63","274","241","61","11","1","7","35","27","28","71","6","2",".255",".341",".396",".737",".324","514.7","16153"
"Didi Gregorius","PHI","138","609","557","146","26","3","25","74","82","38","88","8","2",".262",".313",".451",".763",".324","159.0","6012"
"Ty France","SEA","115","481","428","107","21","1","16","54","56","34","102","2","1",".251",".326",".420",".746",".323","357.6","17982"
"Adam Eaton","CHW","125","533","463","120","21","4","10","66","49","53","94","8","3",".259",".346",".388",".733",".323","385.0","11205"
"Eduardo Escobar","ARI","141","609","552","142","30","6","21","73","80","45","115","3","1",".257",".316",".448",".764",".323","292.9","6153"
"Dansby Swanson","ATL","149","653","583","150","32","3","21","83","77","58","154","11","4",".257",".328",".426",".753",".323","109.0","18314"
"Edwin Encarnacion","","52","224","196","43","8","0","12","28","31","23","57","1","0",".220",".310",".441",".751",".323","587.2","2151"
"Avisail Garcia","MIL","136","600","542","143","24","3","19","71","72","44","137","8","3",".263",".327",".420",".747",".323","317.9","5760"
"Jedd Gyorko","","50","217","192","45","7","0","10","26","29","22","54","0","0",".236",".316",".433",".749",".322","593.3","10816"
"Byron Buxton","MIN","136","582","533","131","28","6","25","81","70","37","158","20","4",".245",".299",".462",".761",".322","112.1","14161"
"Kolten Wong","MIL","130","572","499","131","24","4","10","69","54","52","87","15","5",".262",".346",".387",".733",".321","258.5","12532"
"Nick Solak","TEX","128","536","478","125","22","2","14","63","55","46","112","8","2",".261",".332",".405",".737",".321","181.0","19294"
"Austin Riley","ATL","133","582","530","131","28","2","25","71","81","42","165","1","1",".248",".308",".449",".757",".321","211.9","18360"
"Kyle Seager","SEA","149","624","549","131","29","1","24","70","76","61","110","4","2",".239",".321",".426",".747",".321","287.0","9785"
"Nick Senzel","CIN","128","563","509","129","32","3","17","74","64","44","135","16","5",".254",".317",".430",".748",".320","274.7","19293"
"Alec Bohm","PHI","134","595","537","142","26","3","16","70","70","48","115","5","2",".265",".329",".413",".741",".320","999.0","21618"
"Luis Campusano","SDP","16","65","59","16","3","0","2","7","8","5","10","0","0",".269",".329",".413",".742",".320","999.0","22217"
"Luis Robert","CHW","149","637","582","145","29","4","25","84","78","43","184","20","5",".249",".308",".441",".750",".320","35.8","20043"
"Corey Dickerson","MIA","128","550","506","135","29","4","16","62","66","36","100","5","2",".267",".317",".433",".750",".320","427.1","10762"
"Starlin Castro","WSN","118","521","482","132","23","1","17","60","68","30","94","2","1",".274",".317",".431",".748",".320","399.0","4579"
"Mitch Garver","MIN","76","298","263","60","13","1","13","37","38","30","86","0","0",".228",".312",".430",".743",".320","200.7","15161"
"Ryan Mountcastle","BAL","128","538","500","133","28","2","19","62","65","30","128","3","1",".265",".310",".442",".752",".320","150.6","18373"
"Tim Locastro","ARI","70","301","265","68","15","3","5","39","27","19","57","12","2",".255",".334",".391",".726",".320","560.7","15124"
"Javier Baez","CHC","154","678","632","163","31","3","29","85","96","34","189","14","4",".258",".300",".459",".759",".320","75.2","12979"
"Andrew Benintendi","KCR","131","558","487","123","26","4","12","65","56","59","111","10","3",".252",".336",".395",".731",".319","217.1","17901"
"Jeimer Candelario","DET","139","591","520","124","29","3","18","69","65","59","139","3","1",".239",".323",".413",".736",".319","283.7","13621"
"Yoshitomo Tsutsugo","TBR","71","305","263","58","13","1","12","36","39","38","89","0","0",".222",".322",".415",".736",".319","534.3","27459"
"Mike Ford","NYY","6","28","25","6","1","0","1","3","3","3","6","0","0",".232",".320",".418",".739",".319","597.6","15585"
"Renato Nunez","DET","105","446","402","97","20","1","19","51","58","34","109","1","0",".241",".308",".437",".744",".319","459.9","14503"
"Alexander Kirilloff","MIN","97","416","383","103","23","3","11","49","47","26","86","3","1",".268",".318",".424",".742",".318","999.0","sa917929"
"Ryan McMahon","COL","130","567","508","122","27","3","20","68","71","51","174","3","1",".240",".314",".425",".739",".318","239.9","15112"
"Adam Frazier","PIT","122","524","472","126","26","4","10","59","54","40","74","7","3",".267",".331",".397",".728",".317","518.8","15223"
"Colin Moran","PIT","131","566","511","130","25","1","18","61","71","46","127","1","0",".255",".320",".417",".736",".317","493.9","16909"
"Eric Hosmer","SDP","147","651","592","154","24","2","21","76","80","52","139","6","2",".261",".322",".412",".734",".317","151.2","3516"
"Khris Davis","TEX","76","319","281","63","11","1","15","36","43","30","89","0","0",".225",".308",".431",".739",".317","531.1","9112"
"Odubel Herrera","PHI","6","29","26","7","1","0","1","3","3","2","6","0","0",".257",".321",".411",".732",".316","599.1","11476"
"Jean Segura","PHI","138","609","555","153","25","3","13","73","66","38","94","13","4",".276",".328",".404",".731",".316","187.9","5933"
"Lorenzo Cain","MIL","139","615","549","147","28","2","9","72","59","54","105","16","4",".268",".340",".378",".718",".316","249.4","9077"
"Kurt Suzuki","LAA","66","262","232","58","11","0","9","30","32","18","37","1","0",".250",".316",".417",".733",".316","455.8","8259"
"Keibert Ruiz","LAD","8","33","30","8","2","0","1","4","4","2","3","0","0",".273",".325",".406",".731",".315","597.4","19610"
"Buster Posey","SFG","118","476","420","113","20","1","8","52","50","44","72","2","1",".268",".340",".380",".720",".315","241.5","9166"
"Jake Bauers","CLE","65","274","238","56","13","1","8","33","29","31","67","5","2",".234",".326",".393",".720",".315","589.6","15194"
"Jason Heyward","CHC","125","549","479","117","21","3","14","63","59","60","102","4","2",".245",".333",".385",".718",".315","499.3","4940"
"Miguel Cabrera","DET","143","604","541","140","25","1","16","65","68","55","123","1","0",".258",".328",".398",".726",".315","532.6","1744"
"Jose Martinez","NYM","13","57","51","13","2","0","1","6","6","5","13","0","0",".260",".328",".394",".722",".315","600.2","7996"
"Willy Adames","TBR","131","561","501","122","25","2","18","66","64","51","164","6","2",".244",".317",".411",".728",".314","420.5","15986"
"Josh Naylor","CLE","115","486","439","113","24","2","12","54","56","39","82","3","1",".258",".323",".405",".728",".314","476.9","18839"
"Danny Jansen","TOR","99","392","342","80","16","1","13","47","45","37","82","2","1",".233",".320",".404",".724",".314","321.5","16535"
"Jordan Luplow","CLE","58","246","216","50","12","1","8","29","28","26","56","3","1",".233",".321",".405",".725",".314","999.0","16424"
"Matt Joyce","PHI","16","72","62","14","3","0","2","8","8","9","17","0","0",".232",".331",".382",".713",".314","599.6","3353"
"Logan Morrison","","29","126","110","24","4","0","6","15","16","13","29","0","0",".220",".310",".417",".728",".314","999.0","9205"
"David Fletcher","LAA","147","636","577","160","30","3","8","75","60","48","67","8","2",".278",".336",".380",".716",".314","235.1","17992"
"Tommy Edman","STL","118","517","472","124","23","5","11","64","52","36","93","13","4",".263",".320",".404",".725",".314","132.6","19470"
"Gavin Lux","LAD","104","464","419","105","21","3","13","59","53","40","109","7","2",".250",".317",".409",".727",".314","244.8","19955"
"Harold Ramirez","CLE","13","55","50","14","3","0","1","6","6","3","11","0","0",".273",".322",".406",".727",".314","999.0","14387"
"Bobby Dalbec","BOS","126","543","478","105","22","1","25","67","70","53","198","2","1",".219",".306",".427",".734",".314","328.8","19966"
"Jeter Downs","BOS","10","42","37","9","2","0","1","5","5","3","9","1","0",".241",".311",".421",".732",".314","550.4","sa3004615"
"Raimel Tapia","COL","131","574","531","147","31","7","8","69","56","35","115","15","4",".276",".323",".403",".726",".314","248.4","14350"
"D.J. Stewart","BAL","89","375","325","73","15","1","14","45","40","41","95","4","1",".223",".319",".402",".720",".314","554.1","17766"
"Shogo Akiyama","CIN","99","435","386","99","21","2","8","53","41","42","91","7","3",".255",".333",".379",".713",".314","495.9","27461"
"Kyle Lewis","SEA","149","624","556","133","25","2","22","72","71","60","183","5","2",".239",".315",".410",".725",".314","140.6","19508"
"Giovanny Urshela","NYY","143","621","569","148","28","1","19","72","72","41","105","1","0",".261",".315",".413",".728",".314","159.9","10681"
"Robbie Grossman","DET","128","542","469","114","23","3","11","61","50","65","101","8","3",".243",".338",".373",".710",".313","420.7","5254"
"Miguel Andujar","NYY","8","35","33","8","2","0","1","4","4","2","6","0","0",".257",".304",".431",".735",".313","550.8","15878"
"Steven Souza Jr.","TEX","42","183","159","35","7","0","7","23","21","21","56","3","1",".222",".319",".397",".716",".313","600.1","5667"
"Daulton Varsho","ARI","65","273","246","60","13","2","8","34","30","21","58","6","1",".244",".313",".414",".726",".313","178.6","19918"
"Maikel Franco","","100","434","397","99","18","1","18","49","58","31","67","1","0",".248",".305",".432",".737",".313","509.3","12179"
"Brendan Rodgers","COL","120","524","483","126","29","2","14","59","62","30","121","4","1",".261",".312",".416",".728",".313","466.5","17907"
"Travis Shaw","MIL","81","357","311","69","13","1","15","40","47","40","91","2","1",".221",".314",".409",".723",".313","551.8","11982"
"Tyler O'Neill","STL","130","567","510","118","24","2","25","69","73","47","173","7","2",".231",".301",".431",".731",".312","477.5","15711"
"Ben Gamel","CLE","34","144","128","33","7","1","2","17","14","14","34","2","1",".254",".330",".383",".713",".312","999.0","12160"
"Dylan Carlson","STL","136","595","534","130","29","3","17","71","66","51","140","9","3",".244",".315",".409",".724",".312","999.0","20126"
"Vidal Brujan","TBR","19","83","75","20","4","1","1","10","8","7","14","4","1",".263",".327",".389",".716",".312","999.0","sa872786"
"Ha-seong Kim","SDP","73","322","289","71","16","2","9","38","37","28","61","6","2",".245",".315",".410",".725",".312","999.0","sa3011918"
"Ryan Zimmerman","WSN","37","164","148","37","8","0","5","19","20","13","35","0","0",".249",".312",".410",".722",".312","600.9","4220"
"Jurickson Profar","SDP","102","451","401","97","20","2","13","53","51","39","70","8","2",".242",".319",".398",".717",".312","268.0","10815"
"Matt Adams","","16","70","63","14","3","0","4","8","10","6","21","0","0",".223",".292",".442",".734",".312","999.0","9393"
"Josh Rojas","ARI","47","203","181","45","10","2","4","26","20","19","40","7","2",".247",".321",".396",".717",".312","600.4","19734"
"Yuli Gurriel","HOU","146","633","589","157","35","2","17","74","77","32","79","5","1",".267",".308",".420",".728",".312","316.3","19198"
"Andrew Vaughn","CHW","76","326","291","72","15","1","9","36","37","27","66","1","1",".247",".319",".398",".717",".312","999.0","sa3011226"
"Victor Robles","WSN","149","656","584","146","29","4","16","83","64","42","156","25","7",".249",".321",".397",".717",".311","151.4","18363"
"Alex Avila","WSN","68","274","228","47","9","0","10","32","32","41","96","1","0",".207",".330",".375",".705",".311","600.4","7476"
"Jake Cronenworth","SDP","110","487","435","112","25","3","8","57","48","43","90","9","3",".256",".328",".381",".709",".311","200.1","18036"
"Marwin Gonzalez","BOS","78","334","300","75","16","1","9","39","36","27","73","1","1",".251",".317",".400",".717",".311","490.3","5497"
"Austin Nola","SDP","104","421","376","94","19","1","11","46","48","36","82","2","1",".249",".321",".394",".715",".311","166.4","15941"
"Christian Vazquez","BOS","117","461","419","108","20","1","14","55","50","32","94","6","2",".257",".314",".407",".721",".311","150.2","9774"
"Isaac Paredes","DET","21","89","80","20","4","0","2","9","9","7","14","0","0",".255",".322",".389",".711",".310","578.5","20036"
"Chance Sisco","BAL","76","295","256","58","12","0","9","33","30","30","89","1","0",".225",".322",".381",".703",".310","540.1","15694"
"Robinson Chirinos","NYY","28","110","94","20","4","0","4","13","12","11","32","0","0",".215",".314",".393",".707",".310","999.0","3142"
"Harrison Bader","STL","131","574","505","116","23","3","19","71","61","51","167","12","4",".230",".315",".399",".714",".310","506.5","18030"
"Yonathan Daza","COL","47","205","192","54","12","2","2","23","21","10","35","4","2",".283",".320",".397",".717",".310","999.0","15794"
"Omar Narvaez","MIL","71","288","253","61","9","0","8","30","32","30","62","0","0",".242",".328",".375",".703",".310","342.8","13338"
"Yermin Mercedes","CHW","3","13","12","3","1","0","0","1","2","1","3","0","0",".244",".310",".415",".724",".310","999.0","17423"
"Jackie Bradley Jr.","","128","553","482","109","21","3","18","68","60","56","146","10","4",".225",".317",".393",".710",".310","438.7","12984"
"Christian Arroyo","BOS","60","257","235","59","13","1","8","30","28","18","58","2","1",".252",".311",".408",".719",".309","600.7","16434"
"Trevor Larnach","MIN","5","21","19","5","1","0","1","2","2","2","6","0","0",".249",".319",".393",".712",".309","591.3","sa3008376"
"Jake Lamb","ATL","53","234","203","44","9","1","8","28","27","27","64","1","1",".218",".316",".394",".709",".309","590.9","13329"
"Luis Urias","MIL","113","500","442","110","22","2","9","55","50","45","108","4","2",".249",".329",".372",".701",".308","469.3","16622"
"Garrett Hampson","COL","78","340","309","79","15","4","7","43","32","25","84","13","3",".256",".314",".398",".712",".308","261.9","19262"
"Ryan Jeffers","MIN","81","317","286","69","14","1","11","36","37","24","82","0","0",".241",".308",".404",".712",".308","999.0","24618"
"Tyler Stephenson","CIN","50","202","181","44","10","0","6","23","23","16","49","0","0",".243",".313",".395",".709",".308","473.8","17988"
"Pavin Smith","ARI","31","133","120","30","7","1","3","15","14","12","20","1","0",".252",".320",".386",".706",".308","597.9","19892"
"Jay Bruce","NYY","31","134","121","26","5","0","7","16","18","12","34","0","0",".219",".289",".436",".725",".308","591.9","9892"
"Carson Kelly","ARI","96","378","335","79","17","1","13","41","47","36","83","0","0",".235",".314",".403",".717",".308","257.3","13620"
"Tyler Flowers","","40","160","136","29","5","0","5","18","18","16","54","0","0",".216",".320",".374",".694",".307","600.4","9134"
"Heliot Ramos","SFG","23","98","89","22","4","0","3","12","11","7","29","1","0",".248",".311",".401",".712",".307","999.0","sa3004693"
"Danny Santana","","45","196","179","42","8","1","8","26","23","14","59","6","2",".234",".295",".423",".718",".307","587.3","10322"
"Aristides Aquino","CIN","36","157","143","32","7","1","8","20","21","11","46","2","1",".224",".285",".441",".726",".307","585.8","15482"
"David Bote","CHC","87","385","340","79","16","1","12","44","44","37","103","4","2",".232",".315",".392",".707",".307","542.6","14593"
"Josh VanMeter","ARI","50","217","194","46","11","1","6","26","24","20","48","5","1",".237",".309",".401",".710",".307","600.0","15170"
"Evan Longoria","SFG","107","464","424","105","22","2","14","52","56","31","96","2","1",".247",".303",".412",".715",".307","493.1","9368"
"Tyler White","TOR","2","7","6","1","0","0","0","1","1","1","2","0","0",".229",".316",".384",".700",".307","999.0","15564"
"Enrique Hernandez","BOS","99","424","381","89","19","2","15","49","49","35","91","2","1",".235",".303",".412",".715",".306","448.2","10472"
"Willie Calhoun","TEX","123","515","466","112","24","1","17","54","58","40","80","1","0",".241",".306",".404",".711",".306","408.5","17838"
"Jarred Kelenic","SEA","94","393","358","85","18","2","14","46","44","31","101","7","2",".237",".301",".411",".712",".306","213.0","sa3007741"
"Tyler Nevin","BAL","2","7","6","2","0","0","0","1","1","1","1","0","0",".249",".315",".387",".702",".306","999.0","sa874752"
"Jose Iglesias","LAA","130","559","520","144","27","2","10","64","58","25","70","8","3",".276",".315",".391",".707",".306","496.6","10231"
"Michael Chavis","BOS","55","236","215","50","10","1","9","29","28","17","73","2","1",".232",".297",".416",".713",".306","486.6","17321"
"Tim Beckham","CHW","8","35","32","8","1","0","1","4","4","2","10","0","0",".238",".297",".412",".710",".306","999.0","7949"
"Cristian Pache","ATL","123","540","501","130","27","3","13","65","59","32","133","9","3",".260",".306",".405",".711",".305","999.0","19948"
"Matt Duffy","CHC","13","57","51","13","2","0","1","6","5","5","9","1","0",".262",".332",".358",".690",".305","999.0","13836"
"Aledmys Diaz","HOU","37","162","148","36","8","0","5","19","20","11","28","1","1",".246",".303",".405",".708",".305","597.9","15937"
"Brett Gardner","NYY","65","282","248","58","10","2","7","35","26","29","59","5","1",".232",".319",".373",".692",".305","571.8","9927"
"Nick Markakis","","99","427","380","98","23","1","5","45","40","40","68","1","0",".257",".331",".362",".692",".305","600.2","5930"
"Darin Ruf","SFG","37","162","143","33","7","0","5","18","19","15","42","1","0",".230",".311",".390",".701",".305","600.3","9929"
"Dexter Fowler","LAA","107","461","399","87","17","2","13","56","47","53","123","5","2",".219",".317",".375",".692",".305","581.5","4062"
"Carter Kieboom","WSN","115","507","449","108","21","1","12","56","53","48","129","3","1",".241",".321",".372",".693",".304","478.1","19958"
"Wilson Ramos","DET","78","302","274","71","11","0","7","31","33","22","50","0","0",".259",".317",".384",".701",".304","265.2","1433"
"Andy Young","ARI","26","112","100","23","4","1","4","13","13","7","31","1","0",".229",".303",".397",".700",".304","999.0","19521"
"Billy McKinney","MIL","11","50","45","10","2","0","2","5","6","4","12","0","0",".228",".302",".403",".705",".304","999.0","15654"
"Dylan Moore","SEA","115","481","426","95","20","2","16","61","47","41","125","23","6",".224",".305",".393",".698",".304","123.8","18042"
"Donovan Solano","SFG","126","548","511","139","28","2","9","58","59","28","103","1","0",".272",".314",".386",".700",".304","536.4","8623"
"Abraham Toro","HOU","18","77","69","16","4","0","2","9","9","6","17","1","0",".234",".308",".393",".700",".304","597.4","19844"
"Cesar Puello","BOS","5","21","18","4","1","0","0","2","2","2","6","0","0",".238",".326",".357",".684",".304","999.0","7216"
"Amed Rosario","CLE","100","424","395","107","19","4","8","50","43","22","85","11","4",".270",".310",".396",".705",".304","336.0","15518"
"Rougned Odor","TEX","109","454","410","90","18","2","21","55","56","35","130","9","4",".219",".287",".426",".713",".304","521.6","12282"
"Daniel Robertson","MIL","55","243","211","49","10","1","5","26","23","25","57","2","1",".233",".328",".352",".680",".304","999.0","14145"
"Willi Castro","DET","118","501","460","117","22","5","12","57","50","30","118","8","2",".254",".305",".398",".703",".303","262.9","17338"
"Stephen Piscotty","OAK","130","552","494","116","25","1","17","60","59","45","131","3","1",".235",".306",".391",".698",".303","514.8","13367"
"Jed Lowrie","OAK","31","131","115","27","7","0","3","14","13","13","28","0","0",".235",".314",".379",".693",".303","601.0","4418"
"Austin Hays","BAL","126","532","492","122","23","2","18","61","58","29","120","8","3",".247",".295",".411",".706",".303","246.6","19363"
"Austin Dean","STL","26","113","104","26","6","0","3","13","12","8","23","1","0",".248",".306",".396",".701",".303","999.0","18288"
"Mitch Moreland","OAK","113","483","428","96","18","1","18","53","57","46","111","1","0",".223",".302",".400",".702",".303","534.4","3086"
"Kevin Pillar","NYM","76","334","310","79","18","1","9","39","38","16","56","7","2",".255",".299",".406",".705",".303","480.5","12434"
"Jake Cave","MIN","50","215","194","46","10","2","6","25","23","16","66","1","1",".238",".304",".395",".699",".303","596.7","14477"
"Ryan O'Hearn","KCR","18","76","67","15","3","0","2","8","9","8","20","0","0",".225",".307",".392",".699",".303","599.5","16442"
"Yan Gomes","WSN","81","326","294","70","14","1","11","35","41","23","80","1","0",".238",".301",".402",".703",".302","319.3","9627"
"Todd Frazier","PIT","65","279","247","55","12","1","9","30","32","26","62","3","1",".225",".307",".385",".692",".302","593.8","785"
"Manuel Margot","TBR","105","450","407","101","20","4","10","56","43","36","84","18","5",".247",".310",".387",".697",".302","259.5","14712"
"Adam Duvall","MIA","118","508","458","100","21","2","23","55","68","38","137","1","1",".219",".287",".422",".709",".302","354.7","10950"
"Adley Rutschman","BAL","26","99","89","21","4","0","3","11","10","8","24","0","0",".235",".305",".393",".698",".302","999.0","sa3011643"
"Tucker Barnhart","CIN","104","418","369","86","16","1","12","46","45","42","93","1","1",".234",".315",".379",".693",".302","517.3","10200"
"David Dahl","TEX","100","420","382","92","20","2","12","47","44","31","116","6","2",".241",".302",".396",".698",".302","354.5","13744"
"Leody Taveras","TEX","123","515","466","115","22","4","11","60","47","43","121","13","4",".246",".310",".385",".695",".302","201.0","18900"
"Pedro Severino","BAL","66","257","232","55","9","1","8","28","27","20","56","1","0",".237",".304",".391",".695",".302","339.0","14523"
"Brandon Crawford","SFG","128","555","495","119","26","2","15","61","64","46","128","4","2",".240",".308",".393",".701",".302","547.6","5343"
"Yusniel Diaz","BAL","78","327","294","70","14","2","9","37","32","29","80","3","2",".238",".308",".386",".693",".301","999.0","sa912848"
"Taylor Ward","LAA","15","63","55","13","2","0","2","7","6","6","16","1","0",".233",".317",".368",".685",".301","598.8","17548"
"Gregory Polanco","PIT","113","489","438","97","22","2","18","55","60","44","134","8","2",".221",".295",".407",".702",".301","493.4","12907"
"Kevin Plawecki","BOS","45","178","160","39","8","0","4","20","18","13","34","1","0",".244",".312",".378",".690",".301","585.8","13807"
"Wyatt Mathisen","ARI","5","21","19","4","1","0","1","2","2","2","6","0","0",".226",".310",".376",".686",".301","999.0","14555"
"Kevin Newman","PIT","104","447","410","110","21","2","6","48","42","27","59","11","3",".269",".319",".372",".691",".301","528.6","17696"
"Zack Cozart","","13","56","49","11","2","0","2","6","6","5","11","0","0",".231",".306",".384",".690",".301","999.0","2616"
"Ronald Guzman","TEX","26","109","97","22","4","0","3","12","12","10","30","0","0",".229",".307",".385",".692",".301","595.5","14388"
"Adam Haseley","PHI","79","351","317","80","16","2","7","39","36","26","77","3","1",".251",".316",".374",".690",".301","596.6","19878"
"Owen Miller","CLE","5","21","19","5","1","0","0","2","2","1","4","0","0",".259",".314",".377",".691",".301","999.0","sa3006673"
"Alex Blandino","CIN","11","50","43","10","2","0","1","6","5","5","14","0","0",".222",".319",".355",".674",".301","999.0","16271"
"Nick Madrigal","CHW","141","603","556","156","28","3","3","66","54","34","41","15","5",".281",".329",".358",".687",".300","195.4","20521"
"Mike Tauchman","NYY","26","113","100","24","5","0","2","13","11","11","26","2","1",".238",".318",".370",".687",".300","582.1","15274"
"Brian Goodwin","PIT","53","230","206","47","11","1","7","26","26","21","66","4","1",".227",".301",".393",".694",".300","597.5","12858"
"Yairo Munoz","BOS","5","21","19","5","1","0","1","2","2","1","5","0","0",".254",".302",".397",".699",".300","600.4","16313"
"Christin Stewart","DET","13","55","48","11","2","0","2","6","6","5","14","0","0",".220",".304",".387",".691",".300","599.4","17714"
"Miguel Rojas","MIA","131","564","513","137","25","2","7","58","53","37","76","9","3",".267",".322",".366",".688",".300","481.3","7802"
"Andrew Waters","ATL","8","35","33","8","2","0","1","4","4","2","11","1","0",".251",".302",".392",".694",".300","582.8","sa3004378"
"Edwin Rios","LAD","39","174","159","35","8","0","7","21","24","12","60","1","0",".222",".285",".417",".702",".300","434.9","18316"
"Joey Wendle","TBR","91","388","355","90","20","2","7","44","39","23","76","9","3",".253",".309",".383",".692",".300","350.5","13853"
"Daniel Johnson Jr.","CLE","53","226","206","50","11","1","6","26","25","15","57","4","1",".241",".301",".394",".695",".300","595.9","19643"
"Sean Murphy","OAK","104","404","356","79","16","1","13","44","44","40","100","1","0",".221",".306",".382",".688",".300","173.4","19352"
"Sherten Apostel","TEX","3","14","12","3","0","0","0","1","1","1","4","0","0",".228",".304",".385",".689",".300","999.0","21794"
"Johan Camargo","ATL","44","192","176","43","9","1","5","21","23","13","42","0","0",".244",".300",".396",".696",".300","594.7","14950"
"Max Stassi","LAA","86","338","300","66","12","1","12","39","39","31","91","1","0",".219",".301",".386",".687",".300","416.5","10059"
"Matt Kemp","","49","210","191","44","8","0","8","23","26","16","60","0","0",".233",".293",".403",".696",".299","999.0","5631"
"Andres Gimenez","CLE","92","390","356","90","18","3","7","47","36","22","85","15","4",".252",".308",".380",".688",".299","178.3","19950"
"Taylor Walls","TBR","5","21","19","4","1","0","0","2","2","2","5","1","0",".239",".310",".376",".686",".299","999.0","sa915802"
"Ryan McBroom","KCR","19","83","75","18","4","0","3","8","10","6","23","0","0",".237",".301",".392",".693",".299","600.6","16524"
"Phillip Ervin","ATL","2","7","6","1","0","0","0","1","1","1","2","0","0",".235",".311",".371",".681",".299","999.0","14738"
"Curt Casali","SFG","42","169","149","33","6","0","5","18","19","16","46","1","0",".225",".307",".378",".685",".299","587.2","12510"
"Jon Berti","MIA","91","390","344","83","15","2","6","46","30","35","92","15","4",".240",".322",".350",".671",".299","284.2","12037"
"Rylan Bannon","BAL","28","116","103","24","5","0","3","12","11","10","27","1","0",".233",".309",".376",".686",".299","999.0","sa3004162"
"Joshua Jung","TEX","13","54","49","12","3","0","1","6","5","4","11","0","0",".250",".312",".377",".689",".299","999.0","sa3011468"
"Yadier Molina","STL","102","408","371","95","19","1","9","44","45","22","63","4","1",".256",".303",".388",".691",".299","258.2","7007"
"Yadiel Hernandez","WSN","5","21","19","5","1","0","1","2","2","2","6","0","0",".237",".311",".377",".688",".299","999.0","19334"
"J.P. Crawford","SEA","151","631","551","127","26","3","11","69","52","68","126","10","4",".231",".320",".352",".672",".299","482.6","15491"
"Niko Goodrum","DET","102","433","388","87","19","3","13","51","44","39","131","10","3",".225",".299",".388",".688",".298","484.8","12092"
"Franchy Cordero","BOS","100","431","390","89","19","3","13","54","44","34","147","8","3",".228",".295",".397",".692",".298","405.2","14567"
"Brent Rooker","MIN","36","152","136","30","7","0","5","17","17","13","52","1","0",".221",".297",".391",".688",".298","590.8","19627"
"Francisco Mejia","TBR","57","222","203","49","11","1","7","23","26","13","50","1","0",".240",".295",".398",".693",".298","495.5","16403"
"Jonathan Lucroy","CHW","29","114","101","25","5","0","2","12","12","9","18","0","0",".248",".316",".364",".680",".298","601.0","7870"
"Pablo Sandoval","ATL","5","21","19","5","1","0","1","2","3","2","5","0","0",".236",".297",".394",".691",".298","598.8","5409"
"Matt Thaiss","LAA","8","35","31","7","1","0","1","4","4","3","8","0","0",".226",".306",".375",".681",".298","999.0","19318"
"James McCann","NYM","110","441","401","94","16","1","15","50","51","30","126","3","1",".235",".297",".391",".688",".298","178.1","12859"
"Nick Ahmed","ARI","149","644","584","141","29","4","16","73","70","48","132","8","3",".241",".301",".388",".690",".298","447.9","12147"
"Jarren Duran","BOS","45","195","179","46","10","1","3","24","17","12","51","6","2",".257",".310",".374",".684",".298","999.0","sa3006786"
"Jason Kipnis","ATL","15","64","57","13","3","0","2","7","7","6","15","1","0",".227",".302",".383",".685",".298","600.8","9776"
"Isiah Kiner-Falefa","TEX","144","604","545","140","25","3","8","66","50","42","99","13","5",".256",".318",".358",".676",".298","310.9","16512"
"Elias Diaz","COL","92","369","340","87","17","1","7","38","39","24","68","1","0",".256",".307",".377",".684",".298","445.7","11680"
"LaMonte Wade Jr.","SFG","8","35","30","7","1","0","1","4","3","4","6","0","0",".228",".324",".342",".666",".298","999.0","18126"
"William Contreras","ATL","16","65","60","15","3","0","1","7","7","4","16","0","0",".250",".304",".383",".687",".298","999.0","20503"
"Josh Reddick","","99","427","380","93","17","2","9","46","43","37","72","4","1",".245",".312",".367",".679",".297","596.6","3892"
"Josh Fuentes","COL","102","446","417","105","25","3","11","48","51","20","120","2","1",".251",".291",".402",".693",".297","540.4","16885"
"Neil Walker","","21","91","80","18","4","0","2","10","9","9","21","0","0",".226",".311",".365",".676",".297","999.0","7539"
"Matt Beaty","LAD","42","188","173","42","9","0","4","21","21","12","33","1","0",".246",".303",".381",".685",".297","999.0","17710"
"Caleb Raleigh","SEA","8","31","28","6","1","0","1","3","4","2","8","0","0",".219",".284",".413",".697",".297","999.0","sa3008377"
"Victor Reyes","DET","81","343","321","84","14","4","5","40","31","18","69","10","3",".263",".305",".381",".686",".297","229.6","15487"
"Evan White","SEA","146","610","554","127","23","2","21","66","68","47","183","4","2",".229",".294",".392",".687",".297","455.1","20078"
"Willians Astudillo","MIN","6","26","24","6","1","0","1","3","3","1","2","0","0",".263",".300",".389",".689",".297","595.3","15608"
"Zack Collins","CHW","34","139","117","23","5","0","4","15","15","19","47","0","0",".197",".312",".356",".668",".297","600.1","19181"
"Joshua Ockimey","BOS","3","14","12","2","1","0","0","2","1","2","5","0","0",".203",".309",".364",".673",".297","999.0","sa829375"
"John Nogowski","STL","6","28","25","6","1","0","1","3","3","3","4","0","0",".239",".320",".348",".668",".296","999.0","16852"
"Jonathan Villar","NYM","68","298","268","64","11","1","7","39","27","25","80","16","4",".240",".309",".367",".676",".296","178.4","10071"
"Derek Fisher","MIL","41","179","156","33","6","1","6","21","19","20","59","4","1",".212",".306",".368",".674",".296","600.5","16192"
"Ramon Urias","BAL","10","41","37","8","2","0","1","4","4","3","10","0","0",".231",".306",".371",".676",".296","599.5","18795"
"Nico Hoerner","CHC","117","514","470","121","24","4","6","56","49","33","84","9","3",".258",".313",".365",".678",".296","495.5","21479"
"Andrelton Simmons","MIN","136","582","534","140","27","2","8","64","55","37","66","8","3",".262",".312",".365",".677",".296","485.2","10847"
"Welington Castillo","WSN","11","46","42","10","2","0","2","5","6","3","13","0","0",".230",".288",".398",".686",".296","999.0","3256"
"Andrew Knapp","PHI","36","144","126","28","6","1","3","16","14","16","42","1","0",".223",".314",".356",".670",".296","587.7","14942"
"Gavin Sheets","CHW","5","21","19","4","1","0","1","2","2","2","5","0","0",".232",".302",".375",".677",".296","999.0","sa829797"
"Omar Estevez","LAD","6","29","27","6","2","0","1","3","3","2","7","0","0",".244",".297",".388",".686",".295","999.0","sa914242"
"Myles Straw","HOU","120","521","466","119","20","3","3","65","38","48","111","26","6",".256",".327",".335",".662",".295","349.5","17620"
"Chad Pinder","OAK","87","373","335","77","16","1","11","39","39","26","96","1","0",".231",".296",".386",".681",".295","566.6","15191"
"Jo Adell","LAA","52","224","205","47","10","1","7","26","25","15","73","2","1",".230",".289",".395",".684",".295","407.5","20220"
"Nomar Mazara","DET","99","419","378","88","18","1","11","43","45","34","97","1","1",".234",".302",".378",".679",".295","527.3","14553"
"Manny Pina","MIL","52","209","189","44","9","0","6","21","25","15","51","1","0",".232",".298",".383",".681",".295","600.2","2829"
"Scott Heineman","CIN","2","7","6","2","0","0","0","1","1","1","2","0","0",".236",".300",".377",".677",".295","999.0","14453"
"Lewin Diaz","MIA","18","77","71","17","4","0","3","8","10","4","17","0","0",".234",".283",".412",".695",".295","999.0","18365"
"Mark Payton","CIN","3","14","13","3","1","0","0","2","2","1","3","0","0",".230",".299",".379",".678",".295","999.0","16042"
"Stuart Fairchild","ARI","2","7","6","1","0","0","0","1","1","1","2","0","0",".234",".301",".375",".676",".295","999.0","sa829822"
"Austin Barnes","LAD","55","226","197","44","9","1","5","26","22","23","53","3","1",".226",".315",".352",".667",".295","556.0","12158"
"Chas McCormick","HOU","28","120","107","25","5","1","2","14","12","11","21","2","1",".238",".312",".358",".670",".294","999.0","sa3004174"
"Bobby Bradley","CLE","19","82","73","15","3","0","3","9","11","7","29","0","0",".209",".287",".398",".685",".294","600.5","17278"
"Rio Ruiz","BAL","120","504","454","104","21","1","15","53","53","44","114","2","1",".228",".297",".381",".679",".294","544.2","14103"
"Bradley Zimmer","CLE","15","62","54","12","3","0","2","7","6","6","21","2","0",".215",".302",".367",".669",".294","599.1","16221"
"Ernie Clement","CLE","2","7","6","2","0","0","0","1","1","0","1","0","0",".267",".316",".356",".672",".294","999.0","sa915732"
"Tyler Naquin","CIN","3","14","13","3","1","0","0","2","2","1","4","0","0",".238",".290",".394",".684",".294","599.7","13359"
"Stephen Vogt","ARI","47","186","168","39","9","1","5","20","21","15","40","1","0",".229",".293",".388",".681",".294","598.6","5000"
"JaCoby Jones","DET","126","536","483","108","23","4","15","62","54","39","161","10","3",".224",".293",".384",".677",".294","484.4","14818"
"Cameron Maybin","CHC","28","121","108","25","5","1","2","14","11","12","30","3","1",".233",".311",".352",".663",".293","999.0","5223"
"Elvis Andrus","OAK","139","594","540","136","27","2","11","67","55","39","95","17","5",".251",".304",".369",".673",".293","374.2","8709"
"Jace Peterson","MIL","6","29","25","6","1","0","1","3","3","3","6","1","0",".226",".316",".345",".660",".293","999.0","12325"
"Andrew Knizner","STL","52","208","189","46","9","0","5","21","22","14","37","1","0",".245",".305",".369",".673",".293","563.1","19514"
"Zach McKinstry","LAD","15","65","59","14","3","0","1","8","7","5","16","1","0",".233",".302",".368",".670",".293","999.0","19392"
"Ryan McKenna","BAL","3","14","12","3","1","0","0","1","1","1","4","0","0",".234",".307",".361",".668",".293","999.0","sa875055"
"Kevin Kiermaier","TBR","122","520","468","107","20","6","12","64","48","42","125","19","5",".229",".300",".375",".674",".293","529.9","11038"
"Max Moroff","STL","5","21","18","4","1","0","1","2","2","2","6","0","0",".207",".305",".359",".664",".293","999.0","14556"
"Josh Harrison","WSN","49","214","195","48","9","1","5","23","22","12","40","3","1",".245",".301",".371",".672",".293","594.3","8202"
"Jason Castro","HOU","76","302","262","54","12","1","10","34","34","34","102","1","0",".204",".300",".366",".666",".293","542.5","8722"
"Tom Murphy","SEA","89","345","315","66","13","1","16","37","45","24","120","1","1",".211",".273",".412",".685",".293","341.8","13499"
"Nick Williams","CHW","2","7","6","1","0","0","0","1","1","0","2","0","0",".229",".289",".389",".678",".293","999.0","14330"
"Victor Caratini","SDP","58","239","214","51","11","0","5","24","25","20","52","1","0",".237",".311",".354",".665",".293","518.0","14968"
"Joe Panik","TOR","21","91","82","20","4","0","1","10","9","8","13","1","0",".243",".314",".350",".664",".293","599.0","11936"
"Luis Rengifo","LAA","10","42","37","9","2","0","1","5","4","4","9","1","0",".233",".310",".352",".662",".292","999.0","19858"
"Eric Sogard","","57","245","217","51","10","1","4","26","22","24","42","2","1",".236",".315",".344",".660",".292","600.5","7927"
"Guillermo Heredia","ATL","2","7","6","1","0","0","0","1","1","1","1","0","0",".237",".312",".346",".659",".292","999.0","18721"
"Sam Hilliard","COL","105","460","420","92","18","4","15","56","50","36","159","12","3",".220",".284",".394",".678",".292","358.5","17954"
"Zach Reks","LAD","2","7","7","1","0","0","0","1","1","1","2","0","0",".230",".302",".362",".664",".292","999.0","sa3004166"
"Zachary Short","DET","8","34","30","6","2","0","1","4","3","4","10","0","0",".209",".305",".355",".660",".292","999.0","sa873287"
"Freddy Galvis","BAL","128","538","496","118","21","2","17","57","57","33","123","5","2",".239",".289",".388",".677",".292","522.6","6609"
"Dwight Smith Jr.","CIN","2","7","6","1","0","0","0","1","1","1","2","0","0",".230",".300",".367",".668",".292","999.0","13473"
"Jordy Mercer","WSN","5","21","19","5","1","0","1","2","2","1","4","0","0",".244",".301",".376",".677",".291","999.0","6547"
"Jaylin Davis","SFG","5","21","19","4","1","0","1","2","2","2","7","0","0",".225",".294",".378",".672",".291","999.0","19552"
"Brock Holt","TEX","37","156","138","33","6","1","2","16","12","15","33","1","1",".240",".320",".332",".652",".291","599.6","9345"
"Matt Wieters","","32","128","113","25","4","0","4","14","15","11","32","1","0",".220",".293",".377",".670",".291","999.0","4298"
"Sam Haggerty","SEA","6","27","24","5","1","0","1","3","2","3","8","1","0",".220",".309",".347",".656",".291","599.8","18054"
"Ender Inciarte","ATL","52","227","205","51","9","1","3","27","19","19","39","7","2",".248",".315",".345",".659",".291","600.0","4922"
"Luis Torrens","SEA","76","292","265","63","14","1","6","29","30","22","59","1","0",".238",".300",".369",".669",".291","525.4","15905"
"Scott Kingery","PHI","107","473","433","100","22","2","14","54","53","30","127","9","2",".230",".287",".388",".675",".291","356.8","17975"
"Hanser Alberto","KCR","57","241","227","61","11","1","3","24","25","8","27","2","1",".269",".299",".373",".671",".291","559.6","11902"
"Patrick Mazeika","NYM","3","13","12","3","1","0","0","1","1","1","3","0","0",".226",".299",".363",".662",".290","999.0","sa827167"
"Jesus Sanchez","MIA","3","14","13","3","1","0","0","1","1","1","3","0","0",".240",".293",".377",".670",".290","599.7","19913"
"Logan Forsythe","","32","140","121","26","5","0","3","15","13","16","39","0","0",".213",".314",".330",".644",".290","999.0","7185"
"Jorge Alfaro","MIA","81","318","293","68","12","1","9","33","34","17","109","3","1",".234",".291",".379",".670",".290","247.6","12180"
"Luis Garcia","WSN","68","300","283","74","14","1","5","32","31","13","55","4","1",".262",".297",".372",".669",".290","999.0","20391"
"Justin Williams","STL","39","170","156","37","7","0","4","18","18","11","43","1","0",".238",".294",".374",".667",".289","999.0","15490"
"Leury Garcia","CHW","42","180","166","43","7","1","3","20","16","9","40","4","1",".257",".304",".359",".662",".289","596.2","5913"
"Dom Nunez","COL","57","227","201","43","9","1","7","24","25","22","63","2","1",".212",".295",".369",".664",".289","596.1","15055"
"Mark Trumbo","","23","98","89","19","3","0","4","11","12","8","27","0","0",".217",".282",".386",".668",".289","999.0","6876"
"Adalberto Mondesi","KCR","147","627","583","138","26","8","17","88","56","32","184","52","9",".236",".278",".398",".677",".289","22.8","13769"
"Connor Wong","BOS","3","13","12","3","1","0","0","2","1","1","5","0","0",".223",".278",".393",".671",".289","999.0","sa873978"
"Joshua Palacios","TOR","11","49","44","10","2","0","1","6","4","4","13","1","0",".233",".304",".351",".655",".289","999.0","sa829562"
"Marcus Wilson","BOS","2","7","6","1","0","0","0","1","1","1","2","0","0",".217",".291",".369",".660",".288","999.0","sa828703"
"Kyle Farmer","CIN","84","370","340","80","19","1","9","39","40","22","85","3","1",".234",".288",".378",".667",".288","600.3","14813"
"Greg Garcia","DET","16","69","59","13","2","0","1","7","5","8","16","1","0",".227",".324",".313",".637",".288","999.0","10951"
"Mauricio Dubon","SFG","105","457","424","105","20","2","9","50","46","26","87","10","3",".249",".295",".370",".665",".288","288.8","16530"
"Chris Owings","COL","21","92","85","20","4","1","2","10","9","6","26","2","1",".236",".287",".381",".668",".288","599.5","10030"
"Isan Diaz","MIA","97","418","370","79","18","2","11","44","42","41","121","5","2",".213",".296",".362",".658",".288","597.0","17922"
"Scott Schebler","LAA","2","7","6","1","0","0","0","1","1","1","2","0","0",".212",".291",".368",".660",".288","999.0","12225"
"Blaze Tom","OAK","49","207","185","40","9","1","5","22","20","18","56","3","1",".219",".296",".363",".659",".288","999.0","sa875069"
"Kyle Higashioka","NYY","40","161","148","32","7","0","7","18","21","11","42","0","0",".215",".270",".406",".676",".288","531.4","5517"
"Phillip Evans","PIT","63","272","247","58","13","1","5","27","27","21","49","2","1",".234",".299",".354",".654",".288","600.6","12950"
"Bret Boswell","COL","13","57","52","12","2","0","2","6","6","4","18","1","0",".224",".279",".391",".670",".287","999.0","sa918769"
"Lucas Raley","LAD","3","14","13","3","1","0","0","2","2","1","5","0","0",".222",".291",".368",".659",".287","999.0","sa918048"
"Mallex Smith","NYM","2","7","6","2","0","0","0","1","0","1","2","0","0",".242",".311",".336",".647",".287","597.5","13608"
"Khalil Lee","NYM","2","7","6","1","0","0","0","1","1","1","2","0","0",".217",".305",".340",".645",".287","600.4","sa917996"
"Santiago Espinal","TOR","6","28","26","6","1","0","0","3","3","2","5","0","0",".249",".300",".358",".658",".287","999.0","19997"
"Kevan Smith","TBR","13","50","46","11","2","0","1","5","5","3","10","0","0",".242",".304",".345",".649",".287","999.0","12284"
"Chris Shaw","BAL","2","7","6","1","0","0","0","1","1","0","2","0","0",".218",".277",".389",".666",".287","999.0","17738"
"Edward Olivares","KCR","75","317","293","70","15","2","7","34","32","17","68","7","2",".240",".289",".374",".663",".286","542.0","19698"
"Orlando Arcia","MIL","112","493","453","110","20","1","11","51","53","33","95","7","3",".242",".295",".369",".664",".286","533.0","13185"
"Taylor Jones","HOU","2","7","6","1","0","0","0","1","1","1","2","0","0",".217",".298",".354",".652",".286","999.0","19533"
"Tres Barrera","WSN","2","6","6","1","0","0","0","1","1","0","1","0","0",".233",".294",".361",".656",".286","999.0","19977"
"Robel Garcia","HOU","3","14","13","3","1","0","1","2","2","1","5","0","0",".201",".280",".381",".662",".286","999.0","13167"
"Lucius Fox","KCR","8","34","31","7","1","0","0","4","3","3","8","1","0",".235",".308",".337",".645",".286","999.0","sa914200"
"Jorge Ona","SDP","2","7","6","1","0","0","0","1","1","1","2","0","0",".227",".294",".363",".656",".286","999.0","20040"
"Jake Fraley","SEA","50","210","191","43","10","1","5","23","20","15","54","6","2",".224",".287",".374",".662",".286","598.1","19260"
"Jeffrey Bleday","MIA","8","35","32","7","2","0","1","3","4","3","8","0","0",".226",".290",".370",".660",".286","999.0","sa3011642"
"Martin Maldonado","HOU","78","309","270","57","10","0","9","33","33","26","84","1","0",".211",".295",".353",".648",".286","516.5","6887"
"Chris Herrmann","BOS","5","19","17","3","1","0","0","2","2","2","6","0","0",".209",".300",".346",".646",".286","999.0","9284"
"Andy Ibanez","TEX","10","41","37","9","2","0","1","4","4","3","8","0","0",".234",".294",".363",".657",".286","999.0","sa914201"
"Akil Baddoo","DET","5","21","18","4","1","0","1","2","2","2","6","0","0",".208",".291",".363",".653",".286","999.0","sa917953"
"Nicholas Gordon","MIN","3","14","13","3","1","0","0","2","1","1","3","0","0",".245",".296",".359",".655",".286","999.0","sa828662"
"Travis Blankenhorn","MIN","5","21","19","4","1","0","1","2","2","1","6","0","0",".223",".282",".379",".661",".285","999.0","18395"
"Franklin Barreto","LAA","37","161","146","32","7","1","5","19","17","11","54","3","1",".217",".281",".378",".659",".285","600.1","15519"
"Shed Long","SEA","75","312","281","63","13","1","7","33","29","26","85","5","2",".224",".294",".357",".651",".285","594.5","16542"
"Luis Gonzalez","CHW","8","35","31","7","2","0","1","4","3","3","8","0","0",".228",".294",".358",".652",".285","999.0","20332"
"Tony Kemp","OAK","87","373","330","77","14","2","4","40","27","34","58","9","3",".235",".311",".328",".640",".285","597.8","14894"
"Jose Marmolejos","SEA","29","122","112","25","5","0","3","12","13","9","31","0","0",".227",".286",".371",".657",".285","595.1","15767"
"Jose Peraza","NYM","5","21","20","5","1","0","0","2","2","1","3","1","0",".253",".297",".357",".654",".285","999.0","13593"
"Anderson Tejeda","TEX","18","75","68","15","3","0","2","8","8","5","26","1","0",".220",".279",".381",".660",".284","587.7","19909"
"Lane Thomas","STL","41","177","160","35","7","1","5","20","17","14","52","4","1",".218",".287",".365",".652",".284","592.3","16939"
"Deivy Grullon","CIN","6","26","24","5","1","0","1","3","3","2","8","0","0",".222",".278",".380",".658",".284","598.5","15988"
"Andrew Stevenson","WSN","58","257","234","56","10","2","4","28","22","19","69","6","2",".237",".299",".347",".646",".284","561.0","17932"
"Phil Gosselin","LAA","13","56","51","12","2","0","1","6","5","4","13","0","0",".233",".296",".352",".648",".284","999.0","10953"
"Mickey Moniak","PHI","15","64","60","14","3","0","1","7","7","4","17","1","0",".234",".284",".373",".658",".284","999.0","19956"
"Jake Marisnick","CHC","65","285","257","55","11","1","9","33","29","18","90","8","2",".215",".278",".378",".656",".284","600.1","11339"
"Chad Tromp","SFG","3","13","12","3","1","0","0","1","1","1","3","0","0",".225",".283",".371",".654",".284","999.0","16953"
"Dustin Fowler","PIT","75","321","299","70","16","2","8","34","33","18","83","7","2",".233",".280",".378",".659",".284","600.1","17098"
"Michael A. Taylor","KCR","81","344","313","70","15","2","10","39","35","26","104","10","3",".223",".284",".373",".657",".284","561.0","11489"
"Albert Almora Jr.","NYM","44","192","177","44","8","0","4","19","19","11","35","1","0",".247",".292",".367",".659",".284","600.8","14109"
"Kyle Holder","CIN","39","171","157","38","8","1","3","18","17","11","31","1","0",".239",".293",".358",".651",".284","999.0","sa857840"
"Yolmer Sanchez","BAL","71","300","270","64","13","2","4","31","23","23","65","4","2",".237",".302",".339",".642",".283","596.2","11602"
"Luis Guillorme","NYM","44","192","170","40","7","0","2","19","16","18","38","2","1",".237",".314",".318",".632",".283","600.2","16451"
"Adam Engel","CHW","63","270","246","55","12","2","6","31","25","16","75","6","2",".224",".286",".363",".649",".283","597.4","15082"
"Oscar Mercado","CLE","107","451","408","94","21","2","9","51","40","31","101","16","5",".231",".291",".358",".649",".283","383.0","16375"
"Mike Zunino","TBR","92","361","323","62","13","0","16","38","47","29","132","0","0",".193",".272",".380",".652",".283","552.0","13265"
"Joey Bart","SFG","19","77","72","16","3","0","2","8","9","4","22","0","0",".230",".280",".376",".656",".283","492.6","21524"
"Mark Mathias","MIL","3","14","13","3","1","0","0","1","1","1","3","0","0",".222",".296",".346",".642",".283","999.0","18032"
"Jared Oliva","PIT","21","91","82","19","4","1","1","10","8","6","23","3","1",".233",".297",".348",".645",".283","999.0","19968"
"Max Schrock","CIN","8","36","33","8","2","0","1","4","3","2","6","0","0",".242",".298",".346",".644",".283","999.0","17750"
"Kramer Robertson","STL","2","7","6","1","0","0","0","1","1","1","1","0","0",".225",".307",".324",".632",".283","999.0","sa857820"
"Kevin Smith","TOR","2","7","7","1","0","0","0","1","1","0","2","0","0",".216",".268",".394",".662",".283","999.0","sa915864"
"Gerardo Parra","WSN","24","107","98","24","5","0","2","11","10","7","21","2","1",".242",".298",".349",".647",".283","999.0","8553"
"Breyvic Valera","TOR","6","28","25","6","1","0","0","3","3","2","4","0","0",".240",".301",".342",".643",".283","999.0","12758"
"Ehire Adrianza","ATL","5","21","19","4","1","0","0","2","2","2","5","0","0",".233",".300",".342",".642",".282","600.1","8418"
"Jonathan Davis","TOR","10","42","37","8","2","0","1","5","4","3","11","1","0",".216",".298",".339",".637",".282","999.0","15104"
"Hernan Perez","WSN","3","14","13","3","1","0","0","2","2","1","3","0","0",".237",".280",".375",".655",".282","999.0","5751"
"Steven Duggar","SFG","24","105","95","22","5","1","1","11","9","9","31","2","1",".229",".297",".345",".642",".282","999.0","17719"
"Daz Cameron","DET","24","103","93","20","4","1","2","11","9","8","31","2","1",".218",".290",".354",".643",".282","600.6","18353"
"Jacob Stallings","PIT","94","370","335","78","17","0","8","33","39","26","87","0","0",".232",".294",".353",".647",".282","455.8","13723"
"Connor Chatham","PHI","6","29","27","7","1","0","0","3","3","1","7","0","0",".254",".293",".357",".650",".282","999.0","sa873984"
"Estevan Florial","NYY","2","7","6","1","0","0","0","1","1","1","3","0","0",".211",".286",".358",".645",".282","999.0","19151"
"Tim Lopes","MIL","3","14","13","3","1","0","0","2","1","1","3","0","0",".243",".297",".345",".642",".282","999.0","14137"
"Jahmai Jones","BAL","66","279","252","57","11","1","5","29","24","22","66","5","2",".228",".295",".346",".641",".282","600.7","18872"
"Donnie Walton","SEA","6","27","24","6","1","0","0","3","2","2","5","0","0",".231",".303",".330",".634",".282","999.0","19314"
"Sean Rodriguez","","10","42","36","7","1","0","1","5","4","4","15","0","0",".193",".288",".347",".636",".282","999.0","6589"
"Ildemaro Vargas","CHC","34","150","139","35","7","1","2","15","15","8","20","1","0",".250",".295",".350",".645",".282","999.0","13324"
"Brett Phillips","TBR","16","69","61","12","3","1","2","8","7","7","24","2","1",".199",".289",".352",".641",".281","600.9","14735"
"Jasrado Chisholm","MIA","47","202","182","37","7","1","7","22","21","17","72","4","1",".206",".278",".369",".647",".281","999.0","20454"
"Jake Rogers","DET","31","120","106","21","5","1","4","12","12","11","38","1","0",".201",".283",".359",".642",".281","600.9","19452"
"Cole Tucker","PIT","76","328","298","69","15","2","5","34","29","25","78","7","2",".232",".294",".348",".642",".281","598.1","17326"
"Matt Reynolds","CHW","2","7","6","1","0","0","0","1","1","1","2","0","0",".223",".300",".333",".633",".281","999.0","13788"
"Cedric Mullins II","BAL","45","191","174","40","9","1","4","21","15","13","39","5","1",".230",".287",".358",".645",".281","498.5","17929"
"Taylor Trammell","SEA","45","190","169","36","7","1","4","20","16","19","55","4","1",".213",".296",".337",".633",".281","999.0","sa917943"
"Jacob Nottingham","MIL","36","145","131","27","6","0","5","15","17","10","48","1","0",".207",".279",".367",".645",".281","600.0","16448"
"Danny Mendick","CHW","19","83","75","17","3","0","2","9","8","6","17","1","0",".228",".293",".344",".637",".280","999.0","18889"
"Mike Freeman","CLE","3","14","12","3","1","0","0","1","1","1","4","0","0",".229",".301",".331",".631",".280","999.0","11241"
"DJ Peters","LAD","2","7","6","1","0","0","0","1","1","1","3","0","0",".200",".281",".358",".639",".280","999.0","sa829712"
"Thairo Estrada","NYY","15","64","59","14","2","0","1","7","6","3","15","1","0",".238",".287",".356",".643",".280","999.0","16426"
"Delino DeShields","TEX","34","142","124","28","5","1","1","16","8","14","35","6","2",".228",".309",".318",".627",".280","600.3","11379"
"Will Craig","PIT","2","7","6","1","0","0","0","1","1","1","2","0","0",".215",".287",".352",".639",".280","999.0","19267"
"Edmundo Sosa","STL","29","128","119","29","6","1","2","13","12","6","29","1","0",".242",".286",".360",".646",".280","999.0","17022"
"Jason Martin","TEX","2","7","6","1","0","0","0","1","1","1","2","0","0",".225",".285",".359",".644",".280","999.0","16429"
"Jose Briceno","COL","13","52","48","11","2","0","2","5","6","3","13","1","0",".224",".268",".384",".652",".280","999.0","13151"
"Sheldon Neuse","LAD","19","87","80","18","4","0","2","9","9","6","27","0","0",".231",".287",".355",".642",".280","600.9","19635"
"Blake Rutherford","CHW","2","7","6","1","0","0","0","1","1","0","2","0","0",".232",".288",".353",".641",".279","999.0","sa917932"
"Pat Valaika","BAL","41","170","158","35","7","0","6","17","18","10","46","1","0",".220",".268",".383",".650",".279","542.3","14885"
"Alex Jackson","ATL","32","130","118","24","5","0","5","14","16","8","49","0","0",".201",".270",".378",".648",".279","599.1","17276"
"Brandon Drury","NYM","3","14","13","3","1","0","0","1","1","1","4","0","0",".223",".283",".357",".640",".279","999.0","11615"
"Patrick Higgins","CHC","5","19","17","4","1","0","0","2","2","2","4","0","0",".229",".298",".331",".629",".279","999.0","sa875573"
"Alexander De Goti","HOU","2","7","6","1","0","0","0","1","1","0","2","0","0",".227",".288",".347",".635",".279","999.0","sa919320"
"Vimael Machin","OAK","26","110","98","23","5","0","1","10","9","10","20","1","0",".230",".306",".323",".629",".279","999.0","17684"
"Kyle Garlick","MIN","5","21","19","4","1","0","1","2","2","1","7","0","0",".211",".270",".378",".648",".279","999.0","18063"
"Cam Gallagher","KCR","37","145","130","30","6","0","3","13","14","11","28","0","0",".227",".292",".342",".633",".278","595.8","12981"
"Micker Adolfo","CHW","6","28","25","5","1","0","1","3","3","2","11","0","0",".204",".277",".356",".633",".278","999.0","sa830303"
"Roman Quinn","PHI","45","201","182","41","7","2","4","25","15","14","60","12","2",".225",".288",".345",".633",".277","548.3","13546"
"Erik Gonzalez","PIT","36","154","143","34","7","1","3","16","14","8","40","3","1",".239",".282",".358",".640",".277","588.5","13369"
"Juan Lagares","LAA","18","77","70","16","3","0","1","8","7","5","18","1","0",".235",".294",".343",".636",".277","999.0","5384"
"Rene Rivera","","19","77","70","15","3","0","3","8","9","5","25","0","0",".209",".272",".366",".638",".277","999.0","3648"
"Charlie Culberson","TEX","42","176","163","37","7","1","5","18","17","10","47","2","1",".227",".277",".364",".641",".277","999.0","3298"
"Eli White","TEX","29","122","111","25","5","1","2","12","10","9","35","2","1",".222",".287",".342",".628",".277","999.0","19346"
"Reese McGuire","TOR","37","148","133","30","6","0","3","16","14","11","32","1","0",".223",".287",".346",".633",".277","601.0","15674"
"Nicky Lopez","KCR","130","551","500","122","20","4","3","55","42","40","82","9","3",".244",".303",".320",".623",".277","595.9","19339"
"Tyler Wade","NYY","28","120","108","24","5","1","2","14","10","10","31","3","1",".221",".292",".334",".626",".277","600.0","15730"
"Kelvin Gutierrez","KCR","6","28","25","6","1","0","0","3","2","2","7","0","0",".233",".290",".338",".628",".277","999.0","17468"
"Brian O'Grady","SDP","5","21","19","4","1","0","1","2","2","2","7","0","0",".199",".277",".358",".636",".276","999.0","16729"
"Austin Allen","OAK","16","63","58","13","3","0","2","6","7","4","17","0","0",".220",".278",".360",".639",".276","600.8","18083"
"Yu-Cheng Chang","CLE","11","48","43","9","2","0","1","5","5","4","15","0","0",".208",".283",".347",".630",".276","600.3","14773"
"Anthony Alford","PIT","75","321","289","63","14","2","6","35","26","25","103","11","2",".218",".290",".334",".624",".276","580.4","14329"
"Roberto Perez","CLE","96","369","321","65","11","1","10","37","34","37","118","1","0",".202",".289",".334",".624",".276","507.4","2900"
"Bryan Holaday","ARI","3","13","12","3","1","0","0","1","1","1","2","0","0",".226",".292",".341",".633",".276","999.0","11287"
"Dee Gordon","CIN","36","157","147","39","5","1","1","18","11","6","25","7","2",".263",".298",".330",".628",".275","582.2","8203"
"Tyler Heineman","STL","8","32","29","7","1","0","1","3","3","2","6","0","0",".225",".290",".336",".626",".275","999.0","13897"
"Tyrone Taylor","MIL","21","93","86","19","4","0","3","9","10","5","22","1","0",".219",".272",".364",".636",".275","600.6","13675"
"Sergio Alcantara","CHC","3","14","13","3","1","0","0","1","1","1","3","0","0",".234",".300",".318",".618",".275","999.0","16417"
"Beau Taylor","CLE","16","63","55","11","2","0","1","6","5","7","19","0","0",".204",".300",".311",".611",".275","999.0","12384"
"Garrett Stubbs","HOU","8","32","29","6","1","0","0","3","3","3","6","0","0",".220",".293",".327",".620",".275","999.0","18067"
"John Hicks","TEX","5","18","17","4","1","0","1","2","2","1","6","0","0",".219",".268",".367",".635",".275","999.0","12547"
"Austin Hedges","CLE","50","193","175","35","7","0","7","19","22","14","58","1","0",".202",".269",".368",".637",".275","599.6","12976"
"Jose  Garcia","CIN","37","164","153","35","8","0","3","17","16","7","43","2","1",".232",".278",".353",".631",".275","999.0","23378"
"Grayson Greiner","DET","49","188","171","36","7","1","5","18","19","14","56","0","0",".210",".275",".353",".628",".275","599.3","17062"
"Travis Jankowski","PHI","5","21","19","4","1","0","0","2","1","2","5","1","0",".230",".307",".300",".607",".274","999.0","13768"
"Luis Barrera","OAK","16","69","64","15","3","1","1","7","5","4","16","1","0",".233",".284",".341",".625",".273","999.0","sa736690"
"Jonah Heim","TEX","60","230","210","47","10","0","4","21","21","17","44","0","0",".224",".284",".339",".623",".273","572.9","16930"
"Ronnie Dawson","HOU","6","28","25","5","1","0","1","3","3","2","9","1","0",".202",".279",".341",".620",".273","999.0","sa873674"
"Harold Castro","DET","29","124","115","29","5","1","1","12","11","6","25","1","0",".248",".287",".336",".623",".273","598.8","14691"
"Lewis Brinson","MIA","45","195","178","38","8","1","5","20","18","12","57","3","1",".215",".274",".352",".627",".272","583.5","14352"
"Tony Wolters","PIT","28","109","97","22","4","0","1","10","9","9","23","0","0",".223",".301",".308",".609",".272","600.7","11470"
"Michael Perez","PIT","40","160","144","30","7","0","3","14","16","13","42","0","0",".211",".281",".336",".617",".272","999.0","12977"
"Dustin Garneau","DET","6","26","23","4","1","0","1","2","3","2","7","0","0",".198",".274",".343",".617",".272","999.0","9433"
"Jason Vosler","SFG","2","7","6","1","0","0","0","1","1","1","2","0","0",".203",".275",".343",".618",".271","999.0","sa829190"
"Meibrys Viloria","KCR","13","50","46","10","2","0","1","5","4","4","13","0","0",".226",".289",".324",".612",".271","999.0","17109"
"Braden Bishop","SEA","18","75","67","15","3","0","1","7","6","6","19","1","0",".223",".291",".317",".608",".271","999.0","17806"
"Jake Noll","WSN","6","29","27","6","1","0","1","3","3","1","6","0","0",".234",".276",".346",".622",".270","999.0","19703"
"Jon Jay","LAA","8","35","32","8","1","0","0","3","3","2","7","0","0",".240",".301",".302",".603",".270","999.0","5227"
"Lucas Erceg","MIL","10","43","39","8","2","0","1","4","5","3","11","0","0",".213",".272",".349",".620",".270","999.0","sa872722"
"Seby Zavala","CHW","2","6","5","1","0","0","0","1","1","0","2","0","0",".203",".266",".354",".620",".270","999.0","18887"
"Richie Martin Jr.","BAL","24","102","93","21","4","1","2","11","7","6","26","2","1",".222",".283",".326",".609",".268","600.9","17736"
"Chad Wallach","MIA","66","261","233","48","10","0","6","23","24","21","76","0","0",".206",".280",".325",".606",".268","599.7","17161"
"Chris Davis","BAL","52","218","192","35","7","0","7","21","22","22","80","0","0",".184",".274",".330",".604",".268","599.8","9272"
"Jose Trevino","TEX","91","349","325","74","15","0","8","30","34","17","63","0","0",".228",".269",".348",".618",".267","529.3","16725"
"Magneuris Sierra","MIA","21","90","84","20","4","1","1","10","6","5","19","4","1",".239",".284",".325",".608",".267","598.2","17023"
"Andrew Velazquez","NYY","2","7","6","1","0","0","0","1","1","1","2","0","0",".216",".277",".331",".607",".267","999.0","14196"
"Billy Hamilton","CLE","29","123","111","25","4","1","1","15","7","10","29","9","2",".225",".290",".308",".599",".267","598.0","10199"
"Derek Hill","DET","2","7","6","1","0","0","0","1","1","0","2","0","0",".213",".272",".335",".608",".267","999.0","16947"
"Austin Wynns","BAL","3","13","11","3","0","0","0","1","1","1","3","0","0",".221",".282",".317",".600",".266","999.0","15271"
"Austin Romine","CHC","50","202","187","42","8","0","4","19","20","11","55","1","0",".223",".269",".341",".610",".266","578.6","5491"
"Anthony Bemboom","LAA","10","38","34","7","1","0","1","4","4","3","10","0","0",".203",".274",".326",".601",".264","999.0","13854"
"Bubba Starling","KCR","5","21","19","4","1","0","0","2","2","1","6","0","0",".216",".268",".336",".603",".264","999.0","13356"
"Gregory Deichmann","OAK","5","21","19","4","1","0","1","2","2","2","7","0","0",".194",".266",".335",".601",".263","999.0","sa3004977"
"Monte Harrison","MIA","5","21","19","4","1","0","0","2","2","1","8","1","0",".203",".268",".329",".597",".263","596.0","17216"
"Sandy Leon","MIA","15","58","51","10","2","0","1","5","5","5","15","0","0",".200",".275",".315",".590",".262","999.0","5273"
"Tomas Nido","NYM","45","181","169","37","7","0","4","16","19","9","45","0","0",".220",".264",".338",".603",".261","999.0","13755"
"Nick Heath","KCR","13","55","49","10","2","0","1","6","3","5","18","3","1",".212",".282",".302",".584",".261","999.0","19577"
"Keon Broxton","MIN","5","21","19","3","1","0","1","3","2","2","9","1","0",".183",".266",".323",".588",".261","999.0","9253"
"Jarrod Dyson","","34","147","131","28","4","1","1","17","9","13","30","8","2",".211",".290",".288",".577",".261","999.0","4866"
"Drew Butera","TEX","10","37","33","7","1","0","1","3","3","3","10","0","0",".206",".274",".317",".591",".261","999.0","3411"
"Jorge Mateo","SDP","21","93","87","19","4","1","2","10","8","5","29","3","1",".213",".260",".342",".602",".260","600.6","17273"
"Seth Brown","OAK","19","83","76","15","3","0","2","8","8","6","27","1","0",".199",".262",".333",".595",".260","599.0","18171"
"Aramis Garcia","OAK","42","164","150","30","6","0","4","15","16","11","55","0","0",".201",".260",".335",".594",".260","599.8","16925"
"Skye Bolt","OAK","2","7","6","1","0","0","0","1","1","1","2","0","0",".195",".269",".318",".587",".259","999.0","17723"
"Jeff Mathis","PHI","8","33","30","6","1","0","1","3","3","2","11","0","0",".201",".261",".331",".592",".259","999.0","3448"
"Corey Ray","MIL","3","14","13","2","1","0","0","1","1","1","5","0","0",".191",".261",".329",".590",".259","999.0","sa738510"
"Jose Siri","HOU","13","56","52","11","2","0","1","6","5","3","21","1","0",".203",".255",".341",".596",".258","999.0","sa736940"
"Luke Maile","MIL","6","27","24","5","1","0","1","2","2","2","7","0","0",".202",".268",".314",".582",".258","999.0","13355"
"Caleb Joseph","NYM","3","13","12","3","1","0","0","1","1","1","4","0","0",".210",".259",".316",".575",".252","999.0","7087"
"Michael Reed","OAK","6","28","25","5","1","0","1","3","2","2","9","1","0",".196",".257",".320",".577",".252","999.0","sa738683"
"Albert Pujols","LAA","84","363","344","72","13","0","11","33","40","15","56","1","0",".208",".242",".344",".586",".252","586.3","1177"
