Name,ID,Pos,PA/IP,BA,R,HR,RBI,SB,ERA,WHIP,W,SO,SV,fWAR,fWAR600
Tyler Holt,11391,,7,0.167,1,0,0,0,,,,,,-16.7,-14.92
Chris Heisey,3978,,3,0.333,0,0,0,0,,,,,,-16.7,-12.59
Charlie Culberson,3298,,7,0.143,1,0,1,0,,,,,,-16.61,-7.33
Juan Duran,sa503255,,7,0.143,1,0,1,0,,,,,,-16.61,-7.33
Max Muncy,13301,,7,0.167,1,0,1,0,,,,,,-16.58,-4.82
Oscar Hernandez,13490,,6,0.167,1,0,1,0,,,,,,-16.58,-2.83
John Mayberry,3390,,7,0.167,1,0,1,0,,,,,,-16.58,-4.82
Xavier Scruggs,7409,,7,0.167,1,0,1,0,,,,,,-16.58,-4.82
Jake Goebbert,9431,,7,0.167,1,0,1,0,,,,,,-16.58,-4.82
Mike Ohlman,sa501614,,6,0.167,1,0,1,0,,,,,,-16.58,-2.83
Brian Goodwin,sa501964,,7,0.167,1,0,1,0,,,,,,-16.58,-4.82
Tony Wolters,sa548197,,6,0.167,1,0,1,0,,,,,,-16.58,-2.83
Sean Coyle,sa548268,,7,0.167,1,0,1,0,,,,,,-16.58,-4.82
Justin O'Conner,sa548314,,6,0.167,1,0,1,0,,,,,,-16.58,-2.83
JaCoby Jones,sa549406,,7,0.167,1,0,1,0,,,,,,-16.58,-4.82
Bubba Starling,sa597751,,7,0.167,1,0,1,0,,,,,,-16.58,-4.82
Dan Vogelbach,sa597778,,7,0.167,1,0,1,0,,,,,,-16.58,-4.82
James Ramsey,sa599239,,7,0.167,1,0,1,0,,,,,,-16.58,-4.82
Max Moroff,sa658280,,7,0.167,1,0,1,0,,,,,,-16.58,-4.82
Daniel Fields,10390,,14,0.231,1,0,1,0,,,,,,-16.57,-10.26
Josh Rutledge,11167,,14,0.231,1,0,1,0,,,,,,-16.57,-10.26
Ronald Torreyes,11400,,14,0.231,1,0,1,0,,,,,,-16.57,-10.26
Jason Bourgeois,2225,,14,0.231,1,0,1,0,,,,,,-16.57,-10.26
Allen Craig,3433,,14,0.231,1,0,1,0,,,,,,-16.57,-10.26
Joaquin Arias,3817,,14,0.231,1,0,1,0,,,,,,-16.57,-10.26
Brett Eibner,sa390416,,14,0.231,1,0,1,0,,,,,,-16.57,-10.26
Jorge Bonifacio,sa547943,,14,0.231,1,0,1,0,,,,,,-16.57,-10.26
Rangel Ravelo,sa548335,,14,0.231,1,0,1,0,,,,,,-16.57,-10.26
Ben Gamel,sa548493,,14,0.231,1,0,1,0,,,,,,-16.57,-10.26
Jose Rondon,sa597500,,14,0.231,1,0,1,0,,,,,,-16.57,-10.26
Anthony Alford,sa657953,,14,0.231,1,0,1,0,,,,,,-16.57,-10.26
Joey Wendle,sa658022,,14,0.231,1,0,1,0,,,,,,-16.57,-10.26
Rob Brantly,10655,,13,0.25,1,0,1,0,,,,,,-16.54,-8.4
Jett Bandy,12508,,13,0.25,1,0,1,0,,,,,,-16.54,-8.4
Dean Anna,8353,,14,0.25,1,0,1,0,,,,,,-16.54,-9.0
Willson Contreras,sa508176,,13,0.25,1,0,1,0,,,,,,-16.54,-8.4
Spencer Kieboom,sa621637,,13,0.25,1,0,1,0,,,,,,-16.54,-8.4
Ryan Brett,12138,,7,0.286,1,0,1,0,,,,,,-16.5,1.98
Matt Dominguez,4903,,7,0.286,1,0,1,0,,,,,,-16.5,1.98
Reynaldo Navarro,6008,,7,0.286,1,0,1,0,,,,,,-16.5,1.98
Erik Gonzalez,sa506001,,7,0.286,1,0,1,0,,,,,,-16.5,1.98
Marco Hernandez,sa547804,,7,0.286,1,0,1,0,,,,,,-16.5,1.98
Ramon Torres,sa547940,,7,0.286,1,0,1,0,,,,,,-16.5,1.98
Renato Nunez,sa596834,,7,0.286,1,0,1,0,,,,,,-16.5,1.98
Raimel Tapia,sa597078,,7,0.286,1,0,1,0,,,,,,-16.5,1.98
Chris Bostick,sa602694,,7,0.286,1,0,1,0,,,,,,-16.5,1.98
Albert Almora,sa657859,,7,0.286,1,0,1,0,,,,,,-16.5,1.98
Terrance Gore,13658,,7,0.167,1,0,0,1,,,,,,-16.48,4.17
Sam Travis,sa599539,,14,0.231,2,0,1,0,,,,,,-16.48,-6.47
Bryce Brentz,10607,,7,0.333,1,0,1,0,,,,,,-16.47,4.5
Christian Walker,13419,,7,0.333,1,0,1,0,,,,,,-16.47,4.5
Micah Johnson,13809,,7,0.333,1,0,1,0,,,,,,-16.47,4.5
Andrew Lambo,5386,,7,0.333,1,0,1,0,,,,,,-16.47,4.5
Jose Martinez,sa380012,,7,0.333,1,0,1,0,,,,,,-16.47,4.5
Jacob May,sa550097,,7,0.333,1,0,1,0,,,,,,-16.47,4.5
Jeimer Candelario,sa596954,,7,0.333,1,0,1,0,,,,,,-16.47,4.5
Roman Quinn,sa597773,,7,0.333,1,0,1,0,,,,,,-16.47,4.5
Lewis Brinson,sa657923,,7,0.333,1,0,1,0,,,,,,-16.47,4.5
Patrick Kivlehan,sa657983,,7,0.333,1,0,1,0,,,,,,-16.47,4.5
Nomar Mazara,sa659453,,7,0.333,1,0,1,0,,,,,,-16.47,4.5
Billy Mckinney,sa737528,,7,0.333,1,0,1,0,,,,,,-16.47,4.5
Willy Garcia,sa547734,,14,0.231,1,0,2,0,,,,,,-16.45,-5.2
Luke Maile,13355,,26,0.217,2,0,2,0,,,,,,-16.44,-10.24
Tyler Ladendorf,3211,,21,0.211,2,0,2,0,,,,,,-16.43,-8.44
Drew Butera,3411,,32,0.207,3,0,2,0,,,,,,-16.42,-11.06
Ramon Cabrera,10327,,19,0.222,2,0,2,0,,,,,,-16.4,-6.64
Pedro Severino,14523,,19,0.222,2,0,2,0,,,,,,-16.4,-6.64
Nolan Fontana,sa657932,,21,0.222,2,0,2,0,,,,,,-16.4,-7.6
Munenori Kawasaki,13047,,28,0.24,2,0,2,0,,,,,,-16.39,-9.63
Jake Smolinski,5408,,14,0.231,2,0,2,0,,,,,,-16.36,-1.42
Alex Yarbrough,sa621579,,21,0.25,2,0,2,0,,,,,,-16.35,-6.18
Manuel Margot,sa657504,,14,0.231,1,0,1,1,,,,,,-16.35,-0.71
Trevor Brown,13895,,32,0.233,3,0,2,0,,,,,,-16.34,-9.57
Eric Young,7158,,21,0.211,2,0,1,1,,,,,,-16.33,-5.45
Ike Davis,8433,,14,0.25,2,0,2,0,,,,,,-16.33,-0.16
Gavin Cecchini,sa657876,,21,0.263,2,0,2,0,,,,,,-16.32,-5.34
Bryan Holaday,11287,,32,0.233,3,0,3,0,,,,,,-16.22,-7.36
A.J. Jimenez,sa454887,,32,0.233,3,0,3,0,,,,,,-16.22,-7.36
Anthony Recker,4063,,19,0.176,2,1,2,0,,,,,,-16.21,-0.73
Tyler Heineman,sa658108,,32,0.241,3,0,3,0,,,,,,-16.19,-6.81
Antoan Richardson,209,,21,0.222,2,0,2,1,,,,,,-16.18,-1.24
Andrew Aplin,sa502787,,21,0.222,2,0,2,1,,,,,,-16.18,-1.24
Tomas Telis,10067,,32,0.267,3,0,3,0,,,,,,-16.11,-5.32
Andy Wilkins,11251,,14,0.231,2,1,2,0,,,,,,-16.1,10.01
Mason Williams,11859,,21,0.263,2,0,2,1,,,,,,-16.1,1.03
Taylor Motter,sa577804,,21,0.263,2,0,2,1,,,,,,-16.1,1.03
Adam Brett Walker,sa621791,,14,0.231,2,1,2,0,,,,,,-16.1,10.01
Wynton Bernard,sa658999,,21,0.263,2,0,2,1,,,,,,-16.1,1.03
Jefry Marte,5107,,21,0.263,2,1,2,0,,,,,,-16.05,2.28
Carson Blair,5429,,32,0.207,3,1,3,0,,,,,,-16.03,-3.85
Justin Maxwell,6827,,27,0.2,3,1,3,0,,,,,,-16.02,-1.27
John Hicks,12547,,32,0.233,3,0,3,1,,,,,,-16.0,-3.18
Alex Guerrero,15670,,21,0.25,2,1,3,0,,,,,,-15.97,4.81
Ryan Rua,12409,,28,0.231,3,1,3,0,,,,,,-15.95,-0.12
Jorge Alfaro,sa551307,,32,0.233,3,1,3,0,,,,,,-15.95,-2.36
Dixon Machado,11472,,42,0.237,4,0,3,1,,,,,,-15.93,-5.39
Ryan Lavarnway,8879,,32,0.241,3,1,3,0,,,,,,-15.92,-1.81
Kevan Smith,sa599392,,32,0.241,3,1,3,0,,,,,,-15.92,-1.81
Michael McKenry,9628,,32,0.214,3,1,4,0,,,,,,-15.89,-1.09
Rafael Ynoa,2832,,35,0.273,3,0,3,1,,,,,,-15.87,-2.13
Travis Ishikawa,4793,,42,0.211,4,1,4,0,,,,,,-15.87,-4.63
Charlie Tilson,sa597793,,35,0.273,3,0,3,1,,,,,,-15.87,-2.13
Josmil Pinto,6806,,26,0.261,3,1,3,0,,,,,,-15.86,3.19
Mallex Smith,sa599039,,28,0.24,3,0,2,2,,,,,,-15.86,1.81
Jason Rogers,11773,,28,0.28,3,1,3,0,,,,,,-15.81,2.84
Conor Gillaspie,9009,,35,0.25,3,1,4,0,,,,,,-15.79,-0.71
Anthony Garcia,sa502038,,35,0.226,4,1,4,0,,,,,,-15.78,-0.56
Hernan Perez,5751,,42,0.25,4,0,4,1,,,,,,-15.76,-2.99
Junior Lake,4672,,28,0.231,3,1,3,1,,,,,,-15.72,4.65
Todd Cunningham,10822,,49,0.244,5,0,4,1,,,,,,-15.71,-4.34
Raul Mondesi,sa659237,,35,0.242,3,1,3,1,,,,,,-15.71,0.58
Jesus Aguilar,11342,,35,0.25,4,1,4,0,,,,,,-15.7,0.8
Matt Duffy,12181,,35,0.25,4,1,4,0,,,,,,-15.7,0.8
Jurickson Profar,10815,,28,0.24,3,1,3,1,,,,,,-15.69,5.28
Kyle Skipworth,5298,,45,0.171,4,2,5,0,,,,,,-15.69,-2.93
Garin Cecchini,11608,,35,0.25,3,1,3,1,,,,,,-15.68,1.08
Greg Garcia,10951,,49,0.256,5,0,4,1,,,,,,-15.65,-3.62
Kaleb Cowart,11494,,42,0.211,4,1,4,1,,,,,,-15.65,-1.45
Chris Parmelee,2554,,42,0.237,4,1,5,0,,,,,,-15.65,-1.4
Kyle Kubitza,12148,,49,0.205,5,1,4,1,,,,,,-15.63,-3.38
Brandon Nimmo,sa597760,,42,0.243,4,1,3,1,,,,,,-15.63,-1.16
Henry Urrutia,14441,,35,0.273,4,1,4,0,,,,,,-15.62,2.16
Joey Butler,7799,,42,0.263,5,1,4,0,,,,,,-15.57,-0.27
Rafael Ortega,10323,,56,0.235,5,0,4,2,,,,,,-15.55,-4.22
David Lough,7215,,41,0.237,4,1,4,1,,,,,,-15.54,0.51
Gift Ngoepe,sa503029,,84,0.197,7,1,6,1,,,,,,-15.5,-8.04
Nick Williams,sa657981,,35,0.242,4,1,4,1,,,,,,-15.5,4.12
Aaron Altherr,11270,RF LF ,35,0.25,4,1,4,1,,,,,,-15.48,4.62
Deven Marrero,13325,,49,0.244,5,1,4,1,,,,,,-15.44,-1.07
Tony Cruz,2802,,77,0.225,6,1,7,0,,,,,,-15.44,-6.76
Tuffy Gosewisch,5277,,64,0.217,5,1,6,1,,,,,,-15.43,-4.62
Christian Villanueva,sa505993,,49,0.244,5,1,6,0,,,,,,-15.43,-0.91
Whit Merrifield,sa526882,,49,0.261,5,0,4,2,,,,,,-15.41,-0.64
Jose Reyes,1736,SS ,35,0.312,4,1,3,1,,,,,,-15.38,6.33
Jorge Polanco,13152,,49,0.261,5,1,4,1,,,,,,-15.36,-0.1
Zach Walters,10622,,42,0.231,5,2,5,0,,,,,,-15.32,3.26
Andy Burns,sa455489,,49,0.244,5,1,5,1,,,,,,-15.32,0.37
Brett Phillips,sa658005,,49,0.244,5,1,5,1,,,,,,-15.32,0.37
Austin Barnes,12158,,45,0.25,5,1,5,1,,,,,,-15.29,2.4
Alfredo Gonzalez,sa505301,,64,0.241,6,1,5,1,,,,,,-15.29,-3.33
Michael Reed,13228,,49,0.233,5,1,4,2,,,,,,-15.27,1.04
Eric Campbell,6938,,56,0.245,6,1,5,1,,,,,,-15.24,-0.91
Arismendy Alcantara,10711,,49,0.222,5,1,5,2,,,,,,-15.21,1.77
Daniel Castro,15450,,63,0.254,6,1,5,1,,,,,,-15.21,-2.36
Slade Heathcott,10336,,56,0.25,6,1,6,1,,,,,,-15.11,0.57
Alen Hanson,sa547735,,49,0.244,5,1,5,2,,,,,,-15.1,3.1
Dilson Herrera,14335,2B ,56,0.255,6,1,6,1,,,,,,-15.08,0.89
Collin Cowgill,7250,,70,0.234,8,1,6,1,,,,,,-15.06,-2.53
Matt Szczur,11255,RF LF ,58,0.245,6,1,5,2,,,,,,-15.03,0.76
Wilmer Difo,14320,,49,0.261,5,1,5,2,,,,,,-15.02,4.07
Cole Gillespie,5888,,65,0.254,7,1,6,1,,,,,,-15.01,-0.9
Francisco Pena,8298,,64,0.233,7,2,7,0,,,,,,-14.98,-0.43
Matt Davidson,7226,,70,0.206,7,3,7,0,,,,,,-14.91,-1.22
Boog Powell,sa658509,,70,0.254,7,1,5,2,,,,,,-14.91,-1.2
Shane Victorino,1677,,70,0.238,7,1,6,2,,,,,,-14.9,-1.12
Steven Moya,11854,,56,0.226,6,2,7,1,,,,,,-14.86,3.21
Jake Cave,sa597983,,91,0.238,8,1,7,2,,,,,,-14.77,-3.84
Tim Anderson,sa737508,,56,0.264,6,1,5,3,,,,,,-14.7,4.93
Matt Reynolds,sa579039,,91,0.226,9,1,8,2,,,,,,-14.67,-3.2
Josh Bell,sa597768,,70,0.27,7,1,8,1,,,,,,-14.67,0.85
Chris Taylor,13757,,77,0.261,8,1,6,2,,,,,,-14.66,-0.68
Sam Fuld,8254,,91,0.222,9,1,7,3,,,,,,-14.59,-2.65
Carlos Sanchez,11602,,98,0.242,9,1,8,2,,,,,,-14.55,-3.43
Shawn O'Malley,9629,,77,0.246,8,1,6,3,,,,,,-14.55,0.2
Nick Williams,sa829392,,105,0.221,10,2,9,1,,,,,,-14.52,-4.18
Leury Garcia,5913,,77,0.236,8,1,6,4,,,,,,-14.41,1.25
Paul Janish,7412,,168,0.227,14,1,11,1,,,,,,-14.41,-8.48
Johnny Monell,2783,,96,0.23,10,2,9,1,,,,,,-14.4,-2.21
Max Stassi,10059,,96,0.216,10,3,10,0,,,,,,-14.37,-2.06
Austin Romine,5491,,90,0.241,9,2,9,1,,,,,,-14.37,-1.05
Richie Shaffer,13271,,84,0.211,9,3,9,1,,,,,,-14.33,0.34
Chris Stewart,3878,,147,0.246,11,1,11,1,,,,,,-14.31,-6.87
Cheslor Cuthbert,10473,,91,0.25,9,2,9,1,,,,,,-14.29,-0.7
Rob Refsnyder,13770,,77,0.261,9,2,8,1,,,,,,-14.29,2.18
Chris Herrmann,9284,,128,0.216,12,2,11,1,,,,,,-14.29,-5.35
Jimmy Paredes,5481,,77,0.247,8,2,8,2,,,,,,-14.28,2.32
Jeff Mathis,3448,,160,0.199,12,3,15,0,,,,,,-14.22,-7.36
Kennys Vargas,12101,,77,0.243,9,3,10,0,,,,,,-14.15,3.29
Christian Bethancourt,10028,,96,0.242,9,2,10,2,,,,,,-14.05,-0.01
Will Middlebrooks,7002,,84,0.231,8,3,11,1,,,,,,-14.03,2.52
Yadiel Rivera,11863,,140,0.229,12,1,11,3,,,,,,-14.01,-5.11
Alex Dickerson,12649,,99,0.253,10,2,11,1,,,,,,-13.95,0.04
Emilio Bonifacio,4054,,103,0.242,10,1,7,5,,,,,,-13.92,-0.4
Ehire Adrianza,8418,2B SS ,147,0.229,13,1,11,3,,,,,,-13.92,-5.3
Rickie Weeks,1849,,105,0.226,11,3,11,1,,,,,,-13.88,-0.46
Travis Jankowski,13768,,91,0.253,9,1,7,5,,,,,,-13.87,2.05
Miguel Rojas,7802,,140,0.248,13,1,11,2,,,,,,-13.87,-4.51
Matt den Dekker,11385,,91,0.253,10,2,10,2,,,,,,-13.83,2.32
Max Kepler,12144,RF ,91,0.253,10,2,10,2,,,,,,-13.83,2.32
Tucker Barnhart,10200,,160,0.245,14,2,13,0,,,,,,-13.81,-5.8
Brayan Pena,3231,,166,0.26,12,1,13,1,,,,,,-13.81,-6.2
Jeff Baker,2073,,105,0.24,11,3,11,1,,,,,,-13.75,0.28
Ji-Man Choi,sa549626,,112,0.24,13,2,12,1,,,,,,-13.73,-0.68
Hanser Alberto,11902,,119,0.265,12,1,11,2,,,,,,-13.71,-1.52
Christian Vazquez,9774,,128,0.25,13,2,12,1,,,,,,-13.65,-2.34
Tyler White,sa738482,,105,0.261,12,3,11,0,,,,,,-13.65,0.8
Aledmys Diaz,sa803159,,105,0.255,11,2,11,2,,,,,,-13.63,0.93
Domonic Brown,3154,,91,0.25,10,3,12,1,,,,,,-13.58,3.97
Pete Kozma,2539,,161,0.221,16,2,12,3,,,,,,-13.47,-4.6
Austin Hedges,12976,,160,0.223,14,3,15,1,,,,,,-13.45,-4.45
Tyler Moore,7244,,101,0.239,10,4,13,1,,,,,,-13.32,3.46
Andrew Romine,1159,,140,0.242,14,1,10,5,,,,,,-13.31,-2.11
Daniel Descalso,8392,,133,0.244,14,2,13,2,,,,,,-13.31,-1.34
Chris Gimenez,7324,,160,0.229,16,3,14,1,,,,,,-13.27,-3.79
Dustin Garneau,9433,,128,0.248,12,3,14,1,,,,,,-13.27,-0.54
Dan Uggla,3442,,140,0.198,14,4,16,1,,,,,,-13.25,-1.85
Mac Williamson,14158,,140,0.238,15,3,14,1,,,,,,-13.16,-1.46
James Loney,4556,,140,0.279,12,2,14,1,,,,,,-13.13,-1.32
Tom Murphy,13499,,109,0.24,12,4,14,1,,,,,,-13.05,3.51
Travis Snider,2830,,133,0.252,14,3,14,1,,,,,,-13.04,-0.12
Ruben Tejada,5519,SS ,210,0.253,19,1,16,1,,,,,,-13.02,-6.14
Jose Lobaton,4243,,192,0.227,17,3,19,0,,,,,,-12.99,-5.05
Eric Sogard,7927,2B ,168,0.248,17,1,14,3,,,,,,-12.99,-3.41
Giovanny Urshela,10681,3B ,147,0.246,15,3,15,1,,,,,,-12.96,-1.36
Nick Franklin,10166,,133,0.235,15,3,14,2,,,,,,-12.95,0.3
Darwin Barney,2430,,175,0.236,17,2,16,2,,,,,,-12.95,-3.78
Tommy La Stella,12371,2B ,137,0.27,13,2,14,2,,,,,,-12.94,-0.14
Roberto Perez,2900,,186,0.208,19,4,16,1,,,,,,-12.94,-4.54
Joey Rickard,sa621658,,154,0.241,16,1,12,5,,,,,,-12.94,-2.01
Alexi Amarista,9063,,161,0.238,15,2,15,3,,,,,,-12.93,-2.61
Luis Sardinas,13153,,196,0.238,17,1,14,5,,,,,,-12.83,-4.82
Matt Joyce,3353,,150,0.231,15,4,16,1,,,,,,-12.77,-0.93
Brandon Barnes,629,,140,0.256,14,3,13,3,,,,,,-12.68,0.59
Martin Maldonado,6887,,186,0.222,16,4,19,1,,,,,,-12.66,-3.61
Cliff Pennington,3395,,203,0.229,19,2,15,4,,,,,,-12.65,-4.68
Colin Walsh,sa526841,,182,0.226,18,3,15,3,,,,,,-12.65,-3.29
Kyle Blanks,49,,143,0.242,16,4,15,1,,,,,,-12.64,0.42
Pedro Florimon,8385,,175,0.214,16,2,15,6,,,,,,-12.64,-2.73
Ichiro Suzuki,1101,,187,0.249,18,1,13,5,,,,,,-12.62,-3.56
Jerry Sands,4016,,126,0.232,14,5,15,1,,,,,,-12.62,2.81
Cristhian Adames,6013,,147,0.281,14,2,13,3,,,,,,-12.58,0.18
Steve Clevenger,9542,,196,0.257,18,3,17,0,,,,,,-12.58,-4.04
Ivan De Jesus,9886,,210,0.246,19,2,19,1,,,,,,-12.54,-4.78
Darrell Ceciliani,9954,,133,0.244,14,2,14,5,,,,,,-12.53,2.16
Aaron Judge,sa549847,,112,0.238,14,5,15,1,,,,,,-12.51,5.81
Andre Ethier,6265,CF RF ,140,0.264,15,3,17,1,,,,,,-12.45,1.58
Rene Rivera,3648,,224,0.217,18,4,22,1,,,,,,-12.43,-5.23
Darnell Sweeney,13284,,152,0.232,15,3,14,5,,,,,,-12.4,0.32
Dariel Alvarez,15580,,126,0.275,14,4,15,1,,,,,,-12.36,4.04
Phil Gosselin,10953,,173,0.267,18,2,16,2,,,,,,-12.32,-1.44
Abraham Almonte,5486,CF ,140,0.252,15,3,14,4,,,,,,-12.3,2.21
Alejandro De Aza,3371,CF LF ,151,0.25,16,3,14,4,,,,,,-12.26,1.0
Tyler Collins,12723,,154,0.241,16,4,17,2,,,,,,-12.23,0.77
Jonathan Herrera,4182,,210,0.237,21,2,18,3,,,,,,-12.23,-3.9
Justin Ruggiano,7620,,126,0.248,15,4,15,3,,,,,,-12.16,4.97
Reymond Fuentes,10329,,140,0.26,15,2,13,6,,,,,,-12.13,2.94
Hunter Renfroe,sa549860,,172,0.226,18,5,19,1,,,,,,-12.09,-0.56
Mikie Mahtook,13130,,182,0.238,18,3,17,4,,,,,,-12.02,-1.22
Kelby Tomlinson,13005,2B ,196,0.246,18,1,15,7,,,,,,-12.01,-2.29
A.J. Ellis,5677,,224,0.225,20,5,22,0,,,,,,-11.96,-3.96
Drew Stubbs,9328,,168,0.22,18,4,14,6,,,,,,-11.89,0.53
Joey Gallo,14128,3B LF ,133,0.212,16,7,18,1,,,,,,-11.84,5.29
Tyler Flowers,9134,,224,0.224,18,6,23,0,,,,,,-11.83,-3.63
Sean Rodriguez,6589,,189,0.236,19,4,20,2,,,,,,-11.82,-1.17
Geovany Soto,3707,,211,0.209,20,6,22,1,,,,,,-11.79,-2.71
Trayce Thompson,9952,,161,0.23,18,5,19,3,,,,,,-11.54,2.6
Jarrett Parker,11624,,173,0.221,19,5,18,4,,,,,,-11.52,1.32
Carlos Ruiz,2579,,288,0.235,25,3,24,2,,,,,,-11.4,-5.63
Yorman Rodriguez,9922,,180,0.244,19,5,20,2,,,,,,-11.38,1.09
Caleb Joseph,7087,,192,0.233,19,6,22,1,,,,,,-11.33,0.11
Stephen Drew,4251,,231,0.222,21,6,24,1,,,,,,-11.29,-2.61
Chris Parmelee,2554,,175,0.247,19,6,20,1,,,,,,-11.26,2.01
Mike Zunino,13265,C ,51,0.213,5,2,6,0,,,,,,-11.2,3.77
Josh Phegley,9308,,192,0.236,21,5,24,1,,,,,,-11.14,0.73
Nick Swisher,4599,,237,0.222,23,6,24,1,,,,,,-11.11,-2.52
Clint Robinson,6908,,225,0.25,24,5,23,0,,,,,,-10.99,-1.44
Tim Beckham,7949,,238,0.229,23,4,23,4,,,,,,-10.98,-2.25
Mike Aviles,5986,,210,0.246,23,4,20,4,,,,,,-10.88,-0.03
Delmon Young,2140,,210,0.263,20,5,23,1,,,,,,-10.84,0.07
Grady Sizemore,2197,,245,0.237,24,5,23,3,,,,,,-10.7,-1.98
Curt Casali,12510,,256,0.215,27,7,25,1,,,,,,-10.66,-2.52
Gordon Beckham,9015,,285,0.234,27,5,25,2,,,,,,-10.64,-3.91
David Ross,1551,C ,115,0.186,8,3,10,1,,,,,,-10.61,-2.26
J.B. Shuck,6677,,252,0.259,26,2,21,5,,,,,,-10.58,-2.1
Jesse Winker,sa657865,,191,0.259,22,6,21,2,,,,,,-10.46,2.94
Tyler Saladino,10807,,196,0.237,22,4,18,8,,,,,,-10.43,2.52
Josh Thole,9689,C ,128,0.241,11,1,10,1,,,,,,-10.31,-1.9
Stefen Romero,11746,,196,0.251,23,6,23,2,,,,,,-10.3,2.93
Andres Blanco,1907,,266,0.248,26,5,23,3,,,,,,-10.29,-2.22
Jake Marisnick,11339,CF ,189,0.241,21,4,19,9,,,,,,-10.09,4.31
Ezequiel Carrera,9048,,203,0.253,22,3,19,9,,,,,,-10.08,2.9
Nate McLouth,3190,,245,0.228,26,5,19,8,,,,,,-10.06,-0.41
Eduardo Nunez,6848,,203,0.259,22,3,20,8,,,,,,-10.06,2.97
Alex Avila,7476,,320,0.208,31,8,29,1,,,,,,-10.01,-4.14
Kevin Plawecki,13807,C ,128,0.239,12,2,12,0,,,,,,-9.97,-0.32
Corey Hart,1945,,210,0.237,22,7,27,2,,,,,,-9.97,2.55
Kurt Suzuki,8259,,320,0.252,27,4,32,1,,,,,,-9.85,-3.83
Ryan Flaherty,7888,,259,0.223,28,8,28,1,,,,,,-9.77,-0.63
Michael Morse,3035,LF 1B ,260,0.245,25,8,28,0,,,,,,-9.73,-0.58
Brandon Drury,11615,,281,0.255,26,5,29,2,,,,,,-9.66,-1.65
Billy Butler,7399,DH ,245,0.265,25,6,29,0,,,,,,-9.61,0.68
Hank Conger,2505,C ,128,0.219,12,4,13,0,,,,,,-9.56,1.62
David DeJesus,1825,,315,0.238,31,5,29,3,,,,,,-9.52,-3.01
Chase Utley,1679,2B ,290,0.238,29,5,30,3,,,,,,-9.51,-1.8
Oswaldo Arcia,10306,RF LF ,196,0.246,23,9,26,1,,,,,,-9.47,5.47
Alberto Callaspo,3336,,350,0.247,31,5,32,1,,,,,,-9.44,-4.24
Cameron Rupp,11146,,320,0.219,29,9,32,1,,,,,,-9.37,-2.95
Josh Hamilton,1875,RF LF ,210,0.257,24,8,27,1,,,,,,-9.34,4.37
Dustin Ackley,10099,LF ,224,0.256,27,6,26,3,,,,,,-9.31,3.14
Jedd Gyorko,10816,,217,0.253,23,8,29,1,,,,,,-9.29,3.83
Jarrod Saltalamacchia,5557,,256,0.226,28,9,29,1,,,,,,-9.29,0.69
Rymer Liriano,4779,,237,0.238,26,6,25,6,,,,,,-9.28,2.13
Craig Gentry,9571,,301,0.234,30,2,21,13,,,,,,-9.22,-1.77
Dalton Pompey,12797,CF LF ,231,0.245,26,4,20,11,,,,,,-9.11,3.05
Chris Johnson,1191,,314,0.267,26,5,31,2,,,,,,-9.09,-2.14
Paulo Orlando,8628,RF LF ,273,0.25,27,4,25,8,,,,,,-9.09,0.04
Christian Colon,11145,2B SS ,287,0.267,29,3,24,7,,,,,,-9.05,-0.68
JR Murphy,10346,,288,0.251,31,7,29,1,,,,,,-9.02,-0.67
Derek Dietrich,10542,,265,0.246,32,8,28,1,,,,,,-8.86,1.08
Preston Tucker,13633,LF ,238,0.247,28,9,29,1,,,,,,-8.76,3.34
Danny Espinosa,9219,,307,0.227,32,8,29,4,,,,,,-8.76,-1.16
Peter O'Brien,13288,,220,0.234,26,10,31,1,,,,,,-8.68,5.22
Juan Lagares,5384,CF ,301,0.261,30,4,28,6,,,,,,-8.65,-0.63
Jhonny Peralta,1738,SS ,280,0.261,28,7,32,1,,,,,,-8.63,0.61
J.P. Crawford,sa737507,SS ,280,0.256,31,5,26,6,,,,,,-8.63,0.62
Dioner Navarro,3179,,288,0.257,28,8,31,1,,,,,,-8.61,0.17
Brett Wallace,8434,,272,0.246,30,9,30,1,,,,,,-8.56,1.29
Jose Pirela,5485,,308,0.257,32,5,28,5,,,,,,-8.54,-0.79
Andrew Susac,13132,C ,192,0.222,19,4,19,0,,,,,,-8.49,0.22
Ryan Goins,9807,2B SS ,420,0.237,39,4,38,3,,,,,,-8.44,-4.89
Enrique Hernandez,10472,CF ,303,0.254,32,7,29,3,,,,,,-8.41,-0.26
Ryan Hanigan,4952,C ,192,0.24,18,3,18,1,,,,,,-8.41,0.48
Nick Ahmed,12147,,350,0.241,33,5,30,7,,,,,,-8.38,-2.42
A.J. Reed,sa599279,DH ,245,0.257,30,9,31,0,,,,,,-8.33,3.84
Kelly Johnson,2234,,300,0.232,30,9,33,3,,,,,,-8.22,0.29
Nolan Reimold,3441,,343,0.232,35,8,33,3,,,,,,-8.2,-1.81
Ramon Flores,11165,,275,0.261,31,8,30,2,,,,,,-8.1,2.09
Devon Travis,13862,2B ,245,0.269,30,7,28,4,,,,,,-8.03,4.55
Danny Santana,10322,,294,0.26,33,3,26,10,,,,,,-8.01,1.05
Michael Bourn,6387,CF ,406,0.244,38,2,28,12,,,,,,-7.89,-3.68
Tyler Naquin,sa502772,,329,0.243,34,6,30,7,,,,,,-7.89,-0.62
Carlos Perez,10642,,416,0.236,39,6,39,3,,,,,,-7.84,-3.91
Brock Holt,9345,3B ,350,0.275,38,2,30,6,,,,,,-7.77,-1.38
Marwin Gonzalez,5497,SS ,329,0.255,35,7,31,4,,,,,,-7.72,-0.3
Orlando Arcia,sa596917,,280,0.26,28,5,28,10,,,,,,-7.68,2.65
Mark Canha,11445,LF 1B ,280,0.254,32,8,33,3,,,,,,-7.64,2.74
Jose Peraza,13593,,266,0.268,27,3,24,15,,,,,,-7.42,4.26
Marlon Byrd,950,,315,0.246,32,10,38,1,,,,,,-7.3,1.23
Travis Shaw,11982,1B ,315,0.25,34,9,36,2,,,,,,-7.24,1.33
Brandon Guyer,2636,LF ,329,0.257,39,5,29,8,,,,,,-7.16,0.72
Keon Broxton,9253,,315,0.219,32,8,31,12,,,,,,-7.0,1.8
Aaron Hicks,5297,CF ,315,0.244,36,8,32,7,,,,,,-6.87,2.04
Coco Crisp,1572,,336,0.242,39,7,30,9,,,,,,-6.79,1.02
Jordy Mercer,6547,SS ,420,0.255,38,7,40,3,,,,,,-6.73,-2.45
Jose Ramirez,13510,2B SS ,308,0.262,36,4,28,13,,,,,,-6.53,3.13
David Freese,9549,3B ,375,0.255,38,9,41,1,,,,,,-6.45,-0.28
Kirk Nieuwenhuis,6400,,294,0.23,35,11,37,5,,,,,,-6.36,4.41
Jace Peterson,12325,2B ,420,0.239,41,4,35,13,,,,,,-6.28,-1.81
Cameron Maybin,5223,CF ,315,0.261,37,5,33,10,,,,,,-6.27,3.18
Gregor Blanco,3123,CF LF ,371,0.262,41,4,31,11,,,,,,-6.2,0.29
Omar Infante,1609,2B ,455,0.253,42,5,44,5,,,,,,-6.15,-2.78
Cesar Hernandez,10556,,406,0.266,43,2,30,13,,,,,,-6.13,-1.07
Peter Bourjos,2578,,390,0.225,44,8,33,11,,,,,,-6.06,-0.33
Daniel Nava,5450,,497,0.237,49,8,43,4,,,,,,-5.87,-3.62
Steve Pearce,9957,,350,0.238,39,13,40,2,,,,,,-5.73,2.12
Jon Jay,5227,,490,0.257,52,5,35,7,,,,,,-5.72,-3.25
Ryan Raburn,2218,,320,0.26,36,11,43,1,,,,,,-5.63,4.07
Michael Saunders,9981,CF RF ,315,0.245,40,9,41,5,,,,,,-5.58,4.51
Jabari Blash,sa392225,,315,0.224,37,14,38,5,,,,,,-5.52,4.61
Angel Pagan,2918,CF ,445,0.263,47,4,35,10,,,,,,-5.47,-1.55
Derek Norris,6867,,384,0.244,43,11,42,3,,,,,,-5.33,1.07
Juan Uribe,454,3B ,385,0.261,39,10,44,2,,,,,,-5.31,1.06
Chris Young,3882,,343,0.238,41,11,41,5,,,,,,-5.29,3.27
Chris Owings,10030,,406,0.253,41,6,38,11,,,,,,-5.28,0.18
Freddy Galvis,6609,SS ,490,0.246,45,8,47,5,,,,,,-5.13,-2.53
Tyler Goeddel,sa597762,,385,0.241,35,8,37,14,,,,,,-5.1,1.38
Adam Duvall,10950,,300,0.242,36,15,42,2,,,,,,-4.99,6.74
Javier Baez,12979,2B SS ,276,0.248,33,12,38,8,,,,,,-4.95,8.87
Anthony Gose,5097,CF ,385,0.245,45,5,29,18,,,,,,-4.93,1.66
Jon Singleton,10441,1B ,350,0.219,43,15,45,2,,,,,,-4.83,3.66
Robinson Chirinos,3142,,448,0.233,48,13,48,1,,,,,,-4.73,-0.66
Yasmany Tomas,17171,,376,0.262,38,11,44,4,,,,,,-4.66,2.52
Franklin Gutierrez,3255,RF LF ,385,0.235,42,14,47,2,,,,,,-4.63,2.13
James McCann,12859,C ,352,0.255,32,5,34,2,,,,,,-4.53,1.15
Scott Schebler,12225,,375,0.232,42,13,43,7,,,,,,-4.33,3.1
Socrates Brito,12944,,408,0.258,41,6,39,14,,,,,,-4.27,1.59
Seth Smith,7331,RF LF ,469,0.246,53,12,47,1,,,,,,-4.16,-0.65
Chris Colabello,13051,1B ,350,0.256,40,14,48,1,,,,,,-4.05,5.0
J.J. Hardy,3797,SS ,525,0.244,51,12,52,1,,,,,,-4.03,-2.21
Blake Swihart,13176,C ,320,0.259,34,5,32,4,,,,,,-3.94,3.64
Cody Asche,11997,3B ,433,0.256,44,12,48,3,,,,,,-3.9,1.05
Chris Coghlan,6878,LF ,490,0.242,52,9,44,9,,,,,,-3.83,-0.93
Melvin Upton,5015,,497,0.214,48,12,41,15,,,,,,-3.81,-1.13
Lonnie Chisenhall,7571,3B ,420,0.26,45,11,49,3,,,,,,-3.79,1.75
Carl Crawford,1201,,370,0.265,43,7,39,13,,,,,,-3.76,4.29
Scooter Gennett,10339,,455,0.276,48,8,44,5,,,,,,-3.75,0.38
Hector Olivera,17528,3B ,491,0.258,50,12,49,1,,,,,,-3.69,-0.8
Yangervis Solarte,5352,,511,0.261,52,10,51,1,,,,,,-3.67,-1.39
Michael Taylor,11489,,406,0.233,40,10,43,15,,,,,,-3.59,2.68
Trea Turner,16252,,385,0.27,42,6,38,15,,,,,,-3.57,3.77
Nick Hundley,3376,,397,0.274,40,11,48,4,,,,,,-3.52,3.22
Wilson Ramos,1433,,416,0.251,39,14,56,1,,,,,,-3.51,2.34
Justin Smoak,9054,1B ,399,0.234,46,15,54,1,,,,,,-3.43,3.26
Adeiny Hechavarria,10459,SS ,602,0.264,53,5,52,7,,,,,,-3.39,-3.44
Logan Morrison,9205,,420,0.243,46,13,48,6,,,,,,-3.31,2.44
Yonder Alonso,2530,,462,0.271,51,8,48,5,,,,,,-3.25,0.77
A.J. Pierzynski,746,C ,384,0.264,33,7,41,1,,,,,,-2.99,2.41
Alex Rios,2090,,455,0.262,46,7,47,12,,,,,,-2.93,1.46
Eduardo Escobar,6153,,511,0.257,55,10,53,4,,,,,,-2.7,-0.25
Chris Iannetta,8267,C ,429,0.213,42,11,43,2,,,,,,-2.68,1.26
Jed Lowrie,4418,SS ,539,0.251,59,11,55,2,,,,,,-2.64,-1.04
Brad Miller,12775,SS ,455,0.253,51,11,46,9,,,,,,-2.6,1.9
Yunel Escobar,4191,,595,0.268,59,8,53,3,,,,,,-2.59,-2.47
Jarrod Dyson,4866,CF ,343,0.249,39,3,27,34,,,,,,-2.42,8.3
Cory Spangenberg,12294,,504,0.259,53,7,42,15,,,,,,-2.41,0.31
Johnny Giavotella,6740,2B ,567,0.263,60,6,53,7,,,,,,-2.4,-1.57
Joe Panik,11936,2B ,560,0.278,64,7,48,4,,,,,,-2.23,-1.2
Scott Van Slyke,4365,,433,0.249,47,14,54,5,,,,,,-2.23,3.36
Brandon Moss,4467,RF 1B ,426,0.239,47,18,56,1,,,,,,-2.19,3.74
Rajai Davis,3708,,399,0.252,47,7,35,23,,,,,,-2.17,5.16
Nick Markakis,5930,RF ,623,0.273,69,8,49,2,,,,,,-2.09,-2.63
Zack Cozart,2616,SS ,560,0.246,57,12,55,6,,,,,,-2.03,-0.98
Adonis Garcia,13777,3B ,525,0.259,51,12,55,5,,,,,,-2.01,0.09
John Jaso,5887,C DH ,355,0.263,40,8,38,3,,,,,,-2.01,5.29
Wilmer Flores,5827,SS ,466,0.262,50,14,57,1,,,,,,-2.0,2.23
Tommy Pham,2967,,455,0.26,54,10,47,10,,,,,,-1.97,2.72
Ben Paulsen,9741,,461,0.258,47,15,55,3,,,,,,-1.95,2.5
Miguel Montero,3364,C ,416,0.235,38,11,47,1,,,,,,-1.89,2.84
Justin Morneau,1737,,455,0.28,48,13,55,1,,,,,,-1.88,2.86
Rusney Castillo,17016,RF LF ,476,0.263,51,9,48,12,,,,,,-1.82,2.07
Jake Lamb,13329,,546,0.255,56,12,57,4,,,,,,-1.78,-0.31
Jorge Soler,14221,RF ,411,0.26,48,15,56,3,,,,,,-1.6,5.35
Darin Ruf,9929,,505,0.242,53,17,58,2,,,,,,-1.59,1.26
Ender Inciarte,4922,CF RF LF ,494,0.277,55,5,36,20,,,,,,-1.47,1.81
Ryan Howard,2154,1B ,480,0.227,50,19,67,0,,,,,,-1.4,2.43
Jose Iglesias,10231,SS ,581,0.277,58,5,46,14,,,,,,-1.33,-0.82
Andrelton Simmons,10847,SS ,616,0.26,62,9,58,6,,,,,,-1.3,-1.7
Matt Adams,9393,,427,0.271,45,15,59,2,,,,,,-1.28,4.97
Jean Segura,5933,SS ,490,0.269,51,6,42,20,,,,,,-1.26,2.21
Didi Gregorius,6012,SS ,602,0.256,62,11,58,5,,,,,,-1.21,-1.26
Francisco Cervelli,5275,C ,480,0.27,48,6,44,2,,,,,,-1.12,1.75
Erick Aybar,4082,SS ,588,0.271,63,6,49,12,,,,,,-1.07,-0.75
Aaron Hill,6104,,525,0.251,53,13,59,7,,,,,,-1.04,1.2
Ketel Marte,13613,SS ,525,0.266,56,5,42,21,,,,,,-1.02,1.22
Joe Mauer,1857,1B ,588,0.275,65,9,59,2,,,,,,-0.91,-0.59
Jimmy Rollins,971,,525,0.234,63,12,47,15,,,,,,-0.91,1.35
Pablo Sandoval,5409,3B ,511,0.273,54,13,63,0,,,,,,-0.9,1.85
Nori Aoki,13075,RF ,581,0.27,65,6,42,16,,,,,,-0.88,-0.37
Hyun-soo Kim,18718,,455,0.273,56,15,49,5,,,,,,-0.76,4.33
Jason Castro,8722,C ,448,0.227,47,13,48,2,,,,,,-0.74,3.28
Matt Wieters,4298,C ,384,0.249,40,13,46,1,,,,,,-0.73,5.94
Denard Span,8347,CF ,546,0.278,66,5,39,17,,,,,,-0.73,0.85
Martin Prado,3312,3B ,588,0.276,58,10,61,3,,,,,,-0.72,-0.39
Luis Valbuena,4969,3B ,511,0.236,59,19,59,2,,,,,,-0.69,2.11
Jayson Werth,1327,RF ,503,0.256,60,14,58,4,,,,,,-0.64,2.47
Desmond Jennings,1965,,525,0.246,62,11,45,16,,,,,,-0.64,1.65
Carlos Beltran,589,RF ,497,0.257,54,17,61,1,,,,,,-0.63,2.71
Mike Napoli,3057,,525,0.229,56,20,61,3,,,,,,-0.59,1.72
Jackie Bradley Jr.,12984,CF ,525,0.254,62,11,58,8,,,,,,-0.49,1.83
Steven Souza,5667,RF ,441,0.237,53,16,48,14,,,,,,-0.41,5.47
Asdrubal Cabrera,4962,SS ,546,0.249,60,14,60,6,,,,,,-0.4,1.21
Jonathan Villar,10071,SS ,441,0.239,48,9,41,28,,,,,,-0.33,5.57
Welington Castillo,3256,C ,397,0.249,40,14,48,1,,,,,,-0.27,6.03
Howie Kendrick,4229,2B ,525,0.283,59,9,56,7,,,,,,-0.24,2.12
J.T. Realmuto,11739,C ,448,0.253,45,7,45,9,,,,,,-0.2,4.0
Yasmani Grandal,11368,C ,402,0.235,45,14,49,1,,,,,,-0.16,5.96
Adam Lind,8027,1B DH ,539,0.263,60,15,65,0,,,,,,-0.15,1.73
Brandon Crawford,5343,SS ,588,0.244,59,14,66,6,,,,,,-0.13,0.21
Jung-ho Kang,17182,3B SS ,497,0.257,58,15,61,5,,,,,,0.06,3.54
David Wright,3787,3B ,533,0.266,62,12,58,7,,,,,,0.14,2.26
Odubel Herrera,11476,CF ,595,0.272,64,8,44,17,,,,,,0.15,0.3
Yadier Molina,7007,C ,467,0.279,42,7,52,3,,,,,,0.21,3.86
Danny Valencia,6364,3B ,511,0.257,56,16,66,3,,,,,,0.29,3.26
Jonathan Schoop,11265,2B ,490,0.257,54,20,59,3,,,,,,0.34,4.16
Alexei Ramirez,5133,SS ,623,0.256,58,9,57,17,,,,,,0.39,-0.24
Alcides Escobar,6310,SS ,637,0.264,69,4,50,20,,,,,,0.4,-0.6
Austin Jackson,9848,,588,0.258,65,10,52,15,,,,,,0.49,0.84
Trevor Story,sa597765,,490,0.248,52,15,56,14,,,,,,0.52,4.39
Logan Forsythe,7185,2B ,595,0.254,65,14,59,8,,,,,,0.56,0.71
Nick Castellanos,11737,3B ,574,0.268,56,15,69,2,,,,,,0.67,1.46
Dexter Fowler,4062,CF ,574,0.252,75,12,46,14,,,,,,0.69,1.48
Kevin Kiermaier,11038,CF RF ,546,0.263,61,11,50,16,,,,,,0.7,2.42
Mark Reynolds,7619,,448,0.244,51,23,62,3,,,,,,0.8,6.74
Brett Lawrie,5247,3B ,560,0.256,61,17,62,5,,,,,,0.84,2.09
Ben Revere,4712,CF LF ,515,0.3,62,1,34,28,,,,,,0.86,3.76
Chase Headley,4720,3B ,595,0.254,66,16,65,4,,,,,,1.03,1.18
Corey Dickerson,10762,LF ,490,0.26,56,19,59,6,,,,,,1.12,5.12
Devin Mesoraco,5666,C ,416,0.243,45,16,52,2,,,,,,1.12,7.19
Yan Gomes,9627,C ,435,0.253,48,14,53,1,,,,,,1.12,6.31
Stephen Piscotty,13367,LF ,564,0.27,64,13,61,7,,,,,,1.13,2.27
Stephen Vogt,5000,C 1B ,465,0.256,49,13,55,1,,,,,,1.28,5.3
Justin Bour,9744,1B ,520,0.261,56,19,68,2,,,,,,1.28,4.04
Leonys Martin,11846,CF ,560,0.244,58,10,49,27,,,,,,1.39,2.69
Starlin Castro,4579,SS ,588,0.271,60,13,66,7,,,,,,1.44,1.81
Avisail Garcia,5760,,539,0.266,61,15,62,8,,,,,,1.52,3.59
Eugenio Suarez,12552,SS ,574,0.255,61,17,63,8,,,,,,1.55,2.38
Dustin Pedroia,8370,2B ,595,0.28,69,11,60,7,,,,,,1.55,1.7
Justin Turner,5235,3B ,525,0.285,59,13,64,6,,,,,,1.58,4.2
Adam Eaton,11205,CF ,581,0.274,76,8,47,17,,,,,,1.67,2.27
Neil Walker,7539,2B ,553,0.26,65,18,66,3,,,,,,1.72,3.28
Melky Cabrera,4022,LF ,595,0.282,70,12,64,4,,,,,,1.82,1.97
DJ LeMahieu,9874,2B ,595,0.287,64,6,52,19,,,,,,1.89,2.05
Ryan Zimmerman,4220,,505,0.26,58,18,74,2,,,,,,1.91,5.41
Mitch Moreland,3086,1B ,539,0.256,58,20,75,1,,,,,,2.04,4.16
Marcus Semien,12533,SS ,588,0.25,69,16,61,11,,,,,,2.11,2.49
Ian Desmond,6885,SS ,532,0.245,58,18,62,13,,,,,,2.11,4.52
Colby Rasmus,9893,CF ,546,0.233,65,24,68,3,,,,,,2.12,3.98
Brandon Belt,10264,1B ,525,0.264,64,17,63,7,,,,,,2.15,4.84
Jonathan Lucroy,7870,C ,499,0.273,58,10,54,2,,,,,,2.16,5.14
Ben Zobrist,7435,2B ,581,0.271,76,14,58,7,,,,,,2.17,2.78
Travis d'Arnaud,7739,C ,416,0.254,49,16,56,1,,,,,,2.17,8.7
Addison Russell,14106,2B SS ,595,0.249,67,16,68,9,,,,,,2.23,2.39
Elvis Andrus,8709,SS ,630,0.267,67,5,54,25,,,,,,2.29,1.39
C.J. Cron,12546,1B DH ,560,0.259,59,20,72,3,,,,,,2.36,3.72
Matt Duffy,13836,3B ,595,0.276,65,11,63,12,,,,,,2.39,2.55
Josh Harrison,8202,3B ,574,0.281,70,10,52,16,,,,,,2.46,3.33
Trevor Plouffe,7462,3B ,602,0.25,67,19,76,2,,,,,,2.52,2.46
Corey Seager,13624,SS ,567,0.264,67,17,70,4,,,,,,2.53,3.65
Anthony Rendon,12861,2B 3B ,581,0.273,76,15,60,6,,,,,,2.57,3.2
Alex Gordon,5209,LF ,595,0.266,70,16,64,7,,,,,,2.63,2.8
Eddie Rosario,12155,RF LF ,595,0.257,66,15,65,12,,,,,,2.64,2.8
Mike Moustakas,4892,3B ,609,0.259,66,20,72,2,,,,,,2.72,2.44
Michael Conforto,16376,LF ,534,0.257,66,21,71,2,,,,,,2.83,5.25
Troy Tulowitzki,3531,SS ,560,0.258,69,20,71,2,,,,,,2.85,4.25
Billy Burns,12701,CF ,616,0.265,70,4,43,34,,,,,,2.88,2.37
Shin-Soo Choo,3174,CF RF ,616,0.263,80,16,60,7,,,,,,2.88,2.37
Kolten Wong,12532,2B ,595,0.262,67,12,59,18,,,,,,2.91,3.08
Brett Gardner,9927,CF LF ,581,0.256,75,13,56,17,,,,,,2.98,3.62
Marcell Ozuna,10324,CF ,595,0.264,67,18,72,4,,,,,,3.03,3.2
Gerardo Parra,8553,RF ,576,0.292,71,11,58,11,,,,,,3.07,3.89
Brandon Phillips,791,2B ,623,0.269,66,13,68,12,,,,,,3.2,2.47
Byron Buxton,14161,CF ,567,0.261,65,13,54,22,,,,,,3.27,4.43
Kevin Pillar,12434,CF LF ,560,0.273,63,11,61,19,,,,,,3.4,4.84
Russell Martin,4616,C ,480,0.235,54,17,62,5,,,,,,3.56,7.6
Khris Davis,9112,LF ,560,0.241,66,22,73,7,,,,,,3.56,5.01
Evan Gattis,11003,DH ,525,0.251,61,25,77,1,,,,,,3.61,6.51
Jacoby Ellsbury,4727,CF ,560,0.266,69,11,50,26,,,,,,3.76,5.22
Matt Carpenter,8090,2B 3B ,630,0.27,88,15,65,5,,,,,,3.82,2.85
Michael Brantley,4106,LF ,518,0.3,62,12,67,12,,,,,,4.02,7.31
Matt Holliday,1873,LF ,583,0.272,70,17,78,4,,,,,,4.19,4.8
Alex Rodriguez,1274,DH ,574,0.238,69,24,79,4,,,,,,4.28,5.23
Delino Deshields,11379,CF LF ,623,0.25,76,8,50,34,,,,,,4.38,3.6
Randal Grichuk,10243,CF RF LF ,575,0.251,70,22,73,7,,,,,,4.39,5.31
Joc Pederson,11899,CF ,609,0.222,74,25,67,12,,,,,,4.39,4.08
Jason Kipnis,9776,2B ,630,0.272,78,11,61,18,,,,,,4.4,3.4
Matt Kemp,5631,CF RF ,555,0.265,67,18,75,9,,,,,,4.59,6.32
Xander Bogaerts,12161,SS ,630,0.29,74,13,73,7,,,,,,4.72,3.7
Wil Myers,10047,RF ,574,0.26,72,20,69,10,,,,,,4.77,5.74
Francisco Lindor,12916,SS ,644,0.272,71,13,63,19,,,,,,4.79,3.32
Prince Fielder,4613,1B DH ,602,0.281,69,20,79,1,,,,,,4.87,4.8
Ian Kinsler,6195,2B ,644,0.274,83,13,69,11,,,,,,4.9,3.42
Josh Reddick,3892,RF ,581,0.261,69,20,76,8,,,,,,4.94,5.64
Salvador Perez,7304,C ,531,0.272,54,17,67,1,,,,,,4.94,7.21
Christian Yelich,11477,LF ,630,0.283,82,11,57,18,,,,,,4.96,3.92
Brian McCann,4810,C ,480,0.242,55,21,71,0,,,,,,4.96,9.34
Kendrys Morales,8610,DH ,630,0.274,71,20,84,0,,,,,,5.02,3.98
Curtis Granderson,4747,RF ,637,0.235,84,24,66,10,,,,,,5.05,3.79
Domingo Santana,10348,CF RF LF ,572,0.25,69,24,77,6,,,,,,5.07,6.13
Daniel Murphy,4316,2B ,630,0.294,76,11,73,9,,,,,,5.07,4.03
Hanley Ramirez,8001,SS LF ,518,0.279,65,17,73,11,,,,,,5.08,8.53
Kole Calhoun,11200,RF ,616,0.26,79,21,72,6,,,,,,5.09,4.52
Adrian Beltre,639,3B ,588,0.291,71,18,79,1,,,,,,5.12,5.56
Carlos Santana,2396,1B ,637,0.242,74,22,81,7,,,,,,5.21,3.94
Hunter Pence,8252,RF ,581,0.265,72,18,75,10,,,,,,5.22,5.94
Brian Dozier,9810,2B ,630,0.243,83,21,66,13,,,,,,5.25,4.2
Gregory Polanco,12907,RF ,616,0.258,77,13,59,25,,,,,,5.33,4.76
Evan Longoria,9368,3B ,644,0.256,75,23,81,3,,,,,,5.41,3.9
Victor Martinez,393,DH ,595,0.284,65,20,86,1,,,,,,5.51,5.7
Jay Bruce,9892,RF ,593,0.239,70,24,81,9,,,,,,5.64,5.9
Chris Carter,9911,1B DH ,535,0.229,66,31,82,3,,,,,,5.68,8.4
David Peralta,2136,LF ,595,0.287,68,17,78,8,,,,,,5.77,5.96
Pedro Alvarez,2495,,518,0.246,64,29,80,4,,,,,,5.77,9.34
Lucas Duda,2502,1B ,583,0.244,72,27,84,2,,,,,,5.81,6.46
Robinson Cano,3269,2B ,630,0.288,75,17,78,5,,,,,,5.9,4.82
Maikel Franco,12179,3B ,595,0.271,73,23,84,2,,,,,,6.29,6.48
Kyle Seager,9785,3B ,630,0.263,77,22,79,7,,,,,,6.38,5.28
Mark Teixeira,1281,1B ,567,0.235,68,29,92,2,,,,,,6.43,7.78
Mark Trumbo,6876,1B ,553,0.256,68,28,85,2,,,,,,6.47,8.45
Rougned Odor,12282,2B ,623,0.274,74,20,78,11,,,,,,7.03,6.15
Eric Hosmer,3516,1B ,644,0.286,78,17,82,8,,,,,,7.15,5.52
Lorenzo Cain,9077,CF RF ,623,0.283,76,11,69,24,,,,,,7.2,6.32
Joey Votto,4314,1B ,637,0.284,84,22,72,7,,,,,,7.39,5.99
Yasiel Puig,14225,RF ,581,0.282,78,21,76,10,,,,,,7.61,8.4
Adrian Gonzalez,1908,1B ,630,0.272,75,24,94,1,,,,,,7.71,6.55
Byung-ho Park,18717,,574,0.261,74,28,82,6,,,,,,7.77,8.88
Billy Hamilton,10199,CF ,553,0.249,66,6,42,60,,,,,,7.87,9.96
Charlie Blackmon,7859,CF RF ,602,0.283,74,15,58,29,,,,,,7.88,7.8
A.J. Pollock,9256,CF ,602,0.286,83,14,58,26,,,,,,7.96,7.88
Todd Frazier,785,3B ,630,0.252,77,25,83,12,,,,,,8.08,6.9
Carlos Gomez,4881,CF ,595,0.259,76,19,71,24,,,,,,8.12,8.33
Freddie Freeman,5361,1B ,637,0.281,84,23,85,3,,,,,,8.15,6.71
Jason Heyward,4940,RF ,630,0.277,86,18,68,18,,,,,,8.16,6.97
Dee Gordon,8203,2B ,637,0.289,80,3,43,53,,,,,,9.23,7.73
Nelson Cruz,2434,RF DH ,616,0.259,75,33,89,4,,,,,,9.4,8.72
David Ortiz,745,DH ,602,0.27,71,31,97,1,,,,,,9.46,9.37
Buster Posey,9166,C ,571,0.305,68,17,78,2,,,,,,9.5,10.63
Albert Pujols,1177,1B DH ,630,0.263,79,29,94,5,,,,,,9.76,8.5
Yoenis Cespedes,13110,LF ,630,0.263,81,28,92,7,,,,,,9.88,8.61
Carlos Gonzalez,7287,RF LF ,560,0.276,74,30,87,7,,,,,,9.94,11.85
Adam Jones,6368,CF ,637,0.274,81,28,92,6,,,,,,10.36,8.79
Miguel Sano,12164,DH ,609,0.252,82,33,93,5,,,,,,10.39,9.99
Ryan Braun,3410,RF ,585,0.277,77,23,85,17,,,,,,10.43,11.12
Kyle Schwarber,16478,C LF ,515,0.253,77,26,79,4,,,,,,10.54,14.35
Edwin Encarnacion,2151,1B DH ,581,0.267,79,31,98,3,,,,,,10.61,11.51
Jose Altuve,5417,2B ,644,0.307,83,10,59,36,,,,,,10.65,8.78
Mookie Betts,13611,CF ,623,0.298,88,17,71,23,,,,,,10.77,9.76
George Springer,12856,RF ,616,0.252,85,28,79,19,,,,,,10.78,10.06
J.D. Martinez,6184,RF LF ,602,0.277,79,31,93,4,,,,,,10.82,10.73
Justin Upton,5222,LF ,630,0.267,87,28,88,13,,,,,,11.51,10.17
Manny Machado,11493,3B ,623,0.287,85,27,78,15,,,,,,11.54,10.5
Jose Abreu,15676,1B ,644,0.284,86,31,96,1,,,,,,11.57,9.64
Jose Bautista,1887,RF ,595,0.259,86,33,97,5,,,,,,11.62,11.85
Starling Marte,9241,LF ,644,0.282,84,18,73,31,,,,,,11.75,9.81
Nolan Arenado,9777,3B ,651,0.288,80,31,97,3,,,,,,11.91,9.66
Miguel Cabrera,1744,3B 1B ,637,0.309,85,27,98,2,,,,,,12.35,10.66
Josh Donaldson,5038,3B ,644,0.274,91,31,97,5,,,,,,12.37,10.39
Andrew McCutchen,9847,CF ,665,0.295,90,24,89,13,,,,,,12.54,9.68
Carlos Correa,14162,SS ,630,0.276,80,25,91,23,,,,,,13.24,11.82
Kris Bryant,15429,3B ,637,0.266,89,30,99,12,,,,,,13.25,11.51
Anthony Rizzo,3473,1B ,658,0.274,93,32,98,10,,,,,,14.03,11.32
Chris Davis,9272,1B ,630,0.255,88,41,108,2,,,,,,14.27,12.8
Paul Goldschmidt,9218,1B ,665,0.289,94,30,99,16,,,,,,15.95,12.76
Bryce Harper,11579,RF LF ,651,0.306,101,37,96,6,,,,,,16.82,14.19
Giancarlo Stanton,4949,RF ,623,0.273,91,42,105,8,,,,,,16.88,15.64
Mike Trout,10155,CF ,658,0.3,105,36,101,16,,,,,,19.42,16.24
Parker Bridwell,sa548445,P,9.0,,,,,,6.0,1.67,0,7,0,-11.61,-14.23
Chris Lee,sa550044,P,10.0,,,,,,5.4,1.6,0,6,0,-11.61,-11.61
Scott Carroll,888,P,9.0,,,,,,5.0,1.56,0,5,0,-11.54,-13.1
Pat Light,sa502395,P,10.0,,,,,,5.4,1.6,0,7,0,-11.54,-11.54
Connor Sadzeck,sa550247,P,10.0,,,,,,5.4,1.6,0,7,0,-11.54,-11.54
Jose Leclerc,sa597170,P,10.0,,,,,,5.4,1.7,0,9,0,-11.48,-11.48
Donn Roach,10620,P,10.0,,,,,,4.5,1.5,0,5,0,-11.47,-11.47
Anthony Ranaudo,11424,P,9.0,,,,,,5.0,1.56,0,6,0,-11.46,-11.82
Matt Harrison,5551,P,9.0,,,,,,5.0,1.56,0,6,0,-11.46,-11.82
Jake Esch,sa546977,P,9.0,,,,,,5.0,1.56,0,6,0,-11.46,-11.82
Adrian Houser,12718,P,9.0,,,,,,5.0,1.56,0,7,0,-11.39,-10.53
Austin Brice,sa548458,P,9.0,,,,,,5.0,1.56,0,7,0,-11.39,-10.53
Brady Dragmire,sa598911,P,10.0,,,,,,4.5,1.5,0,6,0,-11.39,-11.39
Pat Dean,sa548253,P,10.0,,,,,,4.5,1.4,0,5,0,-11.38,-11.38
Michael Ynoa,sa549595,P,10.0,,,,,,5.4,1.6,0,9,0,-11.38,-11.38
Jason Garcia,12143,P,10.0,,,,,,5.4,1.5,0,8,0,-11.37,-11.37
Casey Kelly,9174,P,9.0,,,,,,5.0,1.44,0,6,0,-11.37,-10.24
Gabriel Ynoa,sa549128,P,9.0,,,,,,5.0,1.44,0,6,0,-11.37,-10.24
Jarlin Garcia,sa597438,P,9.0,,,,,,5.0,1.44,0,6,0,-11.37,-10.24
Angel Nesbitt,13415,P,10.0,,,,,,4.5,1.5,0,7,0,-11.32,-11.32
Dylan Baker,sa658002,P,10.0,,,,,,4.5,1.5,0,7,0,-11.32,-11.32
Jayson Aquino,sa550591,P,10.0,,,,,,4.5,1.4,0,6,0,-11.3,-11.3
Sean Nolin,11341,P,9.0,,,,,,5.0,1.44,0,7,0,-11.29,-8.96
Chris Stratton,sa621598,P,9.0,,,,,,5.0,1.44,0,7,0,-11.29,-8.96
Mauricio Cabrera,sa596857,P,10.0,,,,,,4.5,1.6,0,9,0,-11.26,-11.26
Jose Valdez,14470,P,10.0,,,,,,4.5,1.5,0,8,0,-11.24,-11.24
Jandel Gustave,sa550624,P,10.0,,,,,,4.5,1.5,0,8,0,-11.24,-11.24
Mason Melotakis,sa621016,P,10.0,,,,,,4.5,1.5,0,8,0,-11.24,-11.24
Andrew Schugel,11432,P,10.0,,,,,,4.5,1.4,0,7,0,-11.22,-11.22
Tim Berry,sa503777,P,10.0,,,,,,4.5,1.4,0,7,0,-11.22,-11.22
Brad Peacock,5401,P,9.0,,,,,,5.0,1.44,0,8,0,-11.21,-7.68
Matt Koch,sa503235,P,10.0,,,,,,4.5,1.3,0,6,0,-11.2,-11.2
Ryan Merritt,sa598282,P,10.0,,,,,,4.5,1.3,0,6,0,-11.2,-11.2
Nick Lee,sa550027,P,10.0,,,,,,4.5,1.6,0,10,0,-11.18,-11.18
Daniel Coulombe,13293,P,10.0,,,,,,4.5,1.5,0,9,0,-11.16,-11.16
Matt Marksberry,15089,P,10.0,,,,,,4.5,1.5,0,9,0,-11.16,-11.16
Amir Garrett,sa599236,P,10.0,,,,,,4.5,1.5,0,9,0,-11.16,-11.16
J.T. Chargois,sa621373,P,10.0,,,,,,4.5,1.5,0,9,0,-11.16,-11.16
Jimmy Cordero,sa680023,P,10.0,,,,,,4.5,1.5,0,9,0,-11.16,-11.16
Ryan Weber,10160,P,9.0,,,,,,4.0,1.33,0,6,0,-11.15,-6.55
Jeff Ferrell,11506,P,10.0,,,,,,4.5,1.4,0,8,0,-11.14,-11.14
Cesar Ramos,3357,P,10.0,,,,,,4.5,1.4,0,8,0,-11.14,-11.14
Javy Guerra,7407,P,10.0,,,,,,4.5,1.4,0,8,0,-11.14,-11.14
Damien Magnifico,sa501481,P,10.0,,,,,,4.5,1.4,0,8,0,-11.14,-11.14
Williams Jerez,sa597797,P,10.0,,,,,,4.5,1.4,0,8,0,-11.14,-11.14
Shawn Morimando,sa599725,P,10.0,,,,,,4.5,1.4,0,8,0,-11.14,-11.14
Ben Rowen,10983,P,10.0,,,,,,4.5,1.3,0,7,0,-11.13,-11.13
Ryan Mattheus,7169,P,10.0,,,,,,4.5,1.3,0,7,0,-11.13,-11.13
Joseph Biagini,sa599307,P,10.0,,,,,,4.5,1.3,0,7,0,-11.13,-11.13
Seth Lugo,sa599698,P,9.0,,,,,,5.0,1.33,0,8,0,-11.12,-6.11
Cody Reed,sa828694,P,18.0,,,,,,5.5,1.67,1,13,0,-11.1,-8.57
Matthew Strahm,sa658557,P,10.0,,,,,,4.5,1.5,0,10,0,-11.09,-11.09
Giovanni Soto,10330,P,10.0,,,,,,4.5,1.4,0,9,0,-11.07,-11.07
Guido Knudson,12669,P,10.0,,,,,,4.5,1.4,0,9,0,-11.07,-11.07
Luis Perdomo,5380,P,9.0,,,,,,4.0,1.33,0,7,0,-11.07,-5.27
Pat Venditte,7108,P,10.0,,,,,,4.5,1.4,0,9,0,-11.07,-11.07
Jacob Barnes,sa579271,P,10.0,,,,,,4.5,1.4,0,9,0,-11.07,-11.07
Mayckol Guaipe,11663,P,10.0,,,,,,4.5,1.3,0,8,0,-11.05,-11.05
David Rollins,11928,P,10.0,,,,,,4.5,1.3,0,8,0,-11.05,-11.05
Todd Redmond,9943,P,10.0,,,,,,4.5,1.3,0,8,0,-11.05,-11.05
Chris Beck,13418,P,28.0,,,,,,5.14,1.5,1,16,0,-11.0,-9.06
Daniel Burawa,11397,P,10.0,,,,,,4.5,1.4,0,10,0,-10.99,-10.99
Tayron Guerrero,sa551046,P,10.0,,,,,,4.5,1.4,0,10,0,-10.99,-10.99
Wandy Rodriguez,2586,P,10.0,,,,,,4.5,1.3,0,9,0,-10.97,-10.97
Rookie Davis,sa599174,P,10.0,,,,,,4.5,1.3,0,9,0,-10.97,-10.97
Mario Hollands,10504,P,10.0,,,,,,3.6,1.4,0,9,0,-10.94,-10.94
Cody Hall,12232,P,10.0,,,,,,3.6,1.4,0,9,0,-10.94,-10.94
Joan Gregorio,sa547815,P,10.0,,,,,,3.6,1.4,0,9,0,-10.94,-10.94
Andrew Triggs,sa549679,P,10.0,,,,,,3.6,1.3,0,8,0,-10.92,-10.92
Montreal Robertson,sa598657,P,10.0,,,,,,5.4,1.6,1,7,0,-10.91,-10.91
Bobby Parnell,9926,P,15.0,,,,,,4.8,1.6,1,10,0,-10.87,-10.87
Derek Law,sa502368,P,10.0,,,,,,3.6,1.4,0,10,0,-10.86,-10.86
Evan Rutckyj,sa549263,P,10.0,,,,,,3.6,1.4,0,10,0,-10.86,-10.86
Jake Barrett,sa501237,P,10.0,,,,,,3.6,1.3,0,9,0,-10.85,-10.85
David Buchanan,11176,P,18.0,,,,,,5.0,1.5,1,11,0,-10.84,-6.43
Ryan Buchter,9456,P,10.0,,,,,,3.6,1.4,0,11,0,-10.79,-10.79
Nick Martinez,12730,P,19.0,,,,,,4.74,1.47,1,11,0,-10.77,-6.15
Josh Smoker,sa389911,P,10.0,,,,,,3.6,1.3,0,10,0,-10.77,-10.77
Conner Greene,sa737829,P,9.0,,,,,,5.0,1.56,1,7,0,-10.76,-0.05
Cesar Vargas,sa507176,P,10.0,,,,,,3.6,1.2,0,9,0,-10.75,-10.75
Edubray Ramos,sa546466,P,10.0,,,,,,3.6,1.2,0,9,0,-10.75,-10.75
Taylor Rogers,sa503168,P,9.0,,,,,,5.0,1.44,1,6,0,-10.74,0.24
Akeel Morris,12185,P,10.0,,,,,,3.6,1.4,0,12,0,-10.71,-10.71
David Hale,9756,P,19.0,,,,,,4.74,1.47,1,12,0,-10.69,-5.54
Juan Minaya,sa503614,P,15.0,,,,,,4.2,1.33,0,14,0,-10.69,-10.69
T.J. House,9121,P,18.0,,,,,,5.0,1.5,1,13,0,-10.68,-5.15
Cory Mazzoni,12537,P,10.0,,,,,,3.6,1.2,0,10,0,-10.67,-10.67
Mike Wright,12586,P,18.0,,,,,,5.0,1.44,1,12,0,-10.67,-5.0
Michael Fulmer,sa597764,P,9.0,,,,,,5.0,1.44,1,7,0,-10.66,1.52
Daniel Webb,10558,P,15.0,,,,,,4.8,1.6,1,13,0,-10.64,-10.64
Taylor Jordan,10466,P,9.0,,,,,,4.0,1.44,1,6,0,-10.61,2.36
Dallas Beeler,11471,P,9.0,,,,,,4.0,1.44,1,6,0,-10.61,2.36
Chien-Ming Wang,2074,P,35.0,,,,,,4.89,1.46,2,14,0,-10.61,-10.61
Michael Mariot,10835,P,10.0,,,,,,3.6,1.2,0,11,0,-10.6,-10.6
Chris Jones,sa392067,P,10.0,,,,,,4.5,1.4,1,7,0,-10.59,-10.59
Raul Alcantara,sa548100,P,15.0,,,,,,4.8,1.33,1,9,0,-10.57,-10.57
Victor Alcantara,sa657093,P,15.0,,,,,,4.2,1.53,1,11,0,-10.57,-10.57
Eric Jokisch,11157,P,9.0,,,,,,4.0,1.44,1,7,0,-10.53,3.64
Kendry Flores,12118,P,9.0,,,,,,4.0,1.44,1,7,0,-10.53,3.64
Andury Acevedo,sa395471,P,10.0,,,,,,4.5,1.5,1,9,0,-10.53,-10.53
Danny Reynolds,sa501564,P,10.0,,,,,,4.5,1.5,1,9,0,-10.53,-10.53
Yhonathan Barrios,11166,P,10.0,,,,,,4.5,1.4,1,8,0,-10.52,-10.52
Jose Urena,11589,P,18.0,,,,,,4.5,1.39,1,11,0,-10.52,-3.8
Arnold Leon,5595,P,10.0,,,,,,4.5,1.4,1,8,0,-10.52,-10.52
Ty Blach,sa658009,P,9.0,,,,,,4.0,1.33,1,6,0,-10.52,3.93
Asher Wojciechowski,10836,P,28.0,,,,,,5.14,1.43,1,20,0,-10.5,-6.4
Scott McGough,12056,P,15.0,,,,,,4.2,1.47,1,11,0,-10.48,-10.48
Alex Reyes,sa739551,P,9.0,,,,,,4.0,1.56,1,9,0,-10.48,4.64
Matt Grace,11449,P,10.0,,,,,,3.6,1.4,1,7,0,-10.47,-10.47
Brian Johnson,14272,P,9.0,,,,,,4.0,1.44,1,8,0,-10.46,4.93
Jeff Hoffman,sa709602,P,19.0,,,,,,4.74,1.47,1,15,0,-10.46,-10.46
Aaron Brooks,12272,P,9.0,,,,,,4.0,1.33,1,7,0,-10.44,5.22
Andrew Faulkner,12982,P,10.0,,,,,,4.5,1.4,1,9,0,-10.44,-10.44
Johnny Barbato,sa548328,P,10.0,,,,,,4.5,1.4,1,9,0,-10.44,-10.44
Tyler Anderson,sa578009,P,19.0,,,,,,4.74,1.42,1,14,0,-10.44,-3.58
Adalberto Mejia,sa596976,P,9.0,,,,,,4.0,1.33,1,7,0,-10.44,5.22
Clayton Blackburn,sa598302,P,9.0,,,,,,4.0,1.33,1,7,0,-10.44,5.22
Tyler Wilson,12691,P,28.0,,,,,,4.82,1.39,1,18,0,-10.43,-6.04
Tyler Wagner,13796,P,19.0,,,,,,4.74,1.37,1,13,0,-10.43,-3.44
Edwin Escobar,10337,P,10.0,,,,,,4.5,1.3,1,8,0,-10.42,-10.42
Dale Thayer,5032,P,10.0,,,,,,4.5,1.3,1,8,0,-10.42,-10.42
Zack Jones,sa502134,P,10.0,,,,,,4.5,1.5,1,11,0,-10.38,-10.38
Matt Bowman,sa658240,P,15.0,,,,,,4.2,1.4,1,11,0,-10.38,-10.38
Alec Mills,sa658528,P,10.0,,,,,,3.6,1.3,1,7,0,-10.37,-10.37
Alec Asher,13560,P,28.0,,,,,,5.14,1.43,1,22,0,-10.35,-5.58
Ross Detwiler,2859,P,35.0,,,,,,4.63,1.46,1,24,0,-10.34,-10.34
Pierce Johnson,sa501771,P,10.0,,,,,,4.5,1.3,1,9,0,-10.34,-10.34
Carlos Estevez,sa598491,P,10.0,,,,,,4.5,1.3,1,9,0,-10.34,-10.34
David Goforth,12166,P,20.0,,,,,,4.5,1.45,1,16,0,-10.32,-10.32
Brandon Beachy,8851,P,19.0,,,,,,4.26,1.42,1,14,0,-10.32,-2.57
Mike Strong,sa502184,P,15.0,,,,,,4.2,1.47,1,13,0,-10.32,-10.32
Brian Flynn,12027,P,24.0,,,,,,4.5,1.42,1,17,0,-10.31,-10.31
Luis Perdomo,sa597248,P,25.0,,,,,,4.68,1.44,1,19,0,-10.31,-10.31
Noe Ramirez,12800,P,15.0,,,,,,4.2,1.4,1,12,0,-10.3,-10.3
Sam LeCure,4664,P,15.0,,,,,,4.2,1.4,1,12,0,-10.3,-10.3
Chase Whitley,10982,P,10.0,,,,,,3.6,1.3,1,8,0,-10.29,-10.29
Julio Urias,sa736324,P,9.0,,,,,,4.0,1.33,1,9,0,-10.29,7.78
Colton Murray,12264,P,10.0,,,,,,4.5,1.3,1,10,0,-10.27,-10.27
Mitchell Harris,4530,P,25.0,,,,,,4.32,1.44,1,18,0,-10.26,-10.26
T.J. McFarland,3237,P,20.0,,,,,,4.05,1.4,1,14,0,-10.25,-10.25
Trey Haley,sa456039,P,15.0,,,,,,4.2,1.47,1,14,0,-10.25,-10.25
Scott Oberg,13911,P,20.0,,,,,,4.5,1.45,1,17,0,-10.24,-10.24
Elvis Araujo,12854,P,10.0,,,,,,3.6,1.4,1,10,0,-10.23,-10.23
Blake Smith,sa500814,P,10.0,,,,,,3.6,1.4,1,10,0,-10.23,-10.23
Dominic Leone,13763,P,10.0,,,,,,3.6,1.3,1,9,0,-10.22,-10.22
Mike Clevinger,sa597956,P,28.0,,,,,,4.82,1.43,1,22,0,-10.22,-4.9
Bo Schultz,5028,P,15.0,,,,,,4.2,1.33,1,12,0,-10.21,-10.21
Burke Badenhop,9736,P,20.0,,,,,,4.05,1.3,1,12,0,-10.21,-10.21
Kyle Crick,sa597770,P,24.0,,,,,,4.5,1.67,1,26,0,-10.18,-10.18
Josh Ravin,2951,P,10.0,,,,,,3.6,1.4,1,11,0,-10.16,-10.16
Ross Stripling,sa598259,P,19.0,,,,,,4.26,1.37,1,15,0,-10.15,-10.15
Josh Edgin,10796,P,10.0,,,,,,3.6,1.3,1,10,0,-10.14,-10.14
Blake Mcfarland,sa598555,P,10.0,,,,,,3.6,1.3,1,10,0,-10.14,-10.14
Chaz Roe,9866,P,15.0,,,,,,4.2,1.33,1,13,0,-10.13,-10.13
A.J. Achter,11387,P,10.0,,,,,,3.6,1.2,1,9,0,-10.12,-10.12
Keith Hessler,12220,P,10.0,,,,,,3.6,1.2,1,9,0,-10.12,-10.12
Eddie Butler,13453,P,47.0,,,,,,5.17,1.57,3,28,0,-10.12,-7.24
Carlos Torres,7624,P,10.0,,,,,,3.6,1.2,1,9,0,-10.12,-10.12
Jeff Walters,sa328221,P,10.0,,,,,,3.6,1.2,1,9,0,-10.12,-10.12
Jose De Leon,sa738334,P,9.0,,,,,,4.0,1.22,1,10,0,-10.12,10.64
Tyrell Jenkins,sa548158,P,37.0,,,,,,4.86,1.51,2,24,0,-10.11,-6.04
Sammy Solis,11457,P,15.0,,,,,,3.6,1.33,1,12,0,-10.08,-10.08
Luke Jackson,11752,P,15.0,,,,,,4.2,1.4,1,15,0,-10.07,-10.07
John Gant,sa599212,P,19.0,,,,,,4.26,1.37,1,16,0,-10.07,-0.61
Hector Neris,11804,P,15.0,,,,,,4.2,1.33,1,14,0,-10.06,-10.06
Francelis Montas,14309,P,10.0,,,,,,3.6,1.3,1,11,0,-10.06,-10.06
Austin Adams,7411,P,15.0,,,,,,4.2,1.33,1,14,0,-10.06,-10.06
Ryan Cook,8855,P,15.0,,,,,,4.2,1.33,1,14,0,-10.06,-10.06
John Holdzkom,9392,P,10.0,,,,,,3.6,1.3,1,11,0,-10.06,-10.06
Zachary Davies,13183,P,19.0,,,,,,4.26,1.32,1,15,0,-10.05,-0.48
Joe Wieland,6109,P,19.0,,,,,,4.26,1.32,1,15,0,-10.05,-10.05
Jharel Cotton,sa599378,P,10.0,,,,,,3.6,1.2,1,10,0,-10.05,-10.05
Jeremy Guthrie,2072,P,38.0,,,,,,4.97,1.42,2,22,0,-10.04,-5.9
Scott Alexander,10591,P,30.0,,,,,,4.2,1.4,1,21,0,-10.03,-10.03
Nick Wittgren,sa621793,P,10.0,,,,,,3.6,1.1,1,9,0,-10.03,-10.03
Severino Gonzalez,14697,P,25.0,,,,,,4.68,1.28,1,18,0,-10.01,-10.01
J.R. Graham,12042,P,20.0,,,,,,4.05,1.35,1,16,0,-10.0,-10.0
Alex Wilson,9239,P,25.0,,,,,,3.96,1.32,1,16,0,-10.0,-10.0
Rob Scahill,9286,P,20.0,,,,,,4.05,1.35,1,16,0,-10.0,-10.0
Jacob Lindgren,16215,P,10.0,,,,,,3.6,1.3,1,12,0,-9.99,-9.99
Pedro Villarreal,9904,P,15.0,,,,,,3.6,1.27,1,12,0,-9.99,-9.99
Oliver Drake,8823,P,10.0,,,,,,3.6,1.2,1,11,0,-9.97,-9.97
Kyle Ryan,11753,P,40.0,,,,,,4.73,1.43,2,23,0,-9.92,-9.92
A.J. Cole,11467,P,19.0,,,,,,3.79,1.26,1,14,0,-9.91,0.67
Jean Machi,3220,P,15.0,,,,,,3.6,1.27,1,13,0,-9.91,-9.91
Stephen Johnson,sa658027,P,20.0,,,,,,4.05,1.45,1,20,0,-9.88,-9.88
Zach Phillips,99,P,20.0,,,,,,4.05,1.4,1,19,0,-9.86,-9.86
Michael Feliz,11903,P,25.0,,,,,,4.32,1.36,1,21,0,-9.84,-9.84
Adam Morgan,12580,P,65.0,,,,,,5.4,1.46,3,39,0,-9.84,-7.75
Jonathan Aro,14699,P,20.0,,,,,,4.05,1.3,1,17,0,-9.83,-9.83
Justin Nicolino,11754,P,38.0,,,,,,4.5,1.34,2,18,0,-9.81,-5.0
Kevin Chapman,11240,P,20.0,,,,,,4.05,1.45,1,21,0,-9.8,-9.8
R.J. Alvarez,13401,P,20.0,,,,,,4.05,1.4,1,20,0,-9.79,-9.79
Phil Klein,12675,P,20.0,,,,,,4.05,1.35,1,19,0,-9.77,-9.77
Andrew Bellatti,10657,P,25.0,,,,,,4.32,1.36,1,22,0,-9.76,-9.76
Ian Thomas,13881,P,15.0,,,,,,3.6,1.27,1,15,0,-9.76,-9.76
Ryan Tepera,10291,P,20.0,,,,,,4.05,1.3,1,18,0,-9.75,-9.75
Dean Kiekhefer,sa526393,P,20.0,,,,,,3.6,1.2,1,14,0,-9.74,-9.74
Brian Ellington,17233,P,20.0,,,,,,3.6,1.35,1,18,0,-9.72,-9.72
Ariel Pena,10240,P,28.0,,,,,,4.5,1.43,1,27,0,-9.71,-2.15
Evan Marshall,12297,P,20.0,,,,,,3.6,1.3,1,17,0,-9.7,-9.7
Dario Alvarez,14239,P,15.0,,,,,,3.6,1.33,1,17,0,-9.7,-9.7
Jason Gurka,8007,P,30.0,,,,,,4.2,1.37,1,24,0,-9.7,-9.7
Adam Ottavino,1247,P,15.0,,,,,,3.6,1.27,1,16,0,-9.68,-9.68
Nick Kingham,sa548285,P,28.0,,,,,,4.18,1.32,1,22,0,-9.68,-2.02
J.B. Wendelken,sa658247,P,25.0,,,,,,4.32,1.32,1,22,0,-9.67,-9.67
Eric O'Flaherty,5746,P,30.0,,,,,,3.9,1.37,1,23,0,-9.65,-9.65
Luis Cessa,sa506912,P,28.0,,,,,,4.82,1.39,2,20,0,-9.65,-1.85
Tyler Wagner,13796,P,37.0,,,,,,4.62,1.43,2,25,0,-9.62,-4.07
Chris Withrow,7161,P,15.0,,,,,,3.6,1.33,1,18,0,-9.62,-9.62
Alex Claudio,12890,P,25.0,,,,,,3.96,1.28,1,20,0,-9.6,-9.6
Carl Edwards,13607,P,19.0,,,,,,3.79,1.47,1,23,0,-9.59,-9.59
Tommy Kahnle,11384,P,25.0,,,,,,4.32,1.44,1,27,0,-9.57,-9.57
Michael Lorenzen,14843,P,38.0,,,,,,4.74,1.42,2,27,0,-9.53,-3.88
Kyle Crockett,15033,P,20.0,,,,,,3.6,1.25,1,18,0,-9.53,-9.53
Brandon Gomes,2267,P,20.0,,,,,,3.6,1.25,1,18,0,-9.53,-9.53
Junior Guerra,5702,P,15.0,,,,,,3.6,1.27,1,18,0,-9.53,-9.53
Taylor Guerrieri,sa597787,P,29.0,,,,,,4.03,1.28,1,22,0,-9.52,-9.52
Chi Chi Gonzalez,14663,P,47.0,,,,,,4.79,1.49,3,28,0,-9.49,-5.23
David Carpenter,3959,P,20.0,,,,,,3.6,1.25,1,19,0,-9.45,-9.45
Kirby Yates,9073,P,25.0,,,,,,4.32,1.36,1,26,0,-9.45,-9.45
Steven Okert,sa550187,P,20.0,,,,,,3.6,1.3,1,21,0,-9.39,-9.39
Abel De Los Santos,12962,P,25.0,,,,,,3.96,1.28,1,23,0,-9.37,-9.37
Kyle Barraclough,13713,P,25.0,,,,,,3.96,1.44,1,28,0,-9.36,-9.36
Mark Appel,sa501726,P,37.0,,,,,,4.86,1.43,2,30,0,-9.36,-3.02
Clayton Richard,3551,P,30.0,,,,,,4.2,1.3,2,18,0,-9.35,-9.35
Leonel Campos,12277,P,15.0,,,,,,3.0,1.27,1,19,0,-9.32,-9.32
Nicholas Goody,13685,P,20.0,,,,,,3.6,1.3,1,22,0,-9.32,-9.32
Nefi Ogando,12253,P,35.0,,,,,,4.37,1.46,2,28,0,-9.27,-9.27
Tanner Scheppers,10267,P,30.0,,,,,,4.5,1.4,2,25,0,-9.22,-9.22
Robert Stephenson,sa597792,P,28.0,,,,,,4.82,1.46,2,28,0,-9.22,0.44
Tommy Hunter,1157,P,25.0,,,,,,3.6,1.2,1,21,0,-9.21,-9.21
Jacob Turner,10185,P,59.0,,,,,,5.19,1.47,3,42,0,-9.2,-9.2
Shae Simmons,14200,P,20.0,,,,,,3.15,1.3,1,22,0,-9.19,-9.19
Zach Phillips,99,P,30.0,,,,,,3.9,1.37,1,29,0,-9.19,-9.19
Brandon Workman,11428,P,34.0,,,,,,4.5,1.41,2,28,0,-9.16,-9.16
Zachary Godley,14862,P,28.0,,,,,,4.18,1.36,2,22,0,-9.15,0.85
Dan Jennings,8073,P,35.0,,,,,,3.86,1.37,1,31,0,-9.13,-9.13
Tyler Matzek,10058,P,56.0,,,,,,4.82,1.61,3,47,0,-9.08,-5.12
Jorge Lopez,14527,P,46.0,,,,,,4.89,1.46,2,40,0,-9.08,-3.74
Jerry Blevins,7841,P,20.0,,,,,,3.15,1.2,1,21,0,-9.08,-9.08
Tyler Olson,14741,P,34.0,,,,,,4.24,1.35,2,25,0,-9.07,-9.07
Miguel Almonte,14139,P,34.0,,,,,,4.5,1.38,2,28,0,-9.06,-9.06
Jim Henderson,6653,P,25.0,,,,,,3.96,1.28,1,27,0,-9.06,-9.06
Jake Petricka,10534,P,30.0,,,,,,3.9,1.4,2,24,0,-9.04,-9.04
Vance Worley,6435,P,40.0,,,,,,4.5,1.32,2,28,0,-9.03,-9.03
Kyle Lobstein,9178,P,39.0,,,,,,4.15,1.36,2,27,0,-9.01,-9.01
Jake Thompson,sa526929,P,46.0,,,,,,4.5,1.39,2,34,0,-9.0,-3.49
Brett Anderson,8223,P,28.0,,,,,,3.54,1.32,2,20,0,-8.95,1.89
Ian Krol,10066,P,25.0,,,,,,3.6,1.28,1,27,0,-8.93,-8.93
Cory Rasmus,2413,P,25.0,,,,,,3.6,1.28,1,27,0,-8.93,-8.93
Joe Beimel,979,P,65.0,,,,,,4.29,1.4,2,41,0,-8.92,-8.92
Kyle Zimmer,sa621583,P,28.0,,,,,,4.18,1.32,2,24,0,-8.9,2.18
Daniel Stumpf,sa658129,P,30.0,,,,,,3.6,1.3,1,29,0,-8.88,-8.88
Tim Cooney,13762,P,28.0,,,,,,3.86,1.25,2,21,0,-8.81,2.63
Enrique Burgos,3895,P,25.0,,,,,,3.6,1.36,1,31,0,-8.81,-8.81
Ryan Pressly,7005,P,35.0,,,,,,4.11,1.37,2,29,0,-8.79,-8.79
Tyler Cravy,10770,P,34.0,,,,,,4.24,1.35,2,29,0,-8.76,-8.76
Spencer Patton,12361,P,25.0,,,,,,3.6,1.24,1,28,0,-8.76,-8.76
Keyvius Sampson,10039,P,45.0,,,,,,4.6,1.47,2,42,0,-8.74,-8.74
Ryan O'Rourke,10976,P,30.0,,,,,,4.2,1.4,2,30,0,-8.71,-8.71
Tony Barnette,sa327110,P,35.0,,,,,,3.86,1.31,1,34,0,-8.71,-8.71
Sean Marshall,5905,P,65.0,,,,,,4.57,1.37,0,61,0,-8.7,-8.7
Dan Otero,7385,P,40.0,,,,,,3.82,1.27,2,25,0,-8.69,-8.69
Cam Bedrosian,13360,P,30.0,,,,,,3.6,1.33,1,33,0,-8.66,-8.66
Jared Hughes,9325,P,45.0,,,,,,3.6,1.36,2,29,0,-8.63,-8.63
Tom Layne,7501,P,35.0,,,,,,3.86,1.43,2,32,0,-8.62,-8.62
Jon Moscot,13849,P,54.0,,,,,,4.83,1.41,3,39,0,-8.58,-3.48
Matt Albers,4300,P,45.0,,,,,,4.0,1.36,2,33,0,-8.58,-8.58
Buck Farmer,14814,P,63.0,,,,,,5.0,1.43,3,47,0,-8.57,-8.57
Brad Hand,9111,P,40.0,,,,,,4.05,1.35,2,32,0,-8.56,-8.56
Sean Manaea,sa709610,P,37.0,,,,,,4.14,1.38,2,33,0,-8.56,0.23
Ryan Webb,7474,P,40.0,,,,,,3.82,1.3,2,28,0,-8.55,-8.55
Chris Rusin,9895,P,73.0,,,,,,4.81,1.44,4,43,0,-8.54,-8.54
Matt Barnes,12863,P,40.0,,,,,,4.27,1.35,2,34,0,-8.53,-8.53
Drew VerHagen,13424,P,55.0,,,,,,4.25,1.42,3,35,0,-8.53,-8.53
Rafael Montero,12760,P,28.0,,,,,,3.86,1.29,2,26,0,-8.52,4.19
Michael Montgomery,4869,P,49.0,,,,,,4.22,1.37,2,38,0,-8.49,-8.49
Cory Luebke,1984,P,40.0,,,,,,4.05,1.32,2,32,0,-8.46,-8.46
Sam Freeman,6832,P,40.0,,,,,,4.05,1.43,2,37,0,-8.46,-8.46
Heath Hembree,11632,P,30.0,,,,,,3.9,1.3,2,28,0,-8.45,-8.45
Henderson Alvarez,5669,P,48.0,,,,,,4.12,1.31,3,26,0,-8.44,-2.07
Matt Reynolds,8887,P,30.0,,,,,,3.9,1.27,2,27,0,-8.43,-8.43
Luis Avilan,2882,P,35.0,,,,,,3.6,1.31,2,28,0,-8.42,-8.42
Bryan Mitchell,11479,P,68.0,,,,,,4.76,1.5,3,55,0,-8.4,-8.4
Erik Johnson,12520,P,46.0,,,,,,4.7,1.46,3,39,0,-8.4,-1.52
Blaine Boyer,2237,P,40.0,,,,,,3.82,1.3,2,30,0,-8.4,-8.4
Blaine Hardy,6499,P,30.0,,,,,,3.6,1.3,2,27,0,-8.4,-8.4
Mike Broadway,9894,P,25.0,,,,,,2.88,1.16,1,27,0,-8.4,-8.4
Ryan Dull,13974,P,30.0,,,,,,3.9,1.27,2,28,0,-8.36,-8.36
Randy Choate,813,P,35.0,,,,,,3.86,1.26,2,28,0,-8.36,-8.36
Jeanmar Gomez,9033,P,55.0,,,,,,4.09,1.36,2,40,0,-8.36,-8.36
Trevor Gott,15046,P,40.0,,,,,,3.82,1.35,2,33,0,-8.35,-8.35
Raudel Lazo,14077,P,30.0,,,,,,3.6,1.27,2,27,0,-8.31,-8.31
Chris Capuano,1701,P,30.0,,,,,,3.9,1.3,1,28,4,-8.31,-8.31
Bobby LaFromboise,7758,P,40.0,,,,,,4.27,1.35,2,37,0,-8.3,-8.3
Josh Martin,sa599246,P,30.0,,,,,,3.9,1.3,2,30,0,-8.3,-8.3
Alex Meyer,12833,P,44.0,,,,,,4.3,1.43,2,43,0,-8.29,-8.29
Edward Mujica,3970,P,35.0,,,,,,3.86,1.23,2,28,0,-8.26,-8.26
Odrisamer Despaigne,16017,P,72.0,,,,,,4.88,1.4,4,44,0,-8.25,-8.25
Franklin Morales,5088,P,45.0,,,,,,4.0,1.33,2,36,0,-8.25,-8.25
Branden Pinder,12093,P,45.0,,,,,,4.4,1.36,2,41,0,-8.22,-8.22
Javier Lopez,1663,P,40.0,,,,,,3.38,1.3,2,29,0,-8.22,-8.22
Aaron Loup,10343,P,30.0,,,,,,3.6,1.23,2,27,0,-8.21,-8.21
Joel Peralta,2332,P,35.0,,,,,,4.11,1.26,2,32,0,-8.18,-8.18
Jon Edwards,1483,P,35.0,,,,,,3.6,1.37,1,42,0,-8.16,-8.16
Logan Verrett,12905,P,35.0,,,,,,3.86,1.2,2,29,0,-8.09,-8.09
Aaron Blair,sa549491,P,45.0,,,,,,4.2,1.36,2,41,0,-8.09,-0.27
Charlie Furbush,1370,P,25.0,,,,,,3.24,1.2,2,26,0,-8.07,-8.07
Nicholas Tropeano,12385,P,37.0,,,,,,3.89,1.27,2,33,0,-8.06,2.27
Christian Bergman,10925,P,100.0,,,,,,5.13,1.42,5,59,0,-8.04,-8.04
Andrew Chafin,12988,P,35.0,,,,,,3.34,1.29,2,30,0,-8.04,-8.04
Nick Rumbelow,14867,P,35.0,,,,,,4.11,1.29,2,35,0,-8.04,-8.04
Miguel Socolovich,6697,P,30.0,,,,,,3.3,1.27,2,29,0,-8.03,-8.03
Evan Scribner,7525,P,30.0,,,,,,3.3,1.1,1,31,0,-8.03,-8.03
Seth Maness,12235,P,45.0,,,,,,3.6,1.27,2,32,0,-8.02,-8.02
Robbie Ross,6819,P,45.0,,,,,,3.8,1.33,2,38,0,-7.97,-7.97
Deolis Guerra,8410,P,35.0,,,,,,3.86,1.23,2,32,0,-7.96,-7.96
Miguel Castro,15684,P,40.0,,,,,,4.27,1.43,3,37,0,-7.95,-7.95
Henry Owens,13143,P,47.0,,,,,,4.4,1.4,3,40,0,-7.94,-0.26
James Pazos,13323,P,40.0,,,,,,4.05,1.32,2,39,0,-7.93,-7.93
Chad Billingsley,5842,P,93.0,,,,,,5.03,1.43,5,56,0,-7.93,-5.78
Cory Gearrin,7947,P,30.0,,,,,,3.3,1.23,2,29,0,-7.93,-7.93
Fernando Abad,4994,P,40.0,,,,,,3.82,1.27,2,35,0,-7.92,-7.92
Marc Rzepczynski,6612,P,40.0,,,,,,3.6,1.35,2,37,0,-7.92,-7.92
Chris O'Grady,sa658155,P,35.0,,,,,,3.6,1.26,2,32,0,-7.92,-7.92
Alex Torres,7038,P,35.0,,,,,,3.6,1.34,2,36,0,-7.9,-7.9
Caleb Cotham,10075,P,30.0,,,,,,3.6,1.2,2,30,0,-7.89,-7.89
Mike Minor,10021,P,48.0,,,,,,4.31,1.29,3,34,0,-7.86,-0.25
Adam Liberatore,10637,P,30.0,,,,,,3.3,1.23,2,30,0,-7.85,-7.85
Jose Ramirez,10171,P,40.0,,,,,,3.82,1.38,2,41,0,-7.83,-7.83
Matt Andriese,12022,P,39.0,,,,,,3.69,1.21,2,32,0,-7.81,-7.81
Joba Chamberlain,2692,P,45.0,,,,,,4.0,1.33,2,42,0,-7.79,-7.79
Zach Lee,11468,P,37.0,,,,,,3.89,1.22,3,26,0,-7.78,3.4
Buddy Baumann,sa501507,P,39.0,,,,,,3.69,1.28,2,36,0,-7.78,-7.78
Felipe Rivero,12076,P,35.0,,,,,,3.34,1.23,2,32,0,-7.7,-7.7
Jerome Williams,1137,P,110.0,,,,,,5.07,1.43,5,69,0,-7.69,-6.32
Erik Goeddel,11712,P,40.0,,,,,,3.82,1.27,2,38,0,-7.69,-7.69
Tom Wilhelmsen,9975,P,55.0,,,,,,4.09,1.38,2,50,0,-7.68,-7.68
Samuel Tuivailala,13485,P,35.0,,,,,,3.6,1.34,2,39,0,-7.67,-7.67
Jameson Taillon,sa548151,P,47.0,,,,,,4.02,1.34,3,37,0,-7.63,0.72
Gavin Floyd,3886,P,73.0,,,,,,4.81,1.37,3,57,0,-7.62,-7.62
Steve Geltz,8402,P,35.0,,,,,,3.6,1.26,2,36,0,-7.62,-7.62
Carlos Frias,3547,P,53.0,,,,,,4.08,1.32,3,38,0,-7.61,-7.61
Dalier Hinojosa,15671,P,45.0,,,,,,3.8,1.36,2,44,0,-7.6,-7.6
Bruce Rondon,5766,P,45.0,,,,,,4.0,1.38,2,47,0,-7.59,-7.59
Josh Collmenter,7312,P,54.0,,,,,,4.0,1.28,3,36,0,-7.51,-7.51
Enny Romero,4001,P,55.0,,,,,,4.25,1.38,2,49,2,-7.5,-7.5
Brett Oberholtzer,3855,P,56.0,,,,,,4.34,1.3,3,42,0,-7.48,-0.83
Eric Stults,8011,P,74.0,,,,,,4.62,1.35,4,47,0,-7.47,-3.39
Blake Wood,1345,P,40.0,,,,,,3.82,1.35,2,45,0,-7.43,-7.43
Shawn Armstrong,12857,P,30.0,,,,,,3.3,1.27,2,37,0,-7.41,-7.41
Jose Alvarez,5358,P,45.0,,,,,,3.6,1.27,2,40,0,-7.41,-7.41
Rafael Martin,10258,P,30.0,,,,,,3.3,1.17,2,34,0,-7.36,-7.36
Michael Tonkin,10315,P,45.0,,,,,,3.8,1.24,2,41,0,-7.36,-7.36
Cody Anderson,12799,P,75.0,,,,,,4.44,1.35,4,47,0,-7.27,-3.1
Cody Martin,12182,P,55.0,,,,,,4.42,1.36,3,50,0,-7.22,-7.22
Al Alburquerque,6324,P,40.0,,,,,,3.6,1.27,2,43,0,-7.17,-7.17
Roenis Elias,12673,P,55.0,,,,,,4.42,1.4,4,45,0,-7.16,0.23
Williams Perez,11592,P,74.0,,,,,,4.38,1.41,4,53,0,-7.13,-2.7
Daniel Winkler,12237,P,45.0,,,,,,3.8,1.24,2,44,0,-7.13,-7.13
Shane Greene,10756,P,86.0,,,,,,4.81,1.42,5,58,0,-7.12,-7.12
Tyler Skaggs,10190,P,48.0,,,,,,3.75,1.31,3,40,0,-7.11,2.1
Joe Blanton,4849,P,40.0,,,,,,3.6,1.18,2,39,0,-7.1,-7.1
Steve Delabar,11827,P,40.0,,,,,,4.05,1.35,3,43,0,-7.08,-7.08
Manny Banuelos,5365,P,64.0,,,,,,4.22,1.41,3,56,0,-7.08,-1.22
John Axford,9059,P,45.0,,,,,,4.0,1.4,3,47,0,-7.06,-7.06
Bryan Morris,10234,P,55.0,,,,,,3.76,1.36,3,43,1,-7.05,-7.05
Neil Ramirez,7677,P,35.0,,,,,,3.09,1.23,2,39,0,-7.04,-7.04
Sean Gilmartin,12781,P,45.0,,,,,,3.4,1.24,2,42,0,-7.03,-7.03
Jeff Manship,6865,P,55.0,,,,,,3.76,1.27,2,48,0,-7.02,-7.02
Vidal Nuno,9674,P,54.0,,,,,,4.0,1.22,2,47,0,-7.01,-7.01
Jacob Faria,sa598097,P,53.0,,,,,,4.08,1.34,3,47,0,-7.01,-7.01
Luke Hochevar,6943,P,45.0,,,,,,3.6,1.22,2,43,0,-6.99,-6.99
Mychal Givens,10430,P,45.0,,,,,,3.6,1.29,2,47,0,-6.96,-6.96
Trevor Cahill,6249,P,55.0,,,,,,3.93,1.36,3,49,0,-6.91,-6.91
Mike Pelfrey,5203,P,129.0,,,,,,4.81,1.45,7,71,0,-6.89,-6.15
Tyler Thornburg,10688,P,65.0,,,,,,4.15,1.4,3,58,0,-6.85,-6.85
Josh Osich,11528,P,45.0,,,,,,3.2,1.27,2,44,0,-6.84,-6.84
Kevin Quackenbush,12360,P,45.0,,,,,,3.4,1.27,2,46,0,-6.82,-6.82
Alexi Ogando,10261,P,55.0,,,,,,3.76,1.31,2,51,1,-6.78,-6.78
Mike Bolsinger,11137,P,46.0,,,,,,3.72,1.28,3,43,0,-6.7,4.02
Michael Blazek,9654,P,55.0,,,,,,3.76,1.33,3,49,0,-6.59,-6.59
Brandon McCarthy,4662,P,47.0,,,,,,3.64,1.19,3,39,0,-6.56,4.13
Nick Vincent,7555,P,40.0,,,,,,3.15,1.2,2,44,0,-6.56,-6.56
Dan Straily,9460,P,54.0,,,,,,4.17,1.28,3,50,0,-6.56,-6.56
Boone Logan,5525,P,45.0,,,,,,4.0,1.31,3,49,0,-6.53,-6.53
Pat Neshek,4682,P,40.0,,,,,,3.6,1.15,3,38,0,-6.46,-6.46
Steven Wright,8185,P,85.0,,,,,,4.55,1.39,5,59,0,-6.45,-6.45
Edwin Jackson,1841,P,73.0,,,,,,4.19,1.36,4,55,0,-6.41,-6.41
Will Smith,8048,P,35.0,,,,,,3.09,1.17,2,45,0,-6.39,-6.39
Drew Hutchison,10732,P,55.0,,,,,,4.42,1.31,4,49,0,-6.38,2.36
A.J. Griffin,11132,P,67.0,,,,,,4.43,1.31,4,53,0,-6.38,-0.12
Alex Cobb,6562,P,49.0,,,,,,3.49,1.22,3,42,0,-6.38,4.05
Hyun-Jin Ryu,14444,P,47.0,,,,,,3.45,1.19,3,40,0,-6.36,4.78
Jhoulys Chacin,2608,P,85.0,,,,,,4.24,1.38,4,63,0,-6.29,-2.36
Neftali Feliz,18,P,55.0,,,,,,3.6,1.27,3,48,0,-6.26,-6.26
Justin Miller,8580,P,55.0,,,,,,3.93,1.29,3,53,0,-6.23,-6.23
Marco Gonzales,15467,P,74.0,,,,,,4.26,1.34,4,57,0,-6.22,-0.86
Archie Bradley,12918,P,85.0,,,,,,4.55,1.46,5,70,0,-6.17,-2.14
J.P. Howell,8245,P,55.0,,,,,,3.44,1.29,3,49,0,-6.15,-6.15
Pedro Baez,5420,P,45.0,,,,,,3.2,1.16,2,47,0,-6.14,-6.14
Trevor May,6398,P,55.0,,,,,,3.93,1.29,3,52,1,-6.11,-6.11
Luis Garcia,6984,P,55.0,,,,,,3.76,1.38,3,54,2,-6.11,-6.11
George Kontos,9486,P,55.0,,,,,,3.44,1.2,3,44,0,-6.06,-6.06
Ryan Vogelsong,1011,P,92.0,,,,,,4.5,1.4,5,68,0,-6.03,-2.62
Tony Zych,12876,P,55.0,,,,,,3.44,1.2,2,53,0,-6.0,-6.0
Jonathan Broxton,4759,P,55.0,,,,,,3.6,1.25,3,51,0,-5.94,-5.94
Fernando Rodriguez,7558,P,55.0,,,,,,3.76,1.29,3,55,0,-5.94,-5.94
Arquimedes Caminero,8992,P,55.0,,,,,,3.44,1.25,2,55,1,-5.94,-5.94
Silvino Bracho,15051,P,40.0,,,,,,2.93,1.12,2,48,0,-5.84,-5.84
Ricky Nolasco,3830,P,91.0,,,,,,4.65,1.35,5,67,0,-5.83,-2.2
Chasen Shreve,10855,P,55.0,,,,,,3.76,1.31,3,58,0,-5.81,-5.81
Blake Treinen,12572,P,55.0,,,,,,3.27,1.27,3,51,0,-5.78,-5.78
Jake Diekman,5003,P,55.0,,,,,,3.76,1.35,3,59,1,-5.73,-5.73
Carlos Villanueva,4138,P,55.0,,,,,,3.6,1.25,3,49,2,-5.7,-5.7
Tyler Duffey,13758,P,84.0,,,,,,4.39,1.35,5,62,0,-5.66,-1.11
Casey Fien,3926,P,55.0,,,,,,3.76,1.22,4,46,0,-5.63,-5.63
Justin Wilson,4301,P,55.0,,,,,,3.6,1.27,3,54,1,-5.61,-5.61
Josh Johnson,4567,P,83.0,,,,,,4.23,1.36,4,70,0,-5.58,-0.85
Bryan Shaw,8110,P,65.0,,,,,,3.74,1.26,3,56,1,-5.58,-5.58
Jose Berrios,sa657852,P,64.0,,,,,,4.08,1.3,4,57,0,-5.58,2.28
Jason Frasor,1906,P,65.0,,,,,,3.6,1.32,3,62,0,-5.57,-5.57
Dillon Gee,7396,P,97.0,,,,,,4.36,1.31,5,63,0,-5.54,-5.54
Alfredo Simon,2155,P,116.0,,,,,,4.58,1.38,6,75,0,-5.51,-3.78
Zach McAllister,2895,P,55.0,,,,,,3.6,1.24,3,53,1,-5.5,-5.5
Brian Matusz,2646,P,55.0,,,,,,3.6,1.25,3,57,0,-5.47,-5.47
Dylan Bundy,12917,P,73.0,,,,,,4.07,1.32,4,62,0,-5.46,-5.46
Kevin Jepsen,6475,P,65.0,,,,,,3.74,1.31,3,62,1,-5.41,-5.41
Matt Boyd,15440,P,85.0,,,,,,4.45,1.34,5,67,0,-5.33,-0.66
Jumbo Diaz,3397,P,55.0,,,,,,3.27,1.18,2,59,0,-5.32,-5.32
Yusmeiro Petit,4020,P,64.0,,,,,,3.8,1.17,3,57,0,-5.2,-5.2
Jim Johnson,3656,P,55.0,,,,,,3.76,1.35,3,46,9,-5.19,-5.19
Joe Nathan,1122,P,65.0,,,,,,4.15,1.35,5,60,0,-5.16,-5.16
Randall Delgado,5985,P,55.0,,,,,,3.6,1.29,4,56,0,-5.11,-5.11
Brad Boxberger,10133,P,45.0,,,,,,3.2,1.2,3,55,0,-5.09,-5.09
Tyler Lyons,11334,P,59.0,,,,,,3.51,1.15,3,54,0,-5.08,-5.08
Tyler Chatwood,4338,P,102.0,,,,,,4.32,1.38,5,79,0,-5.06,-2.06
James Paxton,11828,P,74.0,,,,,,4.01,1.34,5,61,0,-5.03,1.55
Jason Motte,5861,P,65.0,,,,,,4.29,1.31,4,53,6,-5.02,-5.02
Jordan Lyles,7593,P,129.0,,,,,,4.6,1.43,7,88,0,-5.01,-3.96
Chad Qualls,2170,P,55.0,,,,,,3.76,1.24,4,46,4,-4.95,-4.95
Fernando Salas,4971,P,55.0,,,,,,3.44,1.15,3,55,0,-4.93,-4.93
Tony Sipp,8280,P,45.0,,,,,,3.0,1.16,3,53,0,-4.92,-4.92
Zack Wheeler,10310,P,65.0,,,,,,3.74,1.29,4,62,0,-4.88,3.71
Scott Feldman,6283,P,106.0,,,,,,4.42,1.34,6,71,0,-4.87,-4.87
Mike Morin,13442,P,55.0,,,,,,3.44,1.2,4,52,0,-4.82,-4.82
Josh Fields,5070,P,55.0,,,,,,3.44,1.22,3,63,0,-4.7,-4.7
Zach Putnam,9080,P,55.0,,,,,,3.6,1.29,4,59,1,-4.69,-4.69
Ivan Nova,1994,P,102.0,,,,,,4.41,1.36,6,75,0,-4.68,-1.5
Will Harris,3192,P,55.0,,,,,,3.44,1.22,4,55,0,-4.68,-4.68
Carson Smith,13172,P,55.0,,,,,,3.11,1.22,3,60,0,-4.67,-4.67
Xavier Cedeno,36,P,55.0,,,,,,3.27,1.22,3,57,2,-4.65,-4.65
Tyler Glasnow,sa597835,P,65.0,,,,,,3.74,1.35,4,70,0,-4.64,4.26
John Danks,6329,P,143.0,,,,,,4.78,1.4,7,99,0,-4.56,-4.22
Jordan Walden,3271,P,55.0,,,,,,3.11,1.22,3,62,0,-4.52,-4.52
Antonio Bastardo,8844,P,55.0,,,,,,3.27,1.24,3,65,0,-4.51,-4.51
Mark Lowe,7416,P,65.0,,,,,,3.6,1.22,3,65,1,-4.48,-4.48
Daniel Norris,13475,P,94.0,,,,,,4.4,1.4,6,80,0,-4.43,-0.26
Robbie Erlin,10354,P,111.0,,,,,,4.46,1.33,5,87,0,-4.4,-1.92
Nate Jones,4696,P,55.0,,,,,,3.27,1.2,3,64,0,-4.4,-4.4
Brad Brach,6627,P,55.0,,,,,,3.6,1.27,4,59,2,-4.4,-4.4
Junichi Tazawa,4079,P,55.0,,,,,,3.44,1.2,4,53,2,-4.36,-4.36
Zach Duke,3840,P,65.0,,,,,,3.74,1.32,4,69,1,-4.33,-4.33
Corey Knebel,15010,P,55.0,,,,,,3.27,1.22,3,67,0,-4.26,-4.26
Tyler Clippard,5640,P,55.0,,,,,,3.27,1.18,4,57,0,-4.21,-4.21
Ryan Madson,1852,P,65.0,,,,,,3.32,1.22,3,63,2,-4.19,-4.19
Liam Hendriks,3548,P,55.0,,,,,,2.95,1.07,3,55,0,-4.18,-4.18
Keone Kela,14696,P,45.0,,,,,,3.2,1.2,5,51,0,-4.14,-4.14
Sam Dyson,11710,P,65.0,,,,,,3.46,1.25,4,58,3,-4.07,-4.07
Ross Ohlendorf,8268,P,55.0,,,,,,3.44,1.22,5,55,0,-4.05,-4.05
Oliver Perez,1514,P,55.0,,,,,,3.27,1.24,4,63,0,-4.03,-4.03
Kendall Graveman,15514,P,130.0,,,,,,4.43,1.38,8,81,0,-4.03,-2.89
Kelvin Herrera,6033,P,55.0,,,,,,3.11,1.2,4,57,1,-3.99,-3.99
Joakim Soria,6941,P,65.0,,,,,,3.18,1.17,3,63,1,-3.97,-3.97
Hansel Robles,11801,P,55.0,,,,,,3.27,1.18,4,61,0,-3.91,-3.91
Brandon Maurer,4878,P,65.0,,,,,,3.46,1.25,4,59,4,-3.8,-3.8
Travis Wood,9884,P,73.0,,,,,,3.58,1.25,4,71,0,-3.79,-3.79
Justin Masterson,2038,P,120.0,,,,,,4.42,1.44,7,97,0,-3.76,-1.84
Colin Rea,12317,P,130.0,,,,,,4.29,1.38,6,98,0,-3.72,-2.53
Joe Smith,3281,P,65.0,,,,,,3.32,1.22,4,56,4,-3.71,-3.71
Aaron Harang,1451,P,164.0,,,,,,4.66,1.4,8,109,0,-3.7,-4.36
Chris Young,3196,P,123.0,,,,,,4.32,1.35,7,83,0,-3.69,-3.69
Alex Colome,6661,P,65.0,,,,,,3.88,1.28,3,54,13,-3.65,-3.65
Tony Cingrani,12555,P,65.0,,,,,,3.6,1.28,3,76,3,-3.63,-3.63
Felix Doubront,1478,P,120.0,,,,,,4.27,1.38,6,95,0,-3.63,-3.63
Brandon Morrow,9346,P,93.0,,,,,,3.87,1.28,4,83,0,-3.63,1.15
Yimi Garcia,12095,P,55.0,,,,,,2.95,1.09,3,62,1,-3.54,-3.54
Blake Snell,sa597786,P,84.0,,,,,,4.07,1.39,6,82,0,-3.48,2.77
Mike Foltynewicz,10811,P,112.0,,,,,,4.34,1.39,5,105,0,-3.47,-0.77
Jarred Cosart,10304,P,130.0,,,,,,4.02,1.42,7,93,0,-3.35,-2.1
Adam Conley,14457,P,111.0,,,,,,3.97,1.35,6,85,0,-3.35,-0.5
Justin Grimm,11720,P,55.0,,,,,,2.95,1.18,4,65,0,-3.34,-3.34
David Phelps,6316,P,102.0,,,,,,3.88,1.31,5,82,1,-3.34,-3.34
Lucas Giolito,sa657908,P,94.0,,,,,,4.02,1.32,5,87,0,-3.26,1.61
David Hernandez,4259,P,65.0,,,,,,3.88,1.26,4,69,6,-3.12,-3.12
Addison Reed,10586,P,65.0,,,,,,3.46,1.23,4,65,5,-3.05,-3.05
Miguel Gonzalez,7024,P,139.0,,,,,,4.66,1.37,8,100,0,-3.05,-2.39
Tony Watson,3132,P,65.0,,,,,,2.91,1.12,4,60,1,-3.03,-3.03
Hunter Strickland,7836,P,55.0,,,,,,2.62,1.04,3,61,2,-2.88,-2.88
Chris Heston,10302,P,101.0,,,,,,3.74,1.3,6,78,0,-2.84,-2.84
Jonathan Gray,14916,P,113.0,,,,,,4.38,1.38,7,98,0,-2.72,0.14
Erasmo Ramirez,10314,P,120.0,,,,,,4.12,1.28,6,90,0,-2.63,-0.43
Charlie Morton,4676,P,121.0,,,,,,4.09,1.34,6,99,0,-2.53,-0.39
Daniel Hudson,7146,P,65.0,,,,,,3.32,1.22,3,67,9,-2.53,-2.53
Kevin Siegrist,8180,P,65.0,,,,,,3.05,1.23,4,78,1,-2.44,-2.44
Matt Cain,4732,P,110.0,,,,,,4.01,1.27,6,87,0,-2.41,0.87
Juan Nicasio,7731,P,110.0,,,,,,3.93,1.34,6,94,0,-2.41,-2.41
Tommy Milone,7608,P,130.0,,,,,,4.36,1.32,7,99,0,-2.39,-1.0
Wily Peralta,7738,P,170.0,,,,,,4.55,1.41,9,119,0,-2.39,-3.45
Aaron Sanchez,11490,P,128.0,,,,,,4.15,1.45,9,97,0,-2.33,-2.33
Chris Hatcher,3299,P,65.0,,,,,,3.18,1.15,4,70,3,-2.32,-2.32
Danny Duffy,3542,P,93.0,,,,,,3.58,1.27,6,78,0,-2.28,-2.28
Mike Dunn,9948,P,65.0,,,,,,3.32,1.25,5,74,2,-2.27,-2.27
CC Sabathia,404,P,133.0,,,,,,4.53,1.34,7,109,0,-2.2,-1.02
C.J. Wilson,3580,P,117.0,,,,,,4.08,1.35,7,97,0,-2.08,0.57
Matthew Wisler,12804,P,132.0,,,,,,4.3,1.33,7,103,0,-2.04,-0.75
Tim Lincecum,5705,P,139.0,,,,,,4.4,1.4,8,112,0,-2.0,-1.25
Brett Cecil,2660,P,55.0,,,,,,2.95,1.15,5,67,2,-1.99,-1.99
Kris Medlen,9417,P,140.0,,,,,,4.24,1.32,8,96,0,-1.96,-1.28
Martin Perez,6902,P,139.0,,,,,,4.21,1.37,9,95,0,-1.92,-1.16
Kyle Lohse,739,P,162.0,,,,,,4.5,1.31,8,109,0,-1.91,-2.62
Jeff Locke,2929,P,129.0,,,,,,3.98,1.35,7,100,0,-1.9,-1.9
Jon Niese,4424,P,153.0,,,,,,4.06,1.35,8,100,0,-1.89,-2.08
Jerad Eickhoff,12664,P,130.0,,,,,,4.36,1.33,6,115,0,-1.88,-0.41
Arodys Vizcaino,5498,P,65.0,,,,,,3.18,1.22,3,72,10,-1.83,-1.83
Darren O'Day,3321,P,65.0,,,,,,3.05,1.12,4,70,4,-1.81,-1.81
Matt Garza,3340,P,164.0,,,,,,4.5,1.37,8,124,0,-1.69,-2.52
Shawn Kelley,7773,P,65.0,,,,,,3.05,1.17,4,76,4,-1.64,-1.64
Colby Lewis,1259,P,165.0,,,,,,4.75,1.35,10,113,0,-1.56,-2.46
Luke Gregerson,4090,P,65.0,,,,,,3.32,1.15,5,61,8,-1.55,-1.55
Joe Kelly,9761,P,133.0,,,,,,4.13,1.38,8,107,0,-1.53,-1.53
Chase Anderson,6895,P,136.0,,,,,,4.3,1.33,7,113,0,-1.43,-0.4
Mat Latos,3815,P,150.0,,,,,,4.5,1.36,8,120,0,-1.42,-1.42
Joaquin Benoit,1437,P,65.0,,,,,,3.32,1.17,4,65,11,-1.39,-1.39
Yovani Gallardo,8173,P,176.0,,,,,,4.4,1.41,11,115,0,-1.31,-2.8
Matt Shoemaker,4776,P,104.0,,,,,,3.81,1.2,6,88,0,-1.27,-1.27
Taylor Jungmann,13119,P,130.0,,,,,,4.29,1.39,8,116,0,-1.17,0.41
Pedro Strop,4070,P,65.0,,,,,,2.91,1.15,5,76,2,-1.17,-1.17
Chad Bettis,10587,P,151.0,,,,,,4.47,1.4,9,123,0,-1.15,-1.22
Roberto Osuna,13764,P,65.0,,,,,,3.18,1.15,4,73,8,-1.13,-1.13
Jered Weaver,4235,P,167.0,,,,,,4.42,1.3,9,107,0,-1.12,-2.17
Chris Bassitt,12304,P,140.0,,,,,,4.05,1.35,8,109,0,-0.96,-0.21
Doug Fister,9425,P,163.0,,,,,,4.25,1.31,9,106,0,-0.94,-1.77
Tanner Roark,8753,P,132.0,,,,,,3.89,1.27,8,91,0,-0.81,0.64
Tom Koehler,6570,P,171.0,,,,,,4.26,1.39,9,126,0,-0.77,-2.08
Rubby de la Rosa,3862,P,141.0,,,,,,4.21,1.33,8,114,0,-0.7,-0.01
Nate Karns,12638,P,130.0,,,,,,4.22,1.32,7,122,0,-0.36,1.34
Mark Buehrle,225,P,202.0,,,,,,4.28,1.32,11,111,0,-0.33,-3.19
Edinson Volquez,3990,P,161.0,,,,,,4.19,1.36,9,121,0,-0.33,-1.08
Koji Uehara,9227,P,65.0,,,,,,3.05,1.08,6,71,4,-0.2,-0.2
Jesse Hahn,13287,P,163.0,,,,,,4.09,1.34,9,117,0,-0.18,-1.08
Drew Pomeranz,11426,P,93.0,,,,,,3.29,1.23,5,99,2,-0.15,-0.15
Josh Tomlin,9388,P,123.0,,,,,,4.1,1.2,7,101,0,-0.13,2.35
Joe Ross,12972,P,121.0,,,,,,3.87,1.27,8,100,0,-0.06,2.67
Matt Moore,1890,P,129.0,,,,,,4.12,1.34,8,119,0,0.03,1.9
Brad Ziegler,7293,P,65.0,,,,,,3.46,1.29,3,43,35,0.03,0.03
Kyle Gibson,10123,P,172.0,,,,,,4.19,1.36,10,121,0,0.05,-1.42
Homer Bailey,8362,P,131.0,,,,,,3.92,1.25,7,109,0,0.06,1.73
Sergio Romo,9817,P,65.0,,,,,,2.77,1.08,5,67,9,0.08,0.08
Bartolo Colon,375,P,143.0,,,,,,3.97,1.21,8,97,0,0.12,0.12
Kevin Gausman,14107,P,131.0,,,,,,3.98,1.3,8,111,0,0.15,1.84
Eduardo Rodriguez,13164,P,121.0,,,,,,3.94,1.3,9,100,0,0.16,2.94
Adam Warren,9029,P,106.0,,,,,,3.23,1.2,6,95,0,0.18,0.18
Jesse Chavez,5448,P,122.0,,,,,,3.91,1.25,7,109,0,0.23,0.23
Derek Holland,4141,P,150.0,,,,,,4.2,1.31,8,126,0,0.34,0.34
Jeremy Hellickson,4371,P,159.0,,,,,,4.36,1.31,8,133,0,0.43,-0.25
Brandon Finnegan,16208,P,110.0,,,,,,3.68,1.28,7,111,0,0.48,0.48
Jaime Garcia,8137,P,114.0,,,,,,3.39,1.23,8,90,0,0.5,4.26
Dellin Betances,6216,P,65.0,,,,,,2.35,1.05,4,96,1,0.72,0.72
Danny Farquhar,8501,P,65.0,,,,,,3.46,1.22,3,66,27,0.73,0.73
Ubaldo Jimenez,3374,P,157.0,,,,,,4.24,1.38,9,139,0,0.82,0.27
Wade Miley,8779,P,175.0,,,,,,4.11,1.35,9,138,0,1.03,-0.75
Andrew Bailey,1368,P,65.0,,,,,,4.15,1.28,3,71,32,1.07,1.07
Jorge de la Rosa,2047,P,177.0,,,,,,4.32,1.4,11,141,0,1.08,-0.83
Nathan Eovaldi,9132,P,152.0,,,,,,4.09,1.31,9,125,0,1.16,0.99
Steve Cishek,6483,P,65.0,,,,,,3.74,1.31,4,62,32,1.2,1.2
Ervin Santana,3200,P,191.0,,,,,,4.43,1.36,11,142,0,1.27,-1.46
Vincent Velasquez,11189,P,114.0,,,,,,3.71,1.26,6,130,0,1.43,1.43
Jeremy Jeffress,9490,P,65.0,,,,,,3.32,1.29,3,63,34,1.51,1.51
Robbie Ray,11486,P,129.0,,,,,,3.84,1.33,9,124,0,1.65,3.78
Chris Tillman,5279,P,192.0,,,,,,4.36,1.35,11,144,0,1.71,-1.17
Jason Hammel,4538,P,130.0,,,,,,3.88,1.22,8,116,0,1.76,3.79
Fernando Rodney,494,P,65.0,,,,,,3.74,1.31,4,65,34,1.81,1.81
Trevor Bauer,12703,P,159.0,,,,,,4.25,1.36,9,152,0,1.92,1.17
J.A. Happ,7410,P,148.0,,,,,,4.14,1.3,10,125,0,1.92,2.1
Drew Storen,6983,P,65.0,,,,,,3.18,1.15,3,66,30,1.94,1.94
Rich Hill,4806,P,153.0,,,,,,4.18,1.4,10,148,0,2.05,1.79
Marco Estrada,1118,P,163.0,,,,,,4.2,1.26,10,124,0,2.06,0.98
Andrew Heaney,15423,P,151.0,,,,,,3.81,1.26,9,121,0,2.08,1.99
R.A. Dickey,1245,P,204.0,,,,,,4.32,1.32,12,137,0,2.09,-1.49
Lance McCullers,14120,P,130.0,,,,,,3.74,1.32,8,133,0,2.1,4.18
Kyle Hendricks,12049,P,139.0,,,,,,3.56,1.21,8,112,0,2.11,3.18
Huston Street,8258,P,65.0,,,,,,3.6,1.22,3,58,38,2.11,2.11
Francisco Rodriguez,1642,P,65.0,,,,,,3.6,1.18,3,61,36,2.14,2.14
J.J. Hoover,9037,P,65.0,,,,,,3.88,1.31,4,64,38,2.38,2.38
Hector Santiago,4026,P,168.0,,,,,,3.91,1.33,9,143,0,2.39,0.91
John Lamb,8493,P,131.0,,,,,,3.85,1.27,8,135,0,2.54,4.57
Andrew Miller,6785,P,65.0,,,,,,2.35,1.0,4,99,8,2.58,2.58
Jason Grilli,521,P,65.0,,,,,,2.91,1.14,5,76,21,2.59,2.59
Glen Perkins,8041,P,65.0,,,,,,3.32,1.17,3,66,35,2.68,2.68
Bud Norris,9492,P,161.0,,,,,,4.08,1.29,9,144,0,2.74,1.77
Rick Porcello,2717,P,160.0,,,,,,3.99,1.26,11,122,0,2.96,2.06
Santiago Casilla,2873,P,65.0,,,,,,3.05,1.2,4,58,36,2.96,2.96
Ian Kennedy,6986,P,180.0,,,,,,4.35,1.31,10,156,0,2.98,0.57
Jake McGee,7550,P,65.0,,,,,,3.18,1.15,4,74,29,2.99,2.99
Jake Peavy,1051,P,152.0,,,,,,3.61,1.22,9,120,0,3.12,2.92
Shawn Tolleson,10481,P,65.0,,,,,,3.46,1.2,4,67,36,3.27,3.27
Alex Wood,13781,P,161.0,,,,,,3.75,1.27,10,130,0,3.34,3.34
Mike Fiers,7754,P,150.0,,,,,,3.96,1.25,9,138,0,3.35,3.35
Andrew Cashner,8782,P,175.0,,,,,,3.86,1.28,9,146,0,3.42,1.3
Mike Leake,10130,P,201.0,,,,,,3.9,1.28,12,132,0,3.75,-0.11
Jonathan Papelbon,5975,P,65.0,,,,,,3.32,1.17,4,56,42,3.89,3.89
Luis Severino,15890,P,149.0,,,,,,3.81,1.26,10,137,0,4.02,4.13
Jimmy Nelson,10547,P,183.0,,,,,,4.08,1.33,11,160,0,4.16,1.35
Zach Britton,3240,P,65.0,,,,,,2.63,1.11,4,69,33,4.17,4.17
Ken Giles,12910,P,65.0,,,,,,2.91,1.17,4,78,33,4.23,4.23
Aaron Nola,16149,P,176.0,,,,,,3.99,1.23,9,151,0,4.34,2.01
A.J. Ramos,8350,P,65.0,,,,,,3.05,1.23,4,75,39,4.65,4.65
Sean Doolittle,1581,P,65.0,,,,,,3.05,1.08,4,73,35,4.67,4.67
Phil Hughes,7450,P,194.0,,,,,,4.18,1.22,12,140,0,4.91,1.2
Patrick Corbin,9323,P,160.0,,,,,,3.6,1.22,10,136,0,4.96,3.94
Shelby Miller,10197,P,183.0,,,,,,3.84,1.29,11,153,0,5.01,2.04
Clay Buchholz,3543,P,168.0,,,,,,3.8,1.26,11,144,0,5.02,3.26
Mark Melancon,4264,P,65.0,,,,,,2.63,1.09,4,59,41,5.04,5.04
Hector Rondon,2391,P,65.0,,,,,,3.05,1.15,4,65,43,5.13,5.13
Carlos Rodon,16137,P,168.0,,,,,,3.96,1.33,10,174,0,5.19,3.4
Jeurys Familia,5114,P,65.0,,,,,,2.77,1.12,3,71,42,5.21,5.21
Anibal Sanchez,3284,P,166.0,,,,,,3.9,1.25,11,147,0,5.27,3.66
Anthony DeSclafani,13050,P,188.0,,,,,,3.93,1.27,11,155,0,5.29,1.9
Drew Smyly,11760,P,141.0,,,,,,3.45,1.18,9,140,0,5.54,6.62
Yu Darvish,13074,P,132.0,,,,,,3.48,1.22,9,151,0,5.77,8.11
Taijuan Walker,11836,P,181.0,,,,,,4.03,1.24,10,167,0,5.79,2.84
Raisel Iglesias,17130,P,168.0,,,,,,3.7,1.22,9,162,0,6.06,4.19
Cody Allen,12183,P,65.0,,,,,,2.77,1.12,4,84,38,6.07,6.07
Aroldis Chapman,10233,P,55.0,,,,,,2.29,1.09,4,87,35,6.08,6.08
Jake Odorizzi,6397,P,161.0,,,,,,3.58,1.2,10,148,0,6.24,5.03
Craig Kimbrel,6655,P,65.0,,,,,,2.63,1.11,4,87,37,6.33,6.33
Hisashi Iwakuma,13048,P,169.0,,,,,,3.62,1.14,10,140,0,6.42,4.41
Gio Gonzalez,7448,P,170.0,,,,,,3.6,1.29,11,163,0,6.44,4.33
David Robertson,8241,P,65.0,,,,,,2.91,1.08,5,84,36,6.47,6.47
Trevor Rosenthal,10745,P,65.0,,,,,,2.63,1.15,4,82,42,6.62,6.62
Jordan Zimmermann,4505,P,199.0,,,,,,3.93,1.23,13,149,0,6.68,2.22
Wade Davis,7441,P,65.0,,,,,,2.49,1.08,5,79,38,6.85,6.85
Michael Pineda,5372,P,153.0,,,,,,3.59,1.14,11,137,0,6.88,6.52
Yordano Ventura,11855,P,172.0,,,,,,3.61,1.27,12,159,0,7.05,4.69
Scott Kazmir,4897,P,162.0,,,,,,3.44,1.18,10,152,0,7.15,5.77
Steven Matz,13361,P,159.0,,,,,,3.45,1.23,11,155,0,7.27,6.21
Michael Wacha,14078,P,174.0,,,,,,3.62,1.24,12,155,0,7.32,4.73
John Lackey,1507,P,176.0,,,,,,3.53,1.19,11,150,0,7.33,4.56
Jose Quintana,11423,P,203.0,,,,,,3.72,1.24,11,172,0,7.47,2.54
Collin McHugh,7531,P,185.0,,,,,,3.75,1.22,12,159,0,7.5,3.92
Justin Verlander,8700,P,195.0,,,,,,3.83,1.25,13,164,0,7.69,3.27
Marcus Stroman,13431,P,186.0,,,,,,3.73,1.22,13,156,0,7.97,4.21
Carlos Martinez,11682,P,170.0,,,,,,3.39,1.26,12,166,0,8.37,6.04
Julio Teheran,6797,P,205.0,,,,,,3.73,1.24,12,181,0,8.81,3.38
Kenley Jansen,3096,P,65.0,,,,,,2.35,0.97,4,91,44,9.09,9.09
James Shields,7059,P,207.0,,,,,,3.65,1.23,10,197,0,9.14,3.47
Cole Hamels,4972,P,212.0,,,,,,3.74,1.23,12,187,0,9.37,3.29
Wei-Yin Chen,13071,P,196.0,,,,,,3.31,1.17,12,159,0,9.56,4.63
Kenta Maeda,18498,P,185.0,,,,,,3.36,1.17,12,165,0,9.92,5.88
Sonny Gray,12768,P,212.0,,,,,,3.48,1.24,13,178,0,9.98,3.71
Garrett Richards,9784,P,195.0,,,,,,3.37,1.23,13,175,0,10.19,5.2
Tyson Ross,7872,P,188.0,,,,,,3.35,1.26,12,190,0,10.23,5.85
Masahiro Tanaka,15764,P,185.0,,,,,,3.6,1.13,12,172,0,10.49,6.34
Adam Wainwright,2233,P,195.0,,,,,,3.32,1.17,14,156,0,10.52,5.45
Francisco Liriano,3201,P,184.0,,,,,,3.28,1.23,12,192,0,11.06,6.9
Jeff Samardzija,3254,P,202.0,,,,,,3.34,1.15,12,177,0,11.36,5.49
Danny Salazar,5867,P,173.0,,,,,,3.43,1.16,12,185,0,11.39,8.36
Chris Archer,6345,P,196.0,,,,,,3.21,1.18,13,204,0,13.72,7.82
Dallas Keuchel,9434,P,217.0,,,,,,3.15,1.18,15,188,0,14.25,6.32
Noah Syndergaard,11762,P,182.0,,,,,,3.12,1.1,12,203,0,14.54,9.97
Jose Fernandez,11530,P,173.0,,,,,,2.76,1.09,11,203,0,14.94,11.43
Gerrit Cole,13125,P,206.0,,,,,,3.19,1.16,15,197,0,15.13,7.91
Johnny Cueto,6893,P,216.0,,,,,,3.0,1.12,15,187,0,15.74,7.44
Matt Harvey,11713,P,209.0,,,,,,3.01,1.09,13,204,0,16.23,8.42
Jacob deGrom,10954,P,202.0,,,,,,2.99,1.12,14,210,0,16.74,9.49
Carlos Carrasco,6632,P,192.0,,,,,,3.09,1.09,14,210,0,16.74,10.58
Jon Lester,4930,P,210.0,,,,,,3.09,1.12,15,207,0,16.96,8.85
Zack Greinke,1943,P,212.0,,,,,,2.93,1.1,15,196,0,17.01,8.69
Stephen Strasburg,10131,P,182.0,,,,,,2.92,1.07,14,208,0,17.26,12.21
Felix Hernandez,4772,P,224.0,,,,,,3.17,1.13,15,220,0,17.57,7.99
David Price,3184,P,213.0,,,,,,3.17,1.1,15,216,0,17.76,9.13
Corey Kluber,2429,P,216.0,,,,,,3.12,1.09,15,228,0,19.08,9.76
Jake Arrieta,4153,P,206.0,,,,,,2.75,1.08,16,215,0,19.93,11.4
Max Scherzer,3137,P,211.0,,,,,,2.69,1.04,15,249,0,22.92,12.99
Madison Bumgarner,5524,P,226.0,,,,,,2.71,1.05,17,233,0,23.16,11.53
Chris Sale,10603,P,227.0,,,,,,2.89,1.04,16,277,0,25.54,13.0
Clayton Kershaw,2036,P,222.0,,,,,,2.07,0.94,18,273,0,31.12,17.31
