"Name","Team","PA","BB%","K%","BB/K","SB","OBP","SLG","OPS","ISO","Spd","BABIP","wRC","wRAA","wOBA","wRC+","playerid"
"DJ LeMahieu","Rockies","1","0.0 %","0.0 %","0.00","0","1.000","3.000","4.000","2.000","2.6","1.000","1","1.0","1.594","958","9874"
"Jerry Hairston","Dodgers","1","0.0 %","0.0 %","0.00","0","1.000","3.000","4.000","2.000","2.6","1.000","1","1.0","1.593","961","144"
"Alfredo Marte","Diamondbacks","1","0.0 %","0.0 %","0.00","0","1.000","2.000","3.000","1.000","0.1","1.000","1","0.7","1.271","760","5212"
"Jorge Posada","Yankees","1","0.0 %","0.0 %","0.00","0","1.000","2.000","3.000","1.000","0.1","1.000","1","0.8","1.270","742","841"
"Humberto Quintero","Royals","1","0.0 %","0.0 %","0.00","0","1.000","2.000","3.000","1.000","0.1","1.000","1","0.8","1.257","744","1824"
"Taylor Teagarden","Orioles","1","0.0 %","0.0 %","0.00","0","1.000","2.000","3.000","1.000","0.1","1.000","1","0.8","1.257","743","5199"
"Domingo Santana","Astros","1","0.0 %","0.0 %","0.00","0","1.000","2.000","3.000","1.000","0.1","1.000","1","0.8","1.256","748","10348"
"David Buchanan","Phillies","1","0.0 %","0.0 %","0.00","0","1.000","2.000","3.000","1.000","0.1","1.000","1","0.8","1.256","743","11176"
"Socrates Brito","Diamondbacks","1","0.0 %","0.0 %","0.00","0","1.000","2.000","3.000","1.000","0.1","1.000","1","0.8","1.256","739","12944"
"Anthony DeSclafani","Reds","1","0.0 %","0.0 %","0.00","0","1.000","2.000","3.000","1.000","0.1","1.000","1","0.8","1.256","741","13050"
"Jeff Baker","Marlins","2","0.0 %","0.0 %","0.00","0","1.000","1.500","2.500",".500","0.1","1.000","1","1.2","1.074","618","2073"
"Delino DeShields","Rangers","2","0.0 %","0.0 %","0.00","0","1.000","1.500","2.500",".500","0.1","1.000","1","1.2","1.069","612","11379"
"Lars Anderson","Red Sox","1","0.0 %","0.0 %","0.00","0","1.000","1.000","2.000",".000","0.1","1.000","1","0.5",".895","483","9018"
"Ramon Santiago","Reds","1","0.0 %","0.0 %","0.00","0","1.000","1.000","2.000",".000","0.1","1.000","1","0.4",".892","491","1417"
"Gerald Laird","Braves","1","0.0 %","0.0 %","0.00","0","1.000","1.000","2.000",".000","0.1","1.000","1","0.4",".892","494","1698"
"Jose Reyes","Blue Jays","1","0.0 %","0.0 %","0.00","0","1.000","1.000","2.000",".000","0.1","1.000","1","0.4",".892","502","1736"
"Chris Denorfia","Padres","1","0.0 %","0.0 %","0.00","0","1.000","1.000","2.000",".000","0.1","1.000","1","0.4",".892","498","4400"
"Logan Watkins","Cubs","1","0.0 %","0.0 %","0.00","0","1.000","1.000","2.000",".000","0.1","1.000","1","0.4",".892","493","4875"
"Michael McKenry","Rockies","1","0.0 %","0.0 %","0.00","0","1.000","1.000","2.000",".000","0.1","1.000","1","0.4",".892","476","9628"
"Christian Vazquez","Red Sox","1","0.0 %","0.0 %","0.00","0","1.000","1.000","2.000",".000","0.1","1.000","1","0.4",".892","499","9774"
"Max Stassi","Astros","1","0.0 %","0.0 %","0.00","0","1.000","1.000","2.000",".000","0.1","1.000","1","0.4",".892","503","10059"
"Bryce Brentz","Red Sox","1","0.0 %","0.0 %","0.00","0","1.000","1.000","2.000",".000","0.1","1.000","1","0.4",".892","499","10607"
"Michael Choice","Rangers","1","0.0 %","0.0 %","0.00","0","1.000","1.000","2.000",".000","0.1","1.000","1","0.4",".892","497","11376"
"Ryan Langerhans","Mariners","1","0.0 %","0.0 %","0.00","0","1.000","1.000","2.000",".000","0.1","1.000","1","0.5",".890","493","98"
"Ichiro Suzuki","Mariners","1","0.0 %","0.0 %","0.00","0","1.000","1.000","2.000",".000","0.1","1.000","1","0.5",".890","493","1101"
"Rob Johnson","Padres","1","0.0 %","0.0 %","0.00","0","1.000","1.000","2.000",".000","0.1","1.000","1","0.5",".890","498","8029"
"Pete Orr","Phillies","1","0.0 %","0.0 %","0.00","0","1.000","1.000","2.000",".000","0.1","1.000","1","0.4",".888","497","2748"
"Clete Thomas","Twins","1","0.0 %","0.0 %","0.00","0","1.000","1.000","2.000",".000","0.1","1.000","1","0.4",".888","491","3373"
"Jaff Decker","Padres","1","0.0 %","0.0 %","0.00","0","1.000","1.000","2.000",".000","0.1","1.000","1","0.4",".888","502","7945"
"Yadier Molina","Cardinals","3","0.0 %","0.0 %","0.00","0","1.000","1.000","2.000",".000","0.1","1.000","2","1.4",".886","485","7007"
"Andy Dirks","Tigers","1","0.0 %","0.0 %","0.00","0","1.000","1.000","2.000",".000","0.1","1.000","1","0.5",".884","486","6453"
"Brandon Snyder","Rangers","1","0.0 %","0.0 %","0.00","0","1.000","1.000","2.000",".000","0.1","1.000","1","0.5",".884","482","9856"
"Rafael Ynoa","Rockies","1","0.0 %","0.0 %","0.00","0","1.000","1.000","2.000",".000","0.1","1.000","1","0.5",".881","469","2832"
"Josh Harrison","Pirates","1","0.0 %","0.0 %","0.00","0","1.000","1.000","2.000",".000","0.1","1.000","1","0.5",".881","489","8202"
"Ramon Cabrera","Reds","1","0.0 %","0.0 %","0.00","0","1.000","1.000","2.000",".000","0.1","1.000","1","0.5",".881","483","10327"
"Ryan Strausborger","Rangers","1","0.0 %","0.0 %","0.00","0","1.000","1.000","2.000",".000","0.1","1.000","1","0.5",".881","483","10937"
"Steven Moya","Tigers","1","0.0 %","0.0 %","0.00","0","1.000","1.000","2.000",".000","0.1","1.000","1","0.5",".881","488","11854"
"Hanser Alberto","Rangers","1","0.0 %","0.0 %","0.00","0","1.000","1.000","2.000",".000","0.1","1.000","1","0.5",".881","483","11902"
"Max Kepler","Twins","1","0.0 %","0.0 %","0.00","0","1.000","1.000","2.000",".000","0.1","1.000","1","0.5",".881","488","12144"
"Addison Russell","Cubs","1","0.0 %","0.0 %","0.00","0","1.000","1.000","2.000",".000","0.1","1.000","1","0.5",".881","486","14106"
"Tommy La Stella","- - -","4","0.0 %","0.0 %","0.00","0",".750","1.250","2.000",".500","0.1",".750","2","1.7",".855","469","12371"
"Craig Gentry","Rangers","2","0.0 %","0.0 %","0.00","0",".500","1.500","2.000","1.000","2.6",".500","1","0.8",".808","431","9571"
"Joaquin Arias","Giants","3","0.0 %","0.0 %","0.00","0",".667","1.000","1.667",".333","0.1",".667","1","0.9",".725","389","3817"
"Howie Kendrick","Angels","3","0.0 %","0.0 %","0.00","0",".667","1.000","1.667",".333","0.1",".667","1","1.0",".725","392","4229"
"Danny Santana","Twins","4","0.0 %","0.0 %","0.00","0",".750",".750","1.500",".000","0.1",".750","2","1.1",".669","352","10322"
"Jack Hannahan","- - -","4","0.0 %","0.0 %","0.00","0",".750",".750","1.500",".000","0.1",".750","2","1.1",".668","344","3692"
"James McCann","Tigers","4","0.0 %","0.0 %","0.00","0",".750",".750","1.500",".000","0.1",".750","2","1.1",".661","336","12859"
"Kevin Kouzmanoff","Rangers","6","0.0 %","0.0 %","0.00","0",".667",".833","1.500",".167","0.1",".667","2","1.6",".660","335","5995"
"Justin Turner","Dodgers","6","0.0 %","0.0 %","0.00","0",".667",".833","1.500",".167","0.1",".667","2","1.6",".658","337","5235"
"Chris Johnson","- - -","10","0.0 %","0.0 %","0.00","0",".700",".800","1.500",".100","0.1",".700","4","2.7",".657","333","1191"
"Chris Owings","Diamondbacks","6","0.0 %","0.0 %","0.00","0",".667",".833","1.500",".167","0.1",".667","2","1.6",".653","326","10030"
"Jeff Mathis","- - -","2","0.0 %","0.0 %","0.00","0",".500","1.000","1.500",".500","0.1",".500","1","0.5",".629","321","3448"
"Peter O'Brien","Diamondbacks","2","0.0 %","0.0 %","0.00","0",".500","1.000","1.500",".500","0.1",".500","1","0.5",".628","308","13288"
"Joe Panik","Giants","12","0.0 %","0.0 %","0.00","0",".667",".750","1.417",".083","0.1",".667","4","2.9",".619","313","11936"
"Sean Rodriguez","- - -","5","0.0 %","0.0 %","0.00","0",".600",".800","1.400",".200","0.1",".600","2","1.1",".613","316","6589"
"Nate Freiman","Athletics","5","0.0 %","0.0 %","0.00","0",".600",".800","1.400",".200","0.1",".600","2","1.2",".612","310","6582"
"Abraham Almonte","- - -","3","0.0 %","0.0 %","0.00","0",".667",".667","1.333",".000","0.1",".667","1","0.6",".591","290","5486"
"Rod Barajas","Pirates","3","0.0 %","0.0 %","0.00","0",".667",".667","1.333",".000","0.1",".667","1","0.7",".589","283","45"
"Adam Duvall","- - -","3","0.0 %","0.0 %","0.00","0",".667",".667","1.333",".000","0.1",".667","1","0.7",".587","289","10950"
"Jarrett Parker","Giants","3","0.0 %","0.0 %","0.00","0",".667",".667","1.333",".000","0.1",".667","1","0.7",".587","292","11624"
"Jordy Mercer","Pirates","6","0.0 %","0.0 %","0.00","0",".500",".833","1.333",".333","0.1",".500","2","1.2",".570","277","6547"
"Brad Hawpe","- - -","7","0.0 %","0.0 %","0.00","0",".571",".714","1.286",".143","0.1",".571","2","1.4",".563","277","1885"
"Erick Aybar","Angels","7","0.0 %","0.0 %","0.00","0",".571",".714","1.286",".143","0.1",".571","2","1.4",".561","277","4082"
"Nolan Reimold","- - -","14","0.0 %","0.0 %","0.00","0",".571",".714","1.286",".143","0.1",".571","4","2.8",".559","265","3441"
"Shane Peterson","Brewers","7","0.0 %","0.0 %","0.00","0",".571",".714","1.286",".143","0.1",".571","2","1.4",".557","260","7423"
"Brandon Guyer","Rays","4","0.0 %","0.0 %","0.00","0",".500",".750","1.250",".250","0.1",".500","1","0.7",".544","268","2636"
"Mike Jacobs","Diamondbacks","4","0.0 %","0.0 %","0.00","0",".500",".750","1.250",".250","0.1",".500","1","0.7",".535","240","2231"
"Mookie Betts","Red Sox","8","0.0 %","0.0 %","0.00","0",".500",".750","1.250",".250","0.1",".500","2","1.4",".534","245","13611"
"Greg Dobbs","- - -","5","0.0 %","0.0 %","0.00","0",".600",".600","1.200",".000","0.1",".600","1","0.8",".533","250","2158"
"Kelly Shoppach","- - -","5","0.0 %","0.0 %","0.00","0",".600",".600","1.200",".000","0.1",".600","1","0.9",".532","247","3867"
"Ehire Adrianza","Giants","3","0.0 %","0.0 %","0.00","0",".333","1.000","1.333",".667","2.6",".333","1","0.5",".531","253","8418"
"Jesus Montero","Mariners","10","0.0 %","0.0 %","0.00","0",".500",".700","1.200",".200","0.1",".500","3","1.6",".516","241","5514"
"Tucker Barnhart","Reds","11","0.0 %","0.0 %","0.00","0",".545",".636","1.182",".091","0.1",".545","3","1.8",".515","232","10200"
"Chris Colabello","- - -","18","0.0 %","0.0 %","0.00","0",".556",".611","1.167",".056","0.1",".556","5","2.8",".511","233","13051"
"Jake Marisnick","- - -","6","0.0 %","0.0 %","0.00","0",".500",".667","1.167",".167","0.1",".500","2","0.9",".507","236","11339"
"Christian Yelich","Marlins","7","0.0 %","0.0 %","0.00","0",".571",".571","1.143",".000","0.1",".571","2","1.1",".505","232","11477"
"Vladimir Guerrero","- - -","8","0.0 %","0.0 %","0.00","0",".500",".625","1.125",".125","0.1",".500","2","1.1",".494","211","778"
"Kurt Suzuki","Twins","13","0.0 %","0.0 %","0.00","0",".462",".692","1.154",".231","0.1",".462","3","1.9",".493","223","8259"
"Justin Ruggiano","- - -","8","0.0 %","0.0 %","0.00","0",".500",".625","1.125",".125","0.1",".500","2","1.1",".490","218","7620"
"Odubel Herrera","Phillies","9","0.0 %","0.0 %","0.00","0",".500",".625","1.125",".125","0.1",".500","2","1.3",".487","216","11476"
"Aaron Hicks","Twins","10","0.0 %","0.0 %","0.00","0",".500",".600","1.100",".100","0.1",".500","2","1.3",".481","213","5297"
"Michael Conforto","Mets","26","0.0 %","0.0 %","0.00","0",".462",".654","1.115",".192","0.1",".462","6","3.4",".479","215","16376"
"Anthony Rendon","Nationals","9","0.0 %","0.0 %","0.00","0",".444",".667","1.111",".222","0.1",".444","2","1.2",".476","208","12861"
"Eddie Rosario","Twins","24","0.0 %","0.0 %","0.00","0",".375",".783","1.158",".391","2.6",".375","6","2.9",".466","202","12155"
"Yasiel Puig","Dodgers","25","0.0 %","0.0 %","0.00","0",".440",".640","1.080",".200","2.6",".440","6","3.0",".466","207","14225"
"Angel Pagan","Giants","18","0.0 %","0.0 %","0.00","0",".500",".556","1.056",".056","0.1",".500","4","2.1",".461","205","2918"
"Chipper Jones","Braves","21","0.0 %","0.0 %","0.00","0",".476",".571","1.048",".095","0.1",".476","5","2.4",".458","193","97"
"Miguel Sano","Twins","16","0.0 %","0.0 %","0.00","0",".438",".625","1.063",".188","0.1",".438","4","1.8",".456","195","12164"
"Matt Holliday","Cardinals","34","0.0 %","0.0 %","0.00","0",".471",".559","1.029",".088","0.1",".471","7","3.7",".453","195","1873"
"Derek Norris","- - -","38","0.0 %","0.0 %","0.00","0",".447",".579","1.026",".132","0.1",".447","8","4.0",".449","198","6867"
"Garret Anderson","Dodgers","2","0.0 %","0.0 %","0.00","0",".500",".500","1.000",".000","0.1",".500","0","0.2",".448","185","2"
"Peter Bourjos","- - -","2","0.0 %","0.0 %","0.00","0",".500",".500","1.000",".000","0.1",".500","0","0.2",".446","197","2578"
"Jerry Sands","Rays","2","0.0 %","0.0 %","0.00","0",".500",".500","1.000",".000","0.1",".500","0","0.2",".446","196","4016"
"Moises Sierra","- - -","4","0.0 %","0.0 %","0.00","0",".500",".500","1.000",".000","0.1",".500","1","0.4",".446","196","6050"
"Michael Bourn","- - -","8","0.0 %","0.0 %","0.00","0",".500",".500","1.000",".000","0.1",".500","2","0.8",".446","197","6387"
"Chris Dickerson","Indians","4","0.0 %","0.0 %","0.00","0",".500",".500","1.000",".000","0.1",".500","1","0.4",".446","193","7095"
"Chris Taylor","Mariners","2","0.0 %","0.0 %","0.00","0",".500",".500","1.000",".000","0.1",".500","0","0.2",".446","204","13757"
"Tony Cruz","Cardinals","4","0.0 %","0.0 %","0.00","0",".500",".500","1.000",".000","0.1",".500","1","0.4",".445","190","2802"
"Gaby Sanchez","- - -","2","0.0 %","0.0 %","0.00","0",".500",".500","1.000",".000","0.1",".500","0","0.2",".445","195","3361"
"George Kottaras","- - -","6","0.0 %","0.0 %","0.00","0",".500",".500","1.000",".000","0.1",".500","1","0.6",".444","188","5506"
"Delmon Young","- - -","14","0.0 %","0.0 %","0.00","0",".500",".500","1.000",".000","0.1",".500","3","1.4",".444","190","2140"
"Denard Span","Nationals","6","0.0 %","0.0 %","0.00","0",".500",".500","1.000",".000","0.1",".500","1","0.6",".444","186","8347"
"Jordan Pacheco","Rockies","2","0.0 %","0.0 %","0.00","0",".500",".500","1.000",".000","0.1",".500","0","0.2",".444","190","2677"
"Matt den Dekker","- - -","4","0.0 %","0.0 %","0.00","0",".500",".500","1.000",".000","0.1",".500","1","0.4",".443","187","11385"
"Dustin Pedroia","Red Sox","10","0.0 %","0.0 %","0.00","0",".500",".500","1.000",".000","0.1",".500","2","1.0",".443","193","8370"
"Cody Ransom","- - -","4","0.0 %","0.0 %","0.00","0",".500",".500","1.000",".000","0.1",".500","1","0.4",".442","188","1126"
"Ty Wigginton","Phillies","2","0.0 %","0.0 %","0.00","0",".500",".500","1.000",".000","0.1",".500","0","0.2",".442","181","1491"
"Casey Kotchman","- - -","2","0.0 %","0.0 %","0.00","0",".500",".500","1.000",".000","0.1",".500","0","0.2",".442","195","1930"
"Jesus Flores","Nationals","2","0.0 %","0.0 %","0.00","0",".500",".500","1.000",".000","0.1",".500","0","0.2",".442","181","4166"
"Chris Nelson","Rockies","2","0.0 %","0.0 %","0.00","0",".500",".500","1.000",".000","0.1",".500","0","0.2",".442","181","8175"
"Casper Wells","- - -","2","0.0 %","0.0 %","0.00","0",".500",".500","1.000",".000","0.1",".500","0","0.2",".442","197","9700"
"Nick Hundley","- - -","15","0.0 %","0.0 %","0.00","0",".467",".533","1.000",".067","0.1",".467","3","1.5",".441","188","3376"
"Yunel Escobar","- - -","13","0.0 %","0.0 %","0.00","0",".462",".538","1.000",".077","0.1",".462","3","1.3",".440","192","4191"
"Clint Barmes","- - -","8","0.0 %","0.0 %","0.00","0",".500",".500","1.000",".000","0.1",".500","2","0.8",".440","192","1830"
"Ender Inciarte","Diamondbacks","5","0.0 %","0.0 %","0.00","0",".500",".500","1.000",".000","0.1",".500","1","0.5",".440","180","4922"
"Anthony Gose","Tigers","2","0.0 %","0.0 %","0.00","0",".500",".500","1.000",".000","0.1",".500","0","0.2",".440","184","5097"
"Kristopher Negron","Reds","2","0.0 %","0.0 %","0.00","0",".500",".500","1.000",".000","0.1",".500","0","0.2",".440","182","5306"
"Ketel Marte","Mariners","2","0.0 %","0.0 %","0.00","0",".500",".500","1.000",".000","0.1",".500","0","0.2",".440","189","13613"
"Adonis Garcia","Braves","2","0.0 %","0.0 %","0.00","0",".500",".500","1.000",".000","0.1",".500","0","0.2",".440","185","13777"
"Casey McGehee","- - -","24","0.0 %","0.0 %","0.00","0",".458",".542","1.000",".083","0.1",".458","5","2.4",".439","184","6086"
"Carl Crawford","- - -","13","0.0 %","0.0 %","0.00","0",".462",".538","1.000",".077","0.1",".462","3","1.3",".439","191","1201"
"Rickie Weeks","- - -","11","0.0 %","0.0 %","0.00","0",".455",".545","1.000",".091","0.1",".455","2","1.1",".438","186","1849"
"Jimmy Paredes","- - -","62","0.0 %","0.0 %","0.00","0",".435",".581","1.016",".145","2.1",".435","13","6.2",".437","181","5481"
"Marcell Ozuna","Marlins","13","0.0 %","0.0 %","0.00","0",".462",".538","1.000",".077","0.1",".462","3","1.3",".437","182","10324"
"Bryan LaHair","Cubs","13","0.0 %","0.0 %","0.00","0",".462",".538","1.000",".077","0.1",".462","3","1.3",".437","176","5462"
"Melvin Upton Jr.","Braves","7","0.0 %","0.0 %","0.00","0",".429",".571","1.000",".143","0.1",".429","1","0.7",".435","186","5015"
"Rick Ankiel","- - -","19","0.0 %","0.0 %","0.00","0",".421",".579","1.000",".158","0.1",".421","4","1.8",".435","182","1142"
"Cliff Pennington","Diamondbacks","12","0.0 %","0.0 %","0.00","0",".455",".545","1.000",".091","0.1",".455","3","1.2",".435","176","3395"
"Melky Cabrera","- - -","19","0.0 %","0.0 %","0.00","0",".421",".579","1.000",".158","0.1",".421","4","1.8",".434","181","4022"
"Efren Navarro","Angels","8","0.0 %","0.0 %","0.00","0",".375",".625","1.000",".250","0.1",".375","2","0.7",".432","193","9854"
"Curt Casali","Rays","12","0.0 %","0.0 %","0.00","0",".417",".583","1.000",".167","0.1",".417","2","1.1",".430","182","12510"
"Franklin Gutierrez","Mariners","18","0.0 %","0.0 %","0.00","0",".389",".611","1.000",".222","0.1",".389","4","1.6",".428","179","3255"
"Brad Snyder","Rangers","3","0.0 %","0.0 %","0.00","0",".333",".667","1.000",".333","0.1",".333","1","0.3",".428","174","6052"
"Andrew Susac","Giants","5","0.0 %","0.0 %","0.00","0",".400",".600","1.000",".200","0.1",".400","1","0.5",".427","182","13132"
"Darnell McDonald","- - -","3","0.0 %","0.0 %","0.00","0",".333",".667","1.000",".333","0.1",".333","1","0.2",".424","188","1867"
"Joey Butler","Rays","3","0.0 %","0.0 %","0.00","0",".333",".667","1.000",".333","0.1",".333","1","0.3",".419","173","7799"
"Jonathan Schoop","Orioles","26","0.0 %","0.0 %","0.00","0",".423",".538",".962",".115","0.1",".423","5","2.1",".417","167","11265"
"Ian Stewart","- - -","24","0.0 %","0.0 %","0.00","0",".417",".542",".958",".125","2.6",".417","5","2.0",".417","170","5950"
"Cody Ross","- - -","15","0.0 %","0.0 %","0.00","0",".467",".467",".933",".000","0.1",".467","3","1.2",".413","163","1760"
"Yasmany Tomas","Diamondbacks","6","0.0 %","0.0 %","0.00","0",".333",".667","1.000",".333","2.6",".333","1","0.5",".412","161","17171"
"Starling Marte","Pirates","16","0.0 %","0.0 %","0.00","0",".438",".500",".938",".063","0.1",".438","3","1.2",".410","167","9241"
"Wilin Rosario","Rockies","17","0.0 %","0.0 %","0.00","0",".412",".529",".941",".118","0.1",".412","3","1.3",".408","145","8002"
"Gerardo Parra","- - -","13","0.0 %","0.0 %","0.00","0",".462",".462",".923",".000","0.1",".462","2","1.0",".408","165","8553"
"Carlos Gomez","- - -","14","0.0 %","0.0 %","0.00","0",".429",".500",".929",".071","0.1",".429","3","1.1",".406","159","4881"
"David Lough","- - -","11","0.0 %","0.0 %","0.00","0",".455",".455",".909",".000","0.1",".455","2","0.8",".405","166","7215"
"Xander Bogaerts","Red Sox","34","0.0 %","0.0 %","0.00","0",".441",".485",".926",".030","0.1",".441","6","2.4",".402","156","12161"
"Paul Goldschmidt","Diamondbacks","35","0.0 %","0.0 %","0.00","0",".429",".486",".914",".057","0.1",".429","6","2.4",".402","154","9218"
"Lonnie Chisenhall","Indians","43","0.0 %","0.0 %","0.00","0",".429",".476",".905",".048","0.1",".429","8","2.9",".398","159","7571"
"Jayson Werth","- - -","9","0.0 %","0.0 %","0.00","0",".444",".500",".944",".000","0.1",".444","2","0.6",".395","153","1327"
"Logan Forsythe","- - -","43","0.0 %","0.0 %","0.00","0",".349",".581",".930",".233","2.6",".349","8","2.8",".394","157","7185"
"Jhonny Peralta","- - -","93","0.0 %","0.0 %","0.00","0",".398",".495",".892",".097","0.1",".398","16","5.7",".391","152","1738"
"Wilson Ramos","Nationals","10","0.0 %","0.0 %","0.00","0",".400",".500",".900",".100","0.1",".400","2","0.6",".391","152","1433"
"Omar Infante","- - -","27","0.0 %","0.0 %","0.00","0",".407",".481",".889",".074","0.1",".407","5","1.6",".390","150","1609"
"Danny Espinosa","Nationals","42","0.0 %","0.0 %","0.00","0",".381",".524",".905",".143","0.1",".381","7","2.6",".389","148","9219"
"Javier Baez","Cubs","43","0.0 %","0.0 %","0.00","0",".395",".488",".884",".093","0.1",".395","7","2.5",".387","148","12979"
"Don Kelly","- - -","8","0.0 %","0.0 %","0.00","0",".375",".500",".875",".125","0.1",".375","1","0.4",".383","153","2216"
"Jake Goebbert","Padres","7","0.0 %","0.0 %","0.00","0",".429",".429",".857",".000","0.1",".429","1","0.4",".382","150","9431"
"Jacoby Ellsbury","- - -","22","0.0 %","0.0 %","0.00","0",".409",".455",".864",".045","0.1",".409","4","1.1",".381","145","4727"
"Chris Snyder","- - -","7","0.0 %","0.0 %","0.00","0",".429",".429",".857",".000","0.1",".429","1","0.4",".380","142","4606"
"J.B. Shuck","- - -","7","0.0 %","0.0 %","0.00","0",".429",".429",".857",".000","0.1",".429","1","0.4",".379","141","6677"
"Scott Van Slyke","Dodgers","18","0.0 %","0.0 %","0.00","0",".333",".556",".889",".222","0.1",".333","3","1.0",".379","146","4365"
"Kila Ka'aihue","Athletics","9","0.0 %","0.0 %","0.00","0",".333",".556",".889",".222","0.1",".333","1","0.5",".378","143","4707"
"Carlos Perez","Angels","14","0.0 %","0.0 %","0.00","0",".429",".429",".857",".000","0.1",".429","2","0.7",".377","147","10642"
"Michael Taylor","Nationals","14","0.0 %","0.0 %","0.00","0",".429",".429",".857",".000","0.1",".429","2","0.7",".377","140","11489"
"Troy Tulowitzki","- - -","82","0.0 %","0.0 %","0.00","0",".366",".500",".866",".134","0.1",".366","13","4.0",".374","126","3531"
"Francisco Cervelli","- - -","9","0.0 %","0.0 %","0.00","0",".333",".556",".889",".222","2.6",".333","1","0.4",".373","144","5275"
"Bryce Harper","Nationals","139","0.0 %","0.0 %","0.00","0",".367",".500",".867",".130","1.1",".367","22","6.6",".372","137","11579"
"Juan Uribe","- - -","14","0.0 %","0.0 %","0.00","0",".357",".500",".857",".143","0.1",".357","2","0.7",".372","143","454"
"Eric Chavez","- - -","40","0.0 %","0.0 %","0.00","0",".375",".475",".850",".100","0.1",".375","6","1.9",".371","133","906"
"Kyle Schwarber","Cubs","83","0.0 %","0.0 %","0.00","0",".386",".470",".855",".084","1.6",".386","13","3.8",".371","136","16478"
"Aaron Hill","Diamondbacks","53","0.0 %","0.0 %","0.00","0",".377",".472",".849",".094","0.1",".377","8","2.5",".370","131","6104"
"David Peralta","Diamondbacks","148","0.0 %","0.0 %","0.00","0",".372",".486",".858",".115","2.6",".372","23","6.7",".370","131","2136"
"Brandon Phillips","Reds","13","0.0 %","0.0 %","0.00","0",".385",".462",".846",".077","0.1",".385","2","0.6",".369","133","791"
"Brandon Belt","Giants","289","0.0 %","0.0 %","0.00","0",".360",".502",".862",".139","2.4",".360","45","13.1",".369","143","10264"
"J.D. Martinez","Tigers","52","0.0 %","0.0 %","0.00","0",".385",".471",".855",".078","2.4",".385","8","2.3",".368","135","6184"
"Brett Wallace","- - -","45","0.0 %","0.0 %","0.00","0",".378",".467",".844",".089","0.1",".378","7","1.9",".368","138","8434"
"Khris Davis","Brewers","56","0.0 %","0.0 %","0.00","0",".357",".482",".839",".125","0.1",".357","8","2.3",".365","129","9112"
"Geovany Soto","- - -","39","0.0 %","0.0 %","0.00","0",".359",".487",".846",".128","2.6",".359","6","1.6",".365","129","3707"
"Mark Canha","Athletics","19","0.0 %","0.0 %","0.00","0",".368",".474",".842",".105","0.1",".368","3","0.8",".364","135","11445"
"Yoenis Cespedes","- - -","262","0.0 %","0.0 %","0.00","0",".363",".473",".836",".108","2.4",".363","39","10.2",".361","132","13110"
"Cameron Rupp","Phillies","6","0.0 %","0.0 %","0.00","0",".333",".500",".833",".167","0.1",".333","1","0.2",".361","129","11146"
"Nelson Cruz","- - -","145","0.0 %","0.0 %","0.00","0",".359",".476",".834",".112","1.1",".359","21","5.5",".360","131","2434"
"Jace Peterson","Braves","26","0.0 %","0.0 %","0.00","0",".346",".500",".846",".154","2.6",".346","4","1.0",".360","130","12325"
"Tommy Medica","Padres","11","0.0 %","0.0 %","0.00","0",".364",".455",".818",".091","0.1",".364","2","0.4",".360","135","11147"
"Justin Upton","- - -","40","0.0 %","0.0 %","0.00","0",".375",".462",".837",".077","2.6",".375","6","1.5",".359","130","5222"
"Mike Napoli","- - -","147","0.0 %","0.0 %","0.00","0",".340",".493",".833",".151","1.1",".340","22","5.4",".359","126","3057"
"Matt Adams","Cardinals","388","0.0 %","0.0 %","0.00","0",".358",".463",".821",".103","1.4",".358","56","13.8",".358","130","9393"
"Ryan Ludwick","- - -","65","0.0 %","0.0 %","0.00","0",".354",".462",".815",".108","0.1",".354","9","2.2",".357","124","1260"
"Collin Cowgill","Angels","5","0.0 %","0.0 %","0.00","0",".400",".400",".800",".000","0.1",".400","1","0.2",".357","135","7250"
"Travis Snider","- - -","83","0.0 %","0.0 %","0.00","0",".361",".458",".819",".096","1.6",".361","12","2.8",".356","129","2830"
"Rob Brantly","- - -","5","0.0 %","0.0 %","0.00","0",".400",".400",".800",".000","0.1",".400","1","0.2",".355","130","10655"
"Juan Francisco","- - -","180","0.0 %","0.0 %","0.00","0",".339",".478",".817",".139","2.1",".339","26","6.0",".355","126","6978"
"Kevin Pillar","Blue Jays","22","0.0 %","0.0 %","0.00","0",".364",".455",".818",".091","0.1",".364","3","0.7",".354","125","12434"
"Xavier Paul","- - -","5","0.0 %","0.0 %","0.00","0",".400",".400",".800",".000","0.1",".400","1","0.2",".354","126","5963"
"Gordon Beckham","White Sox","5","0.0 %","0.0 %","0.00","0",".400",".400",".800",".000","0.1",".400","1","0.2",".354","131","9015"
"Brock Holt","Red Sox","37","0.0 %","0.0 %","0.00","0",".351",".459",".811",".108","0.1",".351","5","1.2",".354","122","9345"
"Jack Cust","- - -","190","0.0 %","0.0 %","0.00","0",".358",".447",".805",".089","0.1",".358","27","5.3",".353","125","1564"
"Eric Thames","Blue Jays","5","0.0 %","0.0 %","0.00","0",".400",".400",".800",".000","0.1",".400","1","0.2",".353","121","3711"
"Cameron Maybin","Braves","5","0.0 %","0.0 %","0.00","0",".400",".400",".800",".000","0.1",".400","1","0.2",".352","125","5223"
"C.J. Cron","Angels","30","0.0 %","0.0 %","0.00","0",".367",".433",".800",".067","0.1",".367","4","0.9",".351","131","12546"
"Jose Abreu","White Sox","73","0.0 %","0.0 %","0.00","0",".356",".452",".808",".096","1.9",".356","10","2.3",".351","123","15676"
"Giancarlo Stanton","Marlins","147","0.0 %","0.0 %","0.00","0",".354",".452",".806",".096","0.1",".354","20","4.2",".350","122","4949"
"Alejandro De Aza","- - -","42","0.0 %","0.0 %","0.00","0",".357",".452",".810",".095","2.6",".357","6","1.2",".350","122","3371"
"J.J. Hardy","Orioles","44","0.0 %","0.0 %","0.00","0",".341",".455",".795",".114","0.1",".341","6","1.1",".345","117","3797"
"Coco Crisp","Athletics","14","0.0 %","0.0 %","0.00","0",".357",".429",".786",".071","0.1",".357","2","0.4",".344","125","1572"
"David Ross","- - -","10","0.0 %","0.0 %","0.00","0",".300",".500",".800",".200","0.1",".300","1","0.3",".343","115","1551"
"Matt Carpenter","Cardinals","78","0.0 %","0.0 %","0.00","0",".321",".474",".795",".154","2.6",".321","10","1.8",".342","119","8090"
"Jose Altuve","Astros","14","0.0 %","0.0 %","0.00","0",".357",".429",".786",".071","0.1",".357","2","0.3",".341","118","5417"
"Salvador Perez","Royals","55","0.0 %","0.0 %","0.00","0",".345",".436",".782",".091","0.1",".345","7","1.1",".341","118","7304"
"Michael Morse","- - -","23","0.0 %","0.0 %","0.00","0",".348",".435",".783",".087","0.1",".348","3","0.5",".340","118","3035"
"David Murphy","- - -","112","0.0 %","0.0 %","0.00","0",".348",".432",".781",".081","0.1",".348","15","2.3",".340","116","6035"
"Andrew McCutchen","Pirates","196","0.0 %","0.0 %","0.00","0",".342",".438",".780",".093","1.4",".342","25","4.0",".338","118","9847"
"Josh Hamilton","- - -","535","0.0 %","0.0 %","0.00","0",".333",".447",".780",".111","1.1",".333","69","9.9",".337","114","1875"
"Jarrod Saltalamacchia","- - -","370","0.0 %","0.0 %","0.00","0",".322",".457",".778",".135","0.1",".322","48","6.8",".337","110","5557"
"Carlos Peguero","- - -","14","0.0 %","0.0 %","0.00","0",".286",".500",".786",".214","0.1",".286","2","0.2",".335","109","8760"
"Miguel Cabrera","Tigers","111","0.0 %","0.0 %","0.00","0",".351",".414",".766",".063","0.1",".351","14","2.3",".335","112","1744"
"Alex Rios","- - -","30","0.0 %","0.0 %","0.00","0",".333",".433",".767",".100","0.1",".333","4","0.5",".334","113","2090"
"Adam Jones","Orioles","75","0.0 %","0.0 %","0.00","0",".360",".400",".760",".040","0.1",".360","10","1.3",".334","110","6368"
"Torii Hunter","- - -","25","0.0 %","0.0 %","0.00","0",".360",".400",".760",".040","0.1",".360","3","0.4",".334","113","731"
"Jim Thome","- - -","344","0.0 %","0.0 %","0.00","0",".337",".429",".766",".090","0.1",".337","44","4.5",".334","108","409"
"James Loney","- - -","205","0.0 %","0.0 %","0.00","0",".356",".407",".763",".049","0.1",".356","26","3.3",".334","116","4556"
"Shin-Soo Choo","- - -","198","0.0 %","0.0 %","0.00","0",".335",".437",".772",".102","1.4",".335","25","3.4",".334","107","3174"
"Corey Hart","- - -","69","0.0 %","0.0 %","0.00","0",".319",".456",".775",".132","1.9",".319","9","1.2",".332","111","1945"
"Mike Baxter","- - -","8","0.0 %","0.0 %","0.00","0",".375",".375",".750",".000","0.1",".375","1","0.1",".331","112","4464"
"Kyle Blanks","- - -","13","0.0 %","0.0 %","0.00","0",".308",".462",".769",".154","0.1",".308","2","0.2",".331","111","49"
"Nolan Arenado","Rockies","13","0.0 %","0.0 %","0.00","0",".308",".462",".769",".154","0.1",".308","2","0.2",".331","92","9777"
"Scott Schebler","Dodgers","8","0.0 %","0.0 %","0.00","0",".375",".375",".750",".000","0.1",".375","1","0.1",".330","112","12225"
"David DeJesus","- - -","45","0.0 %","0.0 %","0.00","0",".356",".400",".756",".044","2.4",".356","6","0.6",".330","114","1825"
"Ryan Raburn","- - -","41","0.0 %","0.0 %","0.00","0",".341",".415",".756",".073","0.1",".341","5","0.6",".330","112","2218"
"Hunter Pence","- - -","25","0.0 %","0.0 %","0.00","0",".320",".440",".760",".120","0.1",".320","3","0.3",".330","114","8252"
"Rene Rivera","- - -","25","0.0 %","0.0 %","0.00","0",".320",".440",".760",".120","0.1",".320","3","0.3",".329","112","3648"
"Lorenzo Cain","Royals","12","0.0 %","0.0 %","0.00","0",".333",".417",".750",".083","0.1",".333","1","0.1",".329","109","9077"
"Junior Lake","Cubs","19","0.0 %","0.0 %","0.00","0",".368",".368",".737",".000","0.1",".368","2","0.3",".328","108","4672"
"Eric Hosmer","Royals","253","0.0 %","0.0 %","0.00","0",".333",".421",".754",".087","0.9",".333","31","3.1",".328","107","3516"
"Will Venable","- - -","64","0.0 %","0.0 %","0.00","0",".344",".406",".750",".063","1.9",".344","8","0.7",".328","110","211"
"Mike Trout","Angels","68","0.0 %","0.0 %","0.00","0",".338",".418",".756",".075","0.1",".338","8","0.8",".328","113","10155"
"Michael Brantley","Indians","61","0.0 %","0.0 %","0.00","0",".328",".426",".754",".098","0.1",".328","7","0.7",".327","109","4106"
"Jason Kipnis","Indians","45","0.0 %","0.0 %","0.00","0",".333",".422",".756",".089","2.4",".333","6","0.6",".327","108","9776"
"Seth Smith","- - -","453","0.0 %","0.0 %","0.00","0",".316",".442",".758",".124","1.4",".316","55","4.9",".326","109","7331"
"Hanley Ramirez","- - -","33","0.0 %","0.0 %","0.00","0",".303",".455",".758",".152","0.1",".303","4","0.4",".326","108","8001"
"Asdrubal Cabrera","- - -","158","0.0 %","0.0 %","0.00","0",".325",".427",".752",".102","1.6",".325","19","1.5",".325","109","4962"
"Adrian Beltre","Rangers","69","0.0 %","0.0 %","0.00","0",".333",".406",".739",".072","0.1",".333","8","0.7",".325","102","639"
"Vernon Wells","- - -","27","0.0 %","0.0 %","0.00","0",".333",".407",".741",".074","0.1",".333","3","0.2",".324","106","1326"
"Todd Frazier","Reds","62","0.0 %","0.0 %","0.00","0",".323",".426",".749",".098","2.1",".323","7","0.4",".323","102","785"
"John Buck","- - -","15","0.0 %","0.0 %","0.00","0",".333",".400",".733",".067","0.1",".333","2","0.1",".323","112","2041"
"Allen Craig","- - -","15","0.0 %","0.0 %","0.00","0",".333",".400",".733",".067","0.1",".333","2","0.1",".322","107","3433"
"Daniel Murphy","Mets","38","0.0 %","0.0 %","0.00","0",".342",".395",".737",".053","0.1",".342","5","0.3",".322","108","4316"
"Adam Lind","- - -","396","0.0 %","0.0 %","0.00","0",".328",".413",".742",".082","0.9",".328","46","2.6",".321","101","8027"
"Justin Morneau","- - -","371","0.0 %","0.0 %","0.00","0",".332",".404",".735",".070","0.6",".332","43","1.9",".321","96","1737"
"Danny Valencia","- - -","97","0.0 %","0.0 %","0.00","0",".330",".402",".732",".072","0.1",".330","11","0.7",".320","102","6364"
"Kennys Vargas","Twins","73","0.0 %","0.0 %","0.00","0",".342",".384",".726",".041","0.1",".342","8","0.4",".319","102","12101"
"Blake Swihart","Red Sox","30","0.0 %","0.0 %","0.00","0",".333",".400",".733",".067","0.1",".333","4","0.1",".319","96","13176"
"Andre Ethier","Dodgers","48","0.0 %","0.0 %","0.00","0",".333",".396",".729",".063","0.1",".333","6","0.2",".318","104","6265"
"Travis Shaw","Red Sox","71","0.0 %","0.0 %","0.00","0",".324",".408",".732",".085","0.1",".324","8","0.2",".317","95","11982"
"Yonder Alonso","Padres","116","0.0 %","0.0 %","0.00","0",".328",".400",".728",".070","0.1",".328","13","0.2",".316","103","2530"
"Josh Willingham","- - -","126","0.0 %","0.0 %","0.00","0",".317",".405",".722",".087","1.1",".317","14","0.4",".316","99","2103"
"Robinson Cano","- - -","238","0.0 %","0.0 %","0.00","0",".324",".401",".724",".076","0.1",".324","27","0.3",".315","99","3269"
"Joe Mauer","Twins","121","0.0 %","0.0 %","0.00","0",".331",".388",".719",".058","0.1",".331","14","0.1",".315","99","1857"
"Tyler Flowers","White Sox","21","0.0 %","0.0 %","0.00","0",".333",".381",".714",".048","0.1",".333","2","0.1",".314","98","9134"
"Skip Schumaker","- - -","4","0.0 %","0.0 %","0.00","0",".250",".500",".750",".250","0.1",".250","0","0.0",".314","105","3704"
"Joey Votto","Reds","255","0.0 %","0.0 %","0.00","0",".318",".404",".722",".086","0.9",".318","28","0.0",".313","95","4314"
"A.J. Pollock","Diamondbacks","30","0.0 %","0.0 %","0.00","0",".300",".433",".733",".133","2.6",".300","3","0.0",".313","93","9256"
"Kyle Seager","Mariners","527","0.0 %","0.0 %","0.00","0",".314",".407",".721",".092","1.4",".314","58","0.0",".313","102","9785"
"Ike Davis","- - -","292","0.0 %","0.0 %","0.00","0",".305",".414",".719",".110","0.1",".305","32","-0.4",".312","100","8433"
"Daniel Descalso","- - -","24","0.0 %","0.0 %","0.00","0",".333",".375",".708",".042","0.1",".333","3","-0.1",".311","94","8392"
"Jason Heyward","- - -","194","0.0 %","0.0 %","0.00","0",".314",".402",".716",".088","0.9",".314","21","-0.2",".311","97","4940"
"Jason Kubel","- - -","193","0.0 %","0.0 %","0.00","0",".321",".389",".710",".067","0.9",".321","21","-0.3",".311","93","2161"
"Jake Lamb","Diamondbacks","82","0.0 %","0.0 %","0.00","0",".317",".402",".720",".085","1.6",".317","9","-0.1",".311","91","13329"
"Chris Parmelee","- - -","97","0.0 %","0.0 %","0.00","0",".309",".402",".711",".093","1.4",".309","10","-0.1",".310","95","2554"
"Wil Myers","- - -","83","0.0 %","0.0 %","0.00","0",".313",".398",".711",".084","1.6",".313","9","-0.2",".310","99","10047"
"Neil Walker","Pirates","116","0.0 %","0.0 %","0.00","0",".319",".388",".707",".069","0.1",".319","12","-0.3",".309","98","7539"
"Brett Lawrie","- - -","7","0.0 %","0.0 %","0.00","0",".286",".429",".714",".143","0.1",".286","1","0.0",".308","106","5247"
"Jason Castro","Astros","151","0.0 %","0.0 %","0.00","0",".311",".397",".709",".086","1.1",".311","16","-0.5",".308","94","8722"
"Clint Robinson","Nationals","91","0.0 %","0.0 %","0.00","0",".308",".407",".714",".099","1.6",".308","10","-0.4",".308","92","6908"
"Eduardo Escobar","Twins","21","0.0 %","0.0 %","0.00","0",".286",".429",".714",".143","0.1",".286","2","-0.1",".308","94","6153"
"Jon Jay","Cardinals","10","0.0 %","0.0 %","0.00","0",".300",".400",".700",".100","0.1",".300","1","-0.1",".305","96","5227"
"Marlon Byrd","- - -","75","0.0 %","0.0 %","0.00","0",".307",".400",".707",".093","1.9",".307","8","-0.4",".305","93","950"
"Chris Herrmann","Twins","7","0.0 %","0.0 %","0.00","0",".286",".429",".714",".143","0.1",".286","1","0.0",".305","94","9284"
"Corey Seager","Dodgers","7","0.0 %","0.0 %","0.00","0",".286",".429",".714",".143","0.1",".286","1","0.0",".305","95","13624"
"Mike Olt","- - -","10","0.0 %","0.0 %","0.00","0",".300",".444",".744",".111","0.1",".300","1","0.0",".304","91","10698"
"Colby Rasmus","- - -","392","0.0 %","0.0 %","0.00","0",".294",".411",".705",".116","1.1",".294","41","-2.5",".304","91","9893"
"Kevin Youkilis","- - -","10","0.0 %","0.0 %","0.00","0",".300",".400",".700",".100","0.1",".300","1","-0.1",".303","89","1935"
"David Freese","Angels","26","0.0 %","0.0 %","0.00","0",".308",".400",".708",".080","0.1",".308","3","-0.2",".302","95","9549"
"Ben Paulsen","Rockies","43","0.0 %","0.0 %","0.00","0",".302",".395",".698",".093","2.6",".302","4","-0.4",".300","71","9741"
"David Ortiz","Red Sox","1866","0.0 %","0.0 %","0.00","0",".296",".395",".691",".098","0.4",".296","186","-21.7",".300","82","745"
"Chase Headley","- - -","331","0.0 %","0.0 %","0.00","0",".305",".383",".688",".076","0.1",".305","33","-3.7",".299","88","4720"
"Hank Blalock","Rays","3","0.0 %","0.0 %","0.00","0",".333",".333",".667",".000","0.1",".333","0","-0.1",".298","87","1419"
"Rajai Davis","- - -","3","0.0 %","0.0 %","0.00","0",".333",".333",".667",".000","0.1",".333","0","0.0",".298","97","3708"
"Matt Kemp","- - -","201","0.0 %","0.0 %","0.00","0",".299",".390",".689",".090","0.9",".299","20","-2.3",".298","91","5631"
"Alex Avila","Tigers","238","0.0 %","0.0 %","0.00","0",".298",".384",".682",".084","0.1",".298","23","-2.6",".297","87","7476"
"Jose Molina","Rays","3","0.0 %","0.0 %","0.00","0",".333",".333",".667",".000","0.1",".333","0","-0.1",".297","102","25"
"Daniel Robertson","- - -","3","0.0 %","0.0 %","0.00","0",".333",".333",".667",".000","0.1",".333","0","0.0",".297","91","6266"
"Matthew Clark","Brewers","3","0.0 %","0.0 %","0.00","0",".333",".500",".833",".000","0.1",".333","0","0.0",".297","84","8793"
"Andrelton Simmons","Braves","9","0.0 %","0.0 %","0.00","0",".333",".333",".667",".000","0.1",".333","1","-0.1",".297","93","10847"
"Brandon Crawford","Giants","52","0.0 %","0.0 %","0.00","0",".288",".404",".692",".115","2.4",".288","5","-0.7",".297","93","5343"
"Kendrys Morales","- - -","574","0.0 %","0.0 %","0.00","0",".301",".382",".684",".080","0.6",".301","57","-7.2",".297","87","8610"
"Martin Maldonado","Brewers","9","0.0 %","0.0 %","0.00","0",".333",".333",".667",".000","0.1",".333","1","-0.2",".296","95","6887"
"Josh Donaldson","- - -","135","0.0 %","0.0 %","0.00","0",".296",".394",".690",".091","1.1",".296","13","-1.8",".296","87","5038"
"Donnie Murphy","Cubs","3","0.0 %","0.0 %","0.00","0",".333",".333",".667",".000","0.1",".333","0","0.0",".296","85","4704"
"Elvis Andrus","Rangers","3","0.0 %","0.0 %","0.00","0",".333",".333",".667",".000","0.1",".333","0","0.0",".296","87","8709"
"Oswaldo Arcia","Twins","157","0.0 %","0.0 %","0.00","0",".299",".378",".678",".077","1.6",".299","15","-1.9",".296","86","10306"
"Ryan Braun","Brewers","9","0.0 %","0.0 %","0.00","0",".333",".333",".667",".000","0.1",".333","1","-0.1",".295","79","3410"
"Ian Kinsler","- - -","89","0.0 %","0.0 %","0.00","0",".303",".371",".674",".067","1.6",".303","8","-1.3",".295","84","6195"
"Prince Fielder","- - -","1047","0.0 %","0.0 %","0.00","0",".306",".370",".676",".063","0.1",".306","101","-16.8",".295","80","4613"
"Wilson Betemit","Orioles","3","0.0 %","0.0 %","0.00","0",".333",".333",".667",".000","0.1",".333","0","0.0",".295","88","1861"
"Freddie Freeman","Braves","423","0.0 %","0.0 %","0.00","0",".303",".373",".676",".069","0.9",".303","41","-6.2",".294","86","5361"
"Luke Scott","- - -","269","0.0 %","0.0 %","0.00","0",".283",".399",".682",".116","1.1",".283","26","-4.6",".294","85","3469"
"Jefry Marte","Tigers","3","0.0 %","0.0 %","0.00","0",".333",".333",".667",".000","0.1",".333","0","0.0",".294","82","5107"
"Bryan Anderson","Athletics","3","0.0 %","0.0 %","0.00","0",".333",".333",".667",".000","0.1",".333","0","0.0",".294","86","9871"
"J.T. Realmuto","Marlins","3","0.0 %","0.0 %","0.00","0",".333",".333",".667",".000","0.1",".333","0","0.0",".294","83","11739"
"Jason Rogers","Brewers","3","0.0 %","0.0 %","0.00","0",".333",".333",".667",".000","0.1",".333","0","0.0",".294","80","11773"
"Austin Hedges","Padres","3","0.0 %","0.0 %","0.00","0",".333",".333",".667",".000","0.1",".333","0","0.0",".294","88","12976"
"Alex Guerrero","Dodgers","3","0.0 %","0.0 %","0.00","0",".333",".333",".667",".000","0.1",".333","0","0.0",".294","87","15670"
"Josh Reddick","Athletics","312","0.0 %","0.0 %","0.00","0",".292",".386",".678",".093","2.4",".292","30","-4.9",".293","86","3892"
"Carlos Gonzalez","Rockies","353","0.0 %","0.0 %","0.00","0",".301",".370",".672",".068","0.9",".301","33","-5.9",".292","65","7287"
"Chris Davis","Orioles","832","0.0 %","0.0 %","0.00","0",".291",".384",".676",".090","0.4",".291","79","-13.2",".292","80","9272"
"Luis Valbuena","- - -","146","0.0 %","0.0 %","0.00","0",".295",".377",".671",".082","1.1",".295","14","-2.6",".291","82","4969"
"Cody Asche","Phillies","92","0.0 %","0.0 %","0.00","0",".293",".380",".674",".087","1.6",".293","9","-1.6",".291","82","11997"
"Adrian Gonzalez","- - -","892","0.0 %","0.0 %","0.00","0",".295",".372",".668",".076","0.4",".295","83","-17.0",".291","83","1908"
"Chris Young","- - -","177","0.0 %","0.0 %","0.00","0",".290",".381",".670",".091","1.6",".290","17","-3.0",".291","83","3882"
"Nick Markakis","- - -","53","0.0 %","0.0 %","0.00","0",".321",".340",".660",".019","0.1",".321","5","-0.8",".291","82","5930"
"Mitch Moreland","Rangers","444","0.0 %","0.0 %","0.00","0",".298",".374",".672",".073","0.1",".298","42","-7.9",".291","75","3086"
"Hideki Matsui","- - -","53","0.0 %","0.0 %","0.00","0",".302",".358",".660",".057","0.1",".302","5","-1.1",".290","82","1659"
"Brennan Boesch","- - -","21","0.0 %","0.0 %","0.00","0",".286",".400",".686",".100","0.1",".286","2","-0.4",".290","85","914"
"Anthony Rizzo","Cubs","649","0.0 %","0.0 %","0.00","0",".288",".381",".670",".091","0.6",".288","60","-11.5",".290","81","3473"
"Maikel Franco","Phillies","21","0.0 %","0.0 %","0.00","0",".286",".381",".667",".095","0.1",".286","2","-0.4",".288","79","12179"
"Corey Dickerson","Rockies","21","0.0 %","0.0 %","0.00","0",".286",".381",".667",".095","0.1",".286","2","-0.4",".287","65","10762"
"Nick Swisher","- - -","221","0.0 %","0.0 %","0.00","0",".295",".361",".656",".064","0.1",".295","20","-4.4",".287","80","4599"
"Yasmani Grandal","- - -","112","0.0 %","0.0 %","0.00","0",".286",".385",".671",".092","0.1",".286","10","-2.4",".286","83","11368"
"Kole Calhoun","Angels","156","0.0 %","0.0 %","0.00","0",".295",".365",".660",".071","1.1",".295","14","-3.3",".286","84","11200"
"Daniel Nava","- - -","61","0.0 %","0.0 %","0.00","0",".279",".377",".656",".098","0.1",".279","5","-1.4",".286","81","5450"
"Ryan Howard","Phillies","1495","0.0 %","0.0 %","0.00","0",".286",".372",".659",".083","0.9",".286","132","-34.5",".286","76","2154"
"Hank Conger","- - -","189","0.0 %","0.0 %","0.00","0",".293",".356",".649",".064","0.1",".293","17","-4.0",".284","81","2505"
"Grady Sizemore","- - -","84","0.0 %","0.0 %","0.00","0",".286",".369",".655",".083","0.1",".286","7","-1.9",".284","78","2197"
"Brandon Moss","- - -","653","0.0 %","0.0 %","0.00","0",".279",".376",".655",".096","1.1",".279","57","-14.7",".283","79","4467"
"Tyler Collins","Tigers","20","0.0 %","0.0 %","0.00","0",".300",".350",".650",".050","0.1",".300","2","-0.5",".283","76","12723"
"Justin Bour","Marlins","136","0.0 %","0.0 %","0.00","0",".279",".375",".654",".096","0.1",".279","12","-3.3",".282","76","9744"
"Nick Castellanos","Tigers","48","0.0 %","0.0 %","0.00","0",".292",".354",".646",".063","0.1",".292","4","-1.2",".282","75","11737"
"Jimmy Rollins","- - -","109","0.0 %","0.0 %","0.00","0",".284",".367",".651",".083","1.4",".284","10","-2.7",".282","78","971"
"Trevor Plouffe","Twins","59","0.0 %","0.0 %","0.00","0",".288",".356",".644",".068","0.1",".288","5","-1.5",".282","76","7462"
"Eugenio Suarez","Reds","17","0.0 %","0.0 %","0.00","0",".294",".353",".647",".059","0.1",".294","1","-0.4",".281","72","12552"
"Welington Castillo","- - -","42","0.0 %","0.0 %","0.00","0",".286",".366",".652",".073","0.1",".286","4","-1.0",".280","79","3256"
"Adam Dunn","- - -","1135","0.0 %","0.0 %","0.00","0",".280",".362",".642",".081","0.4",".280","95","-31.6",".280","71","319"
"Randal Grichuk","Cardinals","14","0.0 %","0.0 %","0.00","0",".286",".357",".643",".071","0.1",".286","1","-0.4",".279","75","10243"
"Carlos Beltran","- - -","427","0.0 %","0.0 %","0.00","0",".283",".361",".644",".075","0.6",".283","36","-11.3",".279","74","589"
"Chase Utley","- - -","260","0.0 %","0.0 %","0.00","0",".269",".377",".646",".108","1.9",".269","22","-7.1",".279","74","1679"
"Lucas Duda","Mets","591","0.0 %","0.0 %","0.00","0",".272",".374",".646",".099","0.1",".272","50","-15.3",".279","79","2502"
"Kris Bryant","Cubs","58","0.0 %","0.0 %","0.00","0",".293",".345",".638",".052","0.1",".293","5","-1.7",".278","72","15429"
"Brian Dozier","Twins","104","0.0 %","0.0 %","0.00","0",".269",".375",".644",".106","1.4",".269","9","-2.9",".277","72","9810"
"Dioner Navarro","- - -","156","0.0 %","0.0 %","0.00","0",".288",".340",".628",".051","0.1",".288","13","-4.5",".276","71","3179"
"Jay Bruce","Reds","688","0.0 %","0.0 %","0.00","0",".278",".359",".637",".079","0.4",".278","56","-20.2",".276","69","9892"
"A.J. Pierzynski","- - -","206","0.0 %","0.0 %","0.00","0",".291",".340",".631",".049","0.1",".291","17","-6.1",".276","71","746"
"Will Middlebrooks","- - -","40","0.0 %","0.0 %","0.00","0",".300",".333",".633",".026","0.1",".300","3","-1.2",".276","70","7002"
"Evan Longoria","Rays","238","0.0 %","0.0 %","0.00","0",".282",".349",".630",".067","0.9",".282","19","-6.9",".275","75","9368"
"Victor Martinez","- - -","454","0.0 %","0.0 %","0.00","0",".286",".341",".628",".055","0.1",".286","37","-13.5",".275","71","393"
"Chris Iannetta","Angels","46","0.0 %","0.0 %","0.00","0",".261",".378",".639",".111","0.1",".261","4","-1.4",".274","77","8267"
"Nate McLouth","- - -","19","0.0 %","0.0 %","0.00","0",".263",".368",".632",".105","0.1",".263","2","-0.6",".274","67","3190"
"Sandy Leon","- - -","25","0.0 %","0.0 %","0.00","0",".292",".333",".625",".042","0.1",".292","2","-0.8",".273","66","5273"
"Pedro Alvarez","Pirates","581","0.0 %","0.0 %","0.00","0",".281",".344",".624",".062","0.6",".281","46","-18.3",".272","72","2495"
"Matt Wieters","Orioles","193","0.0 %","0.0 %","0.00","0",".276",".354",".631",".074","0.1",".276","15","-6.3",".272","66","4298"
"Alex Gordon","Royals","295","0.0 %","0.0 %","0.00","0",".285",".337",".621",".051","0.1",".285","23","-9.2",".272","69","5209"
"Steve Pearce","- - -","157","0.0 %","0.0 %","0.00","0",".268",".357",".624",".089","0.1",".268","12","-5.0",".272","67","9957"
"Mike Moustakas","Royals","553","0.0 %","0.0 %","0.00","0",".274",".349",".623",".073","0.4",".274","43","-17.7",".270","67","4892"
"Alexi Amarista","Padres","8","0.0 %","0.0 %","0.00","0",".250",".375",".625",".125","0.1",".250","1","-0.3",".270","80","9063"
"Kevin Kiermaier","Rays","55","0.0 %","0.0 %","0.00","0",".273",".345",".618",".073","2.1",".273","4","-1.9",".269","72","11038"
"Joey Gallo","Rangers","29","0.0 %","0.0 %","0.00","0",".276",".345",".621",".069","2.6",".276","2","-1.1",".268","60","14128"
"Chad Tracy","Nationals","8","0.0 %","0.0 %","0.00","0",".250",".375",".625",".125","0.1",".250","1","-0.3",".268","72","1888"
"Dexter Fowler","- - -","35","0.0 %","0.0 %","0.00","0",".257",".371",".629",".114","2.6",".257","3","-1.2",".267","69","4062"
"Joey Terdoslavich","Braves","8","0.0 %","0.0 %","0.00","0",".250",".375",".625",".125","0.1",".250","1","-0.3",".267","68","10593"
"Eduardo Nunez","- - -","10","0.0 %","0.0 %","0.00","0",".300",".300",".600",".000","0.1",".300","1","-0.4",".267","69","6848"
"Andrew Lambo","Pirates","10","0.0 %","0.0 %","0.00","0",".300",".300",".600",".000","0.1",".300","1","-0.4",".267","78","5386"
"Starlin Castro","Cubs","20","0.0 %","0.0 %","0.00","0",".300",".300",".600",".000","0.1",".300","1","-0.8",".266","66","4579"
"Kirk Nieuwenhuis","- - -","18","0.0 %","0.0 %","0.00","0",".278",".333",".611",".056","0.1",".278","1","-0.7",".266","73","6400"
"Billy Butler","- - -","46","0.0 %","0.0 %","0.00","0",".283",".326",".609",".043","0.1",".283","3","-1.7",".266","66","7399"
"Yan Gomes","Indians","59","0.0 %","0.0 %","0.00","0",".271",".339",".610",".068","2.1",".271","4","-2.1",".266","66","9627"
"Curtis Granderson","- - -","521","0.0 %","0.0 %","0.00","0",".261",".352",".613",".090","1.1",".261","38","-19.5",".266","67","4747"
"John Jaso","- - -","160","0.0 %","0.0 %","0.00","0",".263",".352",".615",".088","1.1",".263","12","-5.9",".265","68","5887"
"Preston Tucker","Astros","83","0.0 %","0.0 %","0.00","0",".265",".349",".614",".084","0.1",".265","6","-3.2",".265","64","13633"
"Brayan Pena","Reds","45","0.0 %","0.0 %","0.00","0",".289",".311",".600",".022","0.1",".289","3","-1.6",".265","62","3231"
"Yangervis Solarte","- - -","53","0.0 %","0.0 %","0.00","0",".283",".321",".604",".038","0.1",".283","4","-2.1",".264","67","5352"
"Bobby Abreu","Mets","15","0.0 %","0.0 %","0.00","0",".267",".333",".600",".067","0.1",".267","1","-0.5",".264","70","945"
"Max Muncy","Athletics","29","0.0 %","0.0 %","0.00","0",".241",".379",".621",".138","2.6",".241","2","-1.2",".263","65","13301"
"Ryan Flaherty","Orioles","111","0.0 %","0.0 %","0.00","0",".243",".369",".613",".126","2.6",".243","8","-4.3",".262","60","7888"
"Garrett Jones","- - -","422","0.0 %","0.0 %","0.00","0",".261",".342",".603",".081","1.4",".261","30","-16.7",".262","63","2714"
"Adam LaRoche","- - -","852","0.0 %","0.0 %","0.00","0",".268",".333",".601",".064","0.4",".268","60","-35.0",".261","60","1904"
"Miguel Montero","- - -","166","0.0 %","0.0 %","0.00","0",".277",".319",".596",".042","0.1",".277","12","-6.6",".261","59","3364"
"Aramis Ramirez","- - -","107","0.0 %","0.0 %","0.00","0",".262",".336",".598",".075","0.1",".262","7","-4.4",".260","59","1002"
"Kelly Johnson","- - -","175","0.0 %","0.0 %","0.00","0",".269",".326",".594",".057","0.9",".269","12","-7.2",".259","61","2234"
"Shelley Duncan","- - -","24","0.0 %","0.0 %","0.00","0",".292",".292",".583",".000","0.1",".292","2","-1.1",".258","62","3620"
"Devin Mesoraco","Reds","75","0.0 %","0.0 %","0.00","0",".267",".320",".587",".053","0.1",".267","5","-3.2",".258","57","5666"
"Matt Joyce","- - -","441","0.0 %","0.0 %","0.00","0",".261",".330",".592",".067","0.4",".261","29","-19.5",".257","63","3353"
"Carlos Pena","- - -","787","0.0 %","0.0 %","0.00","0",".257",".330",".587",".072","0.6",".257","51","-38.0",".256","57","934"
"Albert Pujols","- - -","629","0.0 %","0.0 %","0.00","0",".264",".321",".585",".056","0.4",".264","41","-28.3",".255","63","1177"
"Ryan Sweeney","- - -","14","0.0 %","0.0 %","0.00","0",".286",".286",".571",".000","0.1",".286","1","-0.6",".255","56","6352"
"Daric Barton","Athletics","12","0.0 %","0.0 %","0.00","0",".250",".333",".583",".083","0.1",".250","1","-0.6",".255","61","5928"
"Erik Kratz","- - -","7","0.0 %","0.0 %","0.00","0",".286",".286",".571",".000","0.1",".286","0","-0.3",".255","58","4403"
"Luis Jimenez","- - -","7","0.0 %","0.0 %","0.00","0",".286",".286",".571",".000","0.1",".286","0","-0.3",".254","64","6341"
"Justin Smoak","- - -","408","0.0 %","0.0 %","0.00","0",".257",".327",".584",".069","0.6",".257","26","-18.9",".254","59","9054"
"Aubrey Huff","Giants","49","0.0 %","0.0 %","0.00","0",".265",".306",".571",".041","0.1",".265","3","-2.6",".252","57","1213"
"Ben Zobrist","- - -","140","0.0 %","0.0 %","0.00","0",".257",".324",".581",".065","1.1",".257","9","-6.6",".252","59","7435"
"Andruw Jones","Yankees","19","0.0 %","0.0 %","0.00","0",".263",".316",".579",".053","0.1",".263","1","-1.0",".252","52","96"
"Joc Pederson","Dodgers","144","0.0 %","0.0 %","0.00","0",".250",".333",".583",".083","1.1",".250","9","-7.1",".251","58","11899"
"Caleb Joseph","Orioles","89","0.0 %","0.0 %","0.00","0",".270",".303",".573",".034","1.6",".270","6","-4.2",".251","52","7087"
"Jackie Bradley Jr.","Red Sox","47","0.0 %","0.0 %","0.00","0",".234",".340",".574",".106","0.1",".234","3","-2.4",".247","47","12984"
"Brad Miller","Mariners","31","0.0 %","0.0 %","0.00","0",".226",".355",".581",".129","2.6",".226","2","-1.6",".246","55","12775"
"George Springer","Astros","21","0.0 %","0.0 %","0.00","0",".238",".333",".571",".095","0.1",".238","1","-1.1",".246","51","12856"
"Manny Machado","Orioles","18","0.0 %","0.0 %","0.00","0",".278",".278",".556",".000","0.1",".278","1","-0.9",".246","48","11493"
"Alex Rodriguez","Yankees","122","0.0 %","0.0 %","0.00","0",".254",".314",".568",".058","0.1",".254","7","-6.6",".246","49","1274"
"Michael Saunders","- - -","45","0.0 %","0.0 %","0.00","0",".267",".289",".556",".022","0.1",".267","3","-2.4",".246","57","9981"
"Jed Lowrie","- - -","68","0.0 %","0.0 %","0.00","0",".265",".299",".563",".030","0.1",".265","4","-3.5",".245","51","4418"
"Raul Ibanez","- - -","308","0.0 %","0.0 %","0.00","0",".237",".328",".565",".091","1.6",".237","18","-15.9",".245","53","607"
"Stephen Vogt","- - -","219","0.0 %","0.0 %","0.00","0",".251",".316",".567",".060","1.4",".251","12","-11.9",".244","53","5000"
"Lance Berkman","- - -","65","0.0 %","0.0 %","0.00","0",".262",".292",".554",".031","0.1",".262","4","-3.6",".244","44","548"
"Shane Victorino","- - -","40","0.0 %","0.0 %","0.00","0",".275",".275",".550",".000","0.1",".275","2","-2.2",".243","50","1677"
"Chris Carter","- - -","268","0.0 %","0.0 %","0.00","0",".243",".316",".558",".071","0.1",".243","15","-14.5",".242","49","9911"
"Alfonso Soriano","- - -","159","0.0 %","0.0 %","0.00","0",".245",".310",".555",".063","0.1",".245","9","-8.8",".242","47","847"
"Domonic Brown","Phillies","103","0.0 %","0.0 %","0.00","0",".252",".301",".553",".049","0.1",".252","6","-5.7",".242","48","3154"
"Ryan Doumit","- - -","205","0.0 %","0.0 %","0.00","0",".254",".299",".553",".044","0.1",".254","11","-11.8",".241","46","2113"
"Scooter Gennett","Brewers","11","0.0 %","0.0 %","0.00","0",".273",".273",".545",".000","0.1",".273","1","-0.6",".241","44","10339"
"Gregory Polanco","Pirates","36","0.0 %","0.0 %","0.00","0",".250",".306",".556",".056","0.1",".250","2","-2.1",".241","52","12907"
"Pablo Sandoval","- - -","72","0.0 %","0.0 %","0.00","0",".236",".319",".556",".083","0.1",".236","4","-4.1",".240","48","5409"
"Gregory Bird","Yankees","40","0.0 %","0.0 %","0.00","0",".250",".300",".550",".050","0.1",".250","2","-2.4",".239","45","14131"
"Conor Gillaspie","- - -","95","0.0 %","0.0 %","0.00","0",".242",".305",".547",".063","1.6",".242","5","-5.6",".238","46","9009"
"Travis Hafner","- - -","301","0.0 %","0.0 %","0.00","0",".243",".302",".545",".057","0.6",".243","15","-18.8",".237","44","1573"
"Edwin Encarnacion","Blue Jays","516","0.0 %","0.0 %","0.00","0",".233",".314",".547",".080","0.9",".233","26","-31.1",".236","43","2151"
"Derek Dietrich","Marlins","31","0.0 %","0.0 %","0.00","0",".226",".323",".548",".097","0.1",".226","2","-1.9",".235","48","10542"
"Jonny Gomes","- - -","77","0.0 %","0.0 %","0.00","0",".247",".289",".536",".039","0.1",".247","4","-4.7",".234","41","1845"
"Steve Tolleson","Blue Jays","7","0.0 %","0.0 %","0.00","0",".143",".429",".571",".286","2.6",".143","0","-0.4",".234","49","4450"
"Adam Rosales","Rangers","13","0.0 %","0.0 %","0.00","0",".231",".308",".538",".077","0.1",".231","1","-0.8",".233","36","9682"
"Carlos Santana","Indians","586","0.0 %","0.0 %","0.00","0",".232",".304",".536",".072","0.6",".232","28","-36.5",".233","43","2396"
"Eric Hinske","- - -","47","0.0 %","0.0 %","0.00","0",".234",".298",".532",".064","0.1",".234","2","-3.1",".232","40","1305"
"Justin Maxwell","- - -","19","0.0 %","0.0 %","0.00","0",".263",".263",".526",".000","0.1",".263","1","-1.2",".232","49","6827"
"Kolten Wong","Cardinals","36","0.0 %","0.0 %","0.00","0",".250",".278",".528",".028","0.1",".250","2","-2.3",".231","43","12532"
"Buster Posey","Giants","23","0.0 %","0.0 %","0.00","0",".261",".261",".522",".000","0.1",".261","1","-1.5",".230","50","9166"
"Jose Bautista","Blue Jays","429","0.0 %","0.0 %","0.00","0",".236",".293",".529",".054","0.1",".236","19","-27.9",".230","39","1887"
"Desmond Jennings","Rays","25","0.0 %","0.0 %","0.00","0",".240",".280",".520",".040","0.1",".240","1","-1.6",".230","47","1965"
"Mark Reynolds","- - -","196","0.0 %","0.0 %","0.00","0",".236",".284",".519",".046","0.1",".236","9","-13.1",".226","36","7619"
"Jorge Soler","Cubs","23","0.0 %","0.0 %","0.00","0",".217",".304",".522",".087","0.1",".217","1","-1.6",".226","37","14221"
"Brian McCann","- - -","1062","0.0 %","0.0 %","0.00","0",".237",".277",".514",".038","0.4",".237","44","-73.9",".225","36","4810"
"Lyle Overbay","- - -","115","0.0 %","0.0 %","0.00","0",".226",".289",".516",".061","0.1",".226","5","-7.7",".225","35","1617"
"Mark Teixeira","Yankees","909","0.0 %","0.0 %","0.00","0",".227",".292",".519",".062","0.1",".227","37","-64.4",".225","34","1281"
"Dustin Ackley","- - -","57","0.0 %","0.0 %","0.00","0",".246",".263",".509",".018","0.1",".246","2","-4.0",".224","39","10099"
"Jason Giambi","- - -","226","0.0 %","0.0 %","0.00","0",".226",".290",".516",".063","0.1",".226","9","-15.9",".224","28","818"
"Ken Griffey Jr.","Mariners","12","0.0 %","0.0 %","0.00","0",".250",".250",".500",".000","0.1",".250","0","-0.9",".224","38","327"
"Travis Ishikawa","- - -","4","0.0 %","0.0 %","0.00","0",".250",".250",".500",".000","0.1",".250","0","-0.3",".224","46","4793"
"Jason Bay","- - -","37","0.0 %","0.0 %","0.00","0",".216",".297",".514",".081","0.1",".216","1","-2.7",".223","39","1717"
"Evan Gattis","- - -","68","0.0 %","0.0 %","0.00","0",".221",".294",".515",".074","0.1",".221","3","-4.9",".223","35","11003"
"Carlos Ruiz","Phillies","4","0.0 %","0.0 %","0.00","0",".250",".250",".500",".000","0.1",".250","0","-0.3",".223","44","2579"
"Jesus Aguilar","Indians","4","0.0 %","0.0 %","0.00","0",".250",".250",".500",".000","0.1",".250","0","-0.3",".223","37","11342"
"Jordan Danks","- - -","24","0.0 %","0.0 %","0.00","0",".250",".250",".500",".000","0.1",".250","1","-1.7",".223","35","9187"
"Matt Stairs","- - -","4","0.0 %","0.0 %","0.00","0",".250",".250",".500",".000","0.1",".250","0","-0.3",".223","38","1384"
"Marcus Semien","Athletics","39","0.0 %","0.0 %","0.00","0",".231",".282",".513",".051","0.1",".231","2","-2.8",".223","37","12533"
"Todd Helton","Rockies","4","0.0 %","0.0 %","0.00","0",".250",".250",".500",".000","0.1",".250","0","-0.3",".222","45","432"
"Ryan Roberts","- - -","8","0.0 %","0.0 %","0.00","0",".250",".250",".500",".000","0.1",".250","0","-0.6",".222","41","5653"
"Logan Morrison","- - -","329","0.0 %","0.0 %","0.00","0",".231",".277",".508",".046","0.6",".231","13","-23.5",".222","38","9205"
"Ryan Goins","Blue Jays","16","0.0 %","0.0 %","0.00","0",".250",".250",".500",".000","0.1",".250","1","-1.2",".221","36","9807"
"Drew Stubbs","- - -","4","0.0 %","0.0 %","0.00","0",".250",".250",".500",".000","0.1",".250","0","-0.3",".221","36","9328"
"Mike Carp","- - -","42","0.0 %","0.0 %","0.00","0",".238",".262",".500",".024","0.1",".238","2","-2.9",".220","32","7480"
"Johnny Monell","Mets","4","0.0 %","0.0 %","0.00","0",".250",".250",".500",".000","0.1",".250","0","-0.3",".220","38","2783"
"Marwin Gonzalez","Astros","8","0.0 %","0.0 %","0.00","0",".250",".250",".500",".000","0.1",".250","0","-0.6",".220","35","5497"
"Alcides Escobar","Royals","12","0.0 %","0.0 %","0.00","0",".250",".250",".500",".000","0.1",".250","0","-0.9",".220","34","6310"
"Darrell Ceciliani","Mets","4","0.0 %","0.0 %","0.00","0",".250",".250",".500",".000","0.1",".250","0","-0.3",".220","38","9954"
"Cory Spangenberg","Padres","8","0.0 %","0.0 %","0.00","0",".250",".250",".500",".000","0.1",".250","0","-0.6",".220","38","12294"
"Stephen Drew","- - -","254","0.0 %","0.0 %","0.00","0",".209",".298",".506",".087","1.1",".209","9","-19.2",".218","30","4251"
"Gregor Blanco","Giants","14","0.0 %","0.0 %","0.00","0",".214",".286",".500",".071","0.1",".214","0","-1.1",".216","37","3123"
"Josh Phegley","- - -","14","0.0 %","0.0 %","0.00","0",".214",".286",".500",".071","0.1",".214","0","-1.1",".216","35","9308"
"Carlos Corporan","- - -","25","0.0 %","0.0 %","0.00","0",".240",".250",".490",".000","0.1",".240","1","-2.0",".212","24","5587"
"Mark Trumbo","- - -","49","0.0 %","0.0 %","0.00","0",".204",".286",".490",".082","0.1",".204","2","-3.9",".211","30","6876"
"J.D. Drew","Red Sox","46","0.0 %","0.0 %","0.00","0",".217",".261",".478",".043","0.1",".217","1","-4.0",".211","21","1152"
"Nate Schierholtz","- - -","56","0.0 %","0.0 %","0.00","0",".196",".286",".482",".089","0.1",".196","2","-4.4",".210","27","6201"
"Brett Gardner","Yankees","17","0.0 %","0.0 %","0.00","0",".235",".235",".471",".000","0.1",".235","1","-1.4",".208","30","9927"
"Dan Uggla","- - -","110","0.0 %","0.0 %","0.00","0",".218",".255",".473",".036","0.1",".218","3","-9.1",".207","24","3442"
"Steve Clevenger","- - -","12","0.0 %","0.0 %","0.00","0",".167",".333",".500",".167","2.6",".167","0","-1.0",".206","26","9542"
"Russell Martin","- - -","28","0.0 %","0.0 %","0.00","0",".214",".250",".464",".036","0.1",".214","1","-2.5",".203","22","4616"
"Jon Singleton","Astros","70","0.0 %","0.0 %","0.00","0",".200",".257",".457",".057","0.1",".200","2","-6.0",".200","20","10441"
"J.P. Arencibia","- - -","42","0.0 %","0.0 %","0.00","0",".214",".238",".452",".024","0.1",".214","1","-3.7",".199","15","697"
"John Baker","Cubs","9","0.0 %","0.0 %","0.00","0",".222",".222",".444",".000","0.1",".222","0","-0.8",".198","19","4756"
"Ian Desmond","Nationals","9","0.0 %","0.0 %","0.00","0",".222",".222",".444",".000","0.1",".222","0","-0.8",".198","26","6885"
"Mike Zunino","Mariners","62","0.0 %","0.0 %","0.00","0",".194",".258",".452",".065","0.1",".194","1","-5.7",".197","23","13265"
"Michael Cuddyer","- - -","9","0.0 %","0.0 %","0.00","0",".222",".222",".444",".000","0.1",".222","0","-0.8",".196","23","1534"
"Giovanny Urshela","Indians","9","0.0 %","0.0 %","0.00","0",".222",".222",".444",".000","0.1",".222","0","-0.8",".196","17","10681"
"Jung-ho Kang","Pirates","9","0.0 %","0.0 %","0.00","0",".222",".222",".444",".000","0.1",".222","0","-0.8",".196","20","17182"
"Rougned Odor","Rangers","32","0.0 %","0.0 %","0.00","0",".188",".250",".438",".063","0.1",".188","0","-3.1",".189","6","12282"
"Russell Branyan","- - -","64","0.0 %","0.0 %","0.00","0",".203",".203",".406",".000","0.1",".203","0","-7.0",".182","10","370"
"Matt Dominguez","Astros","12","0.0 %","0.0 %","0.00","0",".167",".250",".417",".083","0.1",".167","0","-1.2",".181","12","4903"
"Carlos Quentin","Padres","17","0.0 %","0.0 %","0.00","0",".176",".250",".426",".063","0.1",".176","0","-1.7",".180","14","6274"
"Leonys Martin","Rangers","20","0.0 %","0.0 %","0.00","0",".200",".200",".400",".000","0.1",".200","0","-2.1",".178","7","11846"
"Brian Schneider","Phillies","17","0.0 %","0.0 %","0.00","0",".176",".235",".412",".059","0.1",".176","0","-1.9",".178","5","795"
"Jason Pridie","- - -","5","0.0 %","0.0 %","0.00","0",".200",".200",".400",".000","0.1",".200","0","-0.5",".178","13","4611"
"Daniel Dorn","Diamondbacks","10","0.0 %","0.0 %","0.00","0",".200",".200",".400",".000","0.1",".200","0","-1.1",".176","-1","1050"
"Roberto Perez","Indians","5","0.0 %","0.0 %","0.00","0",".200",".250",".450",".000","0.1",".200","0","-0.5",".176","3","2900"
"Wilmer Flores","Mets","5","0.0 %","0.0 %","0.00","0",".200",".200",".400",".000","0.1",".200","0","-0.5",".176","11","5827"
"Travis d'Arnaud","Mets","5","0.0 %","0.0 %","0.00","0",".200",".200",".400",".000","0.1",".200","0","-0.5",".176","13","7739"
"Charlie Blackmon","Rockies","30","0.0 %","0.0 %","0.00","0",".200",".200",".400",".000","0.1",".200","0","-3.3",".176","-12","7859"
"Kyle Kubitza","Angels","5","0.0 %","0.0 %","0.00","0",".200",".200",".400",".000","0.1",".200","0","-0.5",".176","8","12148"
"Chris Heisey","- - -","13","0.0 %","0.0 %","0.00","0",".154",".231",".385",".077","0.1",".154","0","-1.5",".167","1","3978"
"Tyler Moore","Nationals","21","0.0 %","0.0 %","0.00","0",".143",".238",".381",".095","0.1",".143","0","-2.5",".162","-2","7244"
"Jeff Francoeur","- - -","11","0.0 %","0.0 %","0.00","0",".182",".182",".364",".000","0.1",".182","0","-1.3",".160","-5","4792"
"Allan Dykstra","Rays","11","0.0 %","0.0 %","0.00","0",".182",".182",".364",".000","0.1",".182","0","-1.3",".160","-5","9113"
"Dan Johnson","- - -","31","0.0 %","0.0 %","0.00","0",".161",".194",".355",".032","0.1",".161","0","-3.8",".156","-7","2167"
"Andy Wilkins","White Sox","6","0.0 %","0.0 %","0.00","0",".167",".167",".333",".000","0.1",".167","0","-0.7",".149","-16","11251"
"Alex Gonzalez","- - -","6","0.0 %","0.0 %","0.00","0",".167",".167",".333",".000","0.1",".167","0","-0.8",".148","-13","520"
"Yuniesky Betancourt","Brewers","6","0.0 %","0.0 %","0.00","0",".167",".167",".333",".000","0.1",".167","0","-0.8",".148","-21","8585"
"Nick Johnson","- - -","6","0.0 %","0.0 %","0.00","0",".167",".167",".333",".000","0.1",".167","0","-0.8",".147","-16","828"
"Hector Sanchez","Giants","22","0.0 %","0.0 %","0.00","0",".143",".190",".333",".048","0.1",".143","0","-2.9",".144","-12","10289"
"Paul Konerko","White Sox","34","0.0 %","0.0 %","0.00","0",".147",".176",".324",".029","0.1",".147","-1","-4.5",".143","-14","242"
"Marc Krauss","- - -","68","0.0 %","0.0 %","0.00","0",".132",".176",".309",".044","0.1",".132","-2","-9.4",".134","-23","7577"
"Chris Coghlan","Cubs","36","0.0 %","0.0 %","0.00","0",".139",".167",".306",".028","0.1",".139","-1","-5.2",".133","-26","6878"
"Scott Hairston","- - -","33","0.0 %","0.0 %","0.00","0",".121",".188",".309",".063","2.6",".121","-1","-4.8",".129","-25","1926"
"Marcus Thames","- - -","7","0.0 %","0.0 %","0.00","0",".143",".143",".286",".000","0.1",".143","0","-1.1",".128","-33","1523"
"A.J. Ellis","Dodgers","7","0.0 %","0.0 %","0.00","0",".143",".143",".286",".000","0.1",".143","0","-1.0",".127","-23","5677"
"Jean Segura","Brewers","7","0.0 %","0.0 %","0.00","0",".143",".143",".286",".000","0.1",".143","0","-1.0",".127","-21","5933"
"Mark Kotsay","- - -","7","0.0 %","0.0 %","0.00","0",".143",".143",".286",".000","0.1",".143","0","-1.0",".127","-25","1042"
"Didi Gregorius","- - -","7","0.0 %","0.0 %","0.00","0",".143",".143",".286",".000","0.1",".143","0","-1.0",".126","-31","6012"
"Johnny Giavotella","- - -","7","0.0 %","0.0 %","0.00","0",".143",".143",".286",".000","0.1",".143","0","-1.0",".126","-25","6740"
"Francisco Lindor","Indians","7","0.0 %","0.0 %","0.00","0",".143",".143",".286",".000","0.1",".143","0","-1.0",".126","-32","12916"
"Austin Jackson","- - -","15","0.0 %","0.0 %","0.00","0",".133",".143",".276",".000","0.1",".133","-1","-2.3",".118","-31","9848"
"Alberto Callaspo","- - -","8","0.0 %","0.0 %","0.00","0",".125",".125",".250",".000","0.1",".125","0","-1.2",".111","-32","3336"
"Donald Lutz","Reds","8","0.0 %","0.0 %","0.00","0",".125",".125",".250",".000","0.1",".125","0","-1.3",".111","-33","10154"
"Oscar Taveras","Cardinals","8","0.0 %","0.0 %","0.00","0",".125",".125",".250",".000","0.1",".125","0","-1.2",".111","-38","11173"
"David Wright","Mets","8","0.0 %","0.0 %","0.00","0",".125",".125",".250",".000","0.1",".125","0","-1.2",".111","-27","3787"
"Darin Ruf","Phillies","16","0.0 %","0.0 %","0.00","0",".125",".125",".250",".000","0.1",".125","-1","-2.5",".111","-38","9929"
"Avisail Garcia","- - -","8","0.0 %","0.0 %","0.00","0",".125",".125",".250",".000","0.1",".125","0","-1.3",".110","-42","5760"
"Zach Walters","Indians","12","0.0 %","0.0 %","0.00","0",".083",".167",".250",".083","0.1",".083","-1","-1.9",".107","-43","10622"
"John Mayberry","- - -","18","0.0 %","0.0 %","0.00","0",".111",".111",".222",".000","0.1",".111","-1","-3.0",".099","-41","3390"
"Eric Sogard","Athletics","9","0.0 %","0.0 %","0.00","0",".111",".111",".222",".000","0.1",".111","0","-1.5",".099","-36","7927"
"Jedd Gyorko","Padres","18","0.0 %","0.0 %","0.00","0",".111",".111",".222",".000","0.1",".111","-1","-3.1",".098","-44","10816"
"Zack Cozart","Reds","18","0.0 %","0.0 %","0.00","0",".111",".111",".222",".000","0.1",".111","-1","-3.0",".098","-40","2616"
"Juan Miranda","- - -","10","0.0 %","0.0 %","0.00","0",".100",".100",".200",".000","0.1",".100","-1","-1.8",".089","-51","7783"
"Steven Souza","Rays","10","0.0 %","0.0 %","0.00","0",".100",".100",".200",".000","0.1",".100","-1","-1.8",".088","-55","5667"
"Dayan Viciedo","White Sox","13","0.0 %","0.0 %","0.00","0",".077",".077",".154",".000","0.1",".077","-1","-2.5",".069","-66","3917"
"Alexei Ramirez","White Sox","14","0.0 %","0.0 %","0.00","0",".071",".071",".143",".000","0.1",".071","-1","-2.7",".064","-66","5133"
"Laynce Nix","- - -","14","0.0 %","0.0 %","0.00","0",".071",".071",".143",".000","0.1",".071","-1","-2.8",".064","-60","1766"
"Jose Lobaton","- - -","14","0.0 %","0.0 %","0.00","0",".071",".071",".143",".000","0.1",".071","-1","-2.7",".063","-68","4243"
"Craig Counsell","Brewers","1","0.0 %","0.0 %","0.00","0",".000",".000",".000",".000","0.1",".000","0","-0.3",".000","-100","52"
"Henry Blanco","Diamondbacks","1","0.0 %","0.0 %","0.00","0",".000",".000",".000",".000","0.1",".000","0","-0.3",".000","-100","81"
"Rafael Furcal","Cardinals","1","0.0 %","0.0 %","0.00","0",".000",".000",".000",".000","0.1",".000","0","-0.3",".000","-100","88"
"Jay Gibbons","Dodgers","1","0.0 %","0.0 %","0.00","0",".000",".000",".000",".000","0.1",".000","0","-0.2",".000","-100","141"
"Brian Roberts","- - -","2","0.0 %","0.0 %","0.00","0",".000",".000",".000",".000","0.1",".000","0","-0.5",".000","-100","166"
"Carlos Lee","Astros","4","0.0 %","0.0 %","0.00","0",".000",".000",".000",".000","0.1",".000","-1","-1.0",".000","-100","243"
"Corey Patterson","Blue Jays","1","0.0 %","0.0 %","0.00","0",".000",".000",".000",".000","0.1",".000","0","-0.2",".000","-100","300"
"Carlos Zambrano","Marlins","1","0.0 %","0.0 %","0.00","0",".000",".000",".000",".000","0.1",".000","0","-0.3",".000","-100","305"
"Austin Kearns","Marlins","2","0.0 %","0.0 %","0.00","0",".000",".000",".000",".000","0.1",".000","0","-0.5",".000","-100","332"
"John McDonald","- - -","2","0.0 %","0.0 %","0.00","0",".000",".000",".000",".000","0.1",".000","0","-0.5",".000","-100","395"
"Brandon Inge","- - -","2","0.0 %","0.0 %","0.00","0",".000",".000",".000",".000","0.1",".000","0","-0.5",".000","-100","470"
"A.J. Burnett","Pirates","1","0.0 %","0.0 %","0.00","0",".000",".000",".000",".000","0.1",".000","0","-0.3",".000","-100","512"
"Derrek Lee","Cubs","1","0.0 %","0.0 %","0.00","0",".000",".000",".000",".000","0.1",".000","0","-0.3",".000","-100","525"
"Geoff Blum","Diamondbacks","3","0.0 %","0.0 %","0.00","0",".000",".000",".000",".000","0.1",".000","0","-0.8",".000","-100","550"
"Julio Lugo","Orioles","1","0.0 %","0.0 %","0.00","0",".000",".000",".000",".000","0.1",".000","0","-0.3",".000","-100","565"
"Cesar Izturis","Orioles","1","0.0 %","0.0 %","0.00","0",".000",".000",".000",".000","0.1",".000","0","-0.3",".000","-100","656"
"Orlando Cabrera","Reds","1","0.0 %","0.0 %","0.00","0",".000",".000",".000",".000","0.1",".000","0","-0.3",".000","-100","766"
"Miguel Tejada","Giants","1","0.0 %","0.0 %","0.00","0",".000",".000",".000",".000","0.1",".000","0","-0.2",".000","-100","941"
"Scott Rolen","Reds","1","0.0 %","0.0 %","0.00","0",".000",".000",".000",".000","0.1",".000","0","-0.2",".000","-100","970"
"Willie Bloomquist","Mariners","1","0.0 %","0.0 %","0.00","0",".000",".000",".000",".000","0.1",".000","0","-0.2",".000","-100","1066"
"Yorvit Torrealba","Rangers","1","0.0 %","0.0 %","0.00","0",".000",".000",".000",".000","0.1",".000","0","-0.3",".000","-100","1135"
"Chris Valaika","Cubs","1","0.0 %","0.0 %","0.00","0",".000",".000",".000",".000","0.1",".000","0","-0.2",".000","-100","1165"
"Roy Halladay","Phillies","1","0.0 %","0.0 %","0.00","0",".000",".000",".000",".000","0.1",".000","0","-0.3",".000","-100","1303"
"Orlando Hudson","Twins","1","0.0 %","0.0 %","0.00","0",".000",".000",".000",".000","0.1",".000","0","-0.3",".000","-100","1307"
"Mark DeRosa","Blue Jays","1","0.0 %","0.0 %","0.00","0",".000",".000",".000",".000","0.1",".000","0","-0.2",".000","-100","1392"
"Mark Ellis","Cardinals","1","0.0 %","0.0 %","0.00","0",".000",".000",".000",".000","0.1",".000","0","-0.2",".000","-100","1443"
"Andres Torres","Mets","1","0.0 %","0.0 %","0.00","0",".000",".000",".000",".000","0.1",".000","0","-0.3",".000","-100","1488"
"Marco Scutaro","Rockies","1","0.0 %","0.0 %","0.00","0",".000",".000",".000",".000","0.1",".000","0","-0.3",".000","-100","1555"
"Josh Bard","Mariners","2","0.0 %","0.0 %","0.00","0",".000",".000",".000",".000","0.1",".000","0","-0.5",".000","-100","1578"
"Chris Capuano","Dodgers","1","0.0 %","0.0 %","0.00","0",".000",".000",".000",".000","0.1",".000","0","-0.3",".000","-100","1701"
"Reed Johnson","- - -","3","0.0 %","0.0 %","0.00","0",".000",".000",".000",".000","0.1",".000","0","-0.7",".000","-100","1702"
"Koyie Hill","Phillies","1","0.0 %","0.0 %","0.00","0",".000",".000",".000",".000","0.1",".000","0","-0.2",".000","-100","1829"
"Ronny Cedeno","- - -","2","0.0 %","0.0 %","0.00","0",".000",".000",".000",".000","0.1",".000","0","-0.5",".000","-100","2179"
"Hector Gomez","Brewers","2","0.0 %","0.0 %","0.00","0",".000",".000",".000",".000","0.1",".000","0","-0.5",".000","-100","2264"
"Ryan Rohlinger","Giants","1","0.0 %","0.0 %","0.00","0",".000",".000",".000",".000","0.1",".000","0","-0.3",".000","-100","2621"
"Jason Repko","Twins","1","0.0 %","0.0 %","0.00","0",".000",".000",".000",".000","0.1",".000","0","-0.2",".000","-100","2628"
"Derrick Robinson","Reds","1","0.0 %","0.0 %","0.00","0",".000",".000",".000",".000","0.1",".000","0","-0.2",".000","-100","2784"
"Scott Sizemore","Tigers","1","0.0 %","0.0 %","0.00","0",".000",".000",".000",".000","0.1",".000","0","-0.3",".000","-100","2881"
"Tommy Pham","Cardinals","1","0.0 %","0.0 %","0.00","0",".000",".000",".000",".000","0.1",".000","0","-0.3",".000","-100","2967"
"Jose Lopez","Indians","1","0.0 %","0.0 %","0.00","0",".000",".000",".000",".000","0.1",".000","0","-0.3",".000","-100","3114"
"Jesus Guzman","Astros","3","0.0 %","0.0 %","0.00","0",".000",".000",".000",".000","0.1",".000","0","-0.7",".000","-100","3118"
"Andy Marte","Diamondbacks","1","0.0 %","0.0 %","0.00","0",".000",".000",".000",".000","0.1",".000","0","-0.2",".000","-100","3203"
"Martin Prado","- - -","2","0.0 %","0.0 %","0.00","0",".000",".000",".000",".000","0.1",".000","0","-0.5",".000","-100","3312"
"Drew Butera","- - -","3","0.0 %","0.0 %","0.00","0",".000",".000",".000",".000","0.1",".000","0","-0.7",".000","-100","3411"
"Brooks Conrad","Rays","1","0.0 %","0.0 %","0.00","0",".000",".000",".000",".000","0.1",".000","0","-0.3",".000","-100","3664"
"Felix Pie","- - -","2","0.0 %","0.0 %","0.00","0",".000",".000",".000",".000","0.1",".000","0","-0.5",".000","-100","3751"
"Jayson Nix","Yankees","2","0.0 %","0.0 %","0.00","0",".000",".000",".000",".000","0.1",".000","0","-0.5",".000","-100","3790"
"Ryan Theriot","Cardinals","1","0.0 %","0.0 %","0.00","0",".000",".000",".000",".000","0.1",".000","0","-0.2",".000","-100","3811"
"Jeff Keppinger","Rays","1","0.0 %","0.0 %","0.00","0",".000",".000",".000",".000","0.1",".000","0","-0.3",".000","-100","3856"
"Chris Stewart","Yankees","1","0.0 %","0.0 %","0.00","0",".000",".000",".000",".000","0.1",".000","0","-0.2",".000","-100","3878"
"Edinson Volquez","Padres","1","0.0 %","0.0 %","0.00","0",".000",".000",".000",".000","0.1",".000","0","-0.2",".000","-100","3990"
"Brandon Hicks","Giants","4","0.0 %","0.0 %","0.00","0",".000",".000",".000",".000","0.1",".000","-1","-1.0",".000","-100","4003"
"Anthony Recker","Athletics","1","0.0 %","0.0 %","0.00","0",".000",".000",".000",".000","0.1",".000","0","-0.3",".000","-100","4063"
"Jordan Brown","Marlins","1","0.0 %","0.0 %","0.00","0",".000",".000",".000",".000","0.1",".000","0","-0.2",".000","-100","4121"
"Jonathan Herrera","Cubs","1","0.0 %","0.0 %","0.00","0",".000",".000",".000",".000","0.1",".000","0","-0.3",".000","-100","4182"
"Ryan Zimmerman","Nationals","5","0.0 %","0.0 %","0.00","0",".000",".000",".000",".000","0.1",".000","-1","-1.2",".000","-100","4220"
"Mark Teahen","White Sox","1","0.0 %","0.0 %","0.00","0",".000",".000",".000",".000","0.1",".000","0","-0.2",".000","-100","4511"
"Mike McCoy","Blue Jays","1","0.0 %","0.0 %","0.00","0",".000",".000",".000",".000","0.1",".000","0","-0.2",".000","-100","4583"
"Ben Francisco","Yankees","1","0.0 %","0.0 %","0.00","0",".000",".000",".000",".000","0.1",".000","0","-0.2",".000","-100","4677"
"Fred Lewis","Reds","2","0.0 %","0.0 %","0.00","0",".000",".000",".000",".000","0.1",".000","0","-0.5",".000","-100","4693"
"Ben Revere","- - -","2","0.0 %","0.0 %","0.00","0",".000",".000",".000",".000","0.1",".000","0","-0.5",".000","-100","4712"
"Brian Bogusevic","Cubs","1","0.0 %","0.0 %","0.00","0",".000",".000",".000",".000","0.1",".000","0","-0.2",".000","-100","4719"
"Matt Cain","Giants","1","0.0 %","0.0 %","0.00","0",".000",".000",".000",".000","0.1",".000","0","-0.3",".000","-100","4732"
"Jarrod Dyson","Royals","1","0.0 %","0.0 %","0.00","0",".000",".000",".000",".000","0.1",".000","0","-0.3",".000","-100","4866"
"Ryan Hanigan","- - -","2","0.0 %","0.0 %","0.00","0",".000",".000",".000",".000","0.1",".000","0","-0.5",".000","-100","4952"
"Caleb Gindl","Brewers","3","0.0 %","0.0 %","0.00","0",".000",".000",".000",".000","0.1",".000","0","-0.7",".000","-100","5002"
"Wilkin Ramirez","Braves","1","0.0 %","0.0 %","0.00","0",".000",".000",".000",".000","0.1",".000","0","-0.2",".000","-100","5219"
"Roger Kieschnick","Diamondbacks","2","0.0 %","0.0 %","0.00","0",".000",".000",".000",".000","0.1",".000","0","-0.5",".000","-100","5225"
"Robbie Grossman","Astros","1","0.0 %","0.0 %","0.00","0",".000",".000",".000",".000","0.1",".000","0","-0.2",".000","-100","5254"
"Tuffy Gosewisch","Diamondbacks","1","0.0 %","0.0 %","0.00","0",".000",".000",".000",".000","0.1",".000","0","-0.2",".000","-100","5277"
"Tyler Colvin","- - -","2","0.0 %","0.0 %","0.00","0",".000",".000",".000",".000","0.1",".000","0","-0.5",".000","-100","5310"
"Juan Lagares","Mets","1","0.0 %","0.0 %","0.00","0",".000",".000",".000",".000","0.1",".000","0","-0.3",".000","-100","5384"
"Jake Smolinski","Athletics","5","0.0 %","0.0 %","0.00","0",".000",".000",".000",".000","0.1",".000","-1","-1.3",".000","-100","5408"
"Steve Lombardozzi","Nationals","3","0.0 %","0.0 %","0.00","0",".000",".000",".000",".000","0.1",".000","0","-0.7",".000","-100","5422"
"Ruben Tejada","Mets","3","0.0 %","0.0 %","0.00","0",".000",".000",".000",".000","0.1",".000","0","-0.8",".000","-100","5519"
"Hernan Perez","Brewers","3","0.0 %","0.0 %","0.00","0",".000",".000",".000",".000","0.1",".000","0","-0.8",".000","-100","5751"
"Brett Pill","Giants","1","0.0 %","0.0 %","0.00","0",".000",".000",".000",".000","0.1",".000","0","-0.2",".000","-100","5834"
"Cole Gillespie","Mariners","1","0.0 %","0.0 %","0.00","0",".000",".000",".000",".000","0.1",".000","0","-0.2",".000","-100","5888"
"Mike Aviles","Indians","2","0.0 %","0.0 %","0.00","0",".000",".000",".000",".000","0.1",".000","0","-0.5",".000","-100","5986"
"Brendan Ryan","Yankees","1","0.0 %","0.0 %","0.00","0",".000",".000",".000",".000","0.1",".000","0","-0.3",".000","-100","6073"
"Trevor Cahill","Diamondbacks","1","0.0 %","0.0 %","0.00","0",".000",".000",".000",".000","0.1",".000","0","-0.3",".000","-100","6249"
"Esmil Rogers","Rockies","1","0.0 %","0.0 %","0.00","0",".000",".000",".000",".000","0.1",".000","0","-0.3",".000","-100","6317"
"Roger Bernadina","- - -","4","0.0 %","0.0 %","0.00","0",".000",".000",".000",".000","0.1",".000","-1","-1.0",".000","-100","6421"
"Jim Adduci","Rangers","1","0.0 %","0.0 %","0.00","0",".000",".000",".000",".000","0.1",".000","0","-0.2",".000","-100","6448"
"Bobby Wilson","Rays","1","0.0 %","0.0 %","0.00","0",".000",".000",".000",".000","0.1",".000","0","-0.3",".000","-100","6564"
"Tom Koehler","Marlins","1","0.0 %","0.0 %","0.00","0",".000",".000",".000",".000","0.1",".000","0","-0.2",".000","-100","6570"
"Freddy Galvis","Phillies","5","0.0 %","0.0 %","0.00","0",".000",".000",".000",".000","0.1",".000","-1","-1.3",".000","-100","6609"
"Julio Teheran","Braves","2","0.0 %","0.0 %","0.00","0",".000",".000",".000",".000","0.1",".000","0","-0.5",".000","-100","6797"
"Josmil Pinto","Twins","3","0.0 %","0.0 %","0.00","0",".000",".000",".000",".000","0.1",".000","0","-0.7",".000","-100","6806"
"Ryan Kalish","- - -","3","0.0 %","0.0 %","0.00","0",".000",".000",".000",".000","0.1",".000","0","-0.7",".000","-100","6962"
"James Shields","Padres","1","0.0 %","0.0 %","0.00","0",".000",".000",".000",".000","0.1",".000","0","-0.3",".000","-100","7059"
"Juan Centeno","Mets","1","0.0 %","0.0 %","0.00","0",".000",".000",".000",".000","0.1",".000","0","-0.2",".000","-100","7168"
"Chris Gimenez","Rangers","4","0.0 %","0.0 %","0.00","0",".000",".000",".000",".000","0.1",".000","-1","-1.0",".000","-100","7324"
"Paul Janish","Orioles","1","0.0 %","0.0 %","0.00","0",".000",".000",".000",".000","0.1",".000","0","-0.3",".000","-100","7412"
"Mike Nickeas","Mets","1","0.0 %","0.0 %","0.00","0",".000",".000",".000",".000","0.1",".000","0","-0.3",".000","-100","7419"
"Brandon Allen","Athletics","3","0.0 %","0.0 %","0.00","0",".000",".000",".000",".000","0.1",".000","0","-0.7",".000","-100","7436"
"Craig Tatum","Orioles","1","0.0 %","0.0 %","0.00","0",".000",".000",".000",".000","0.1",".000","0","-0.3",".000","-100","7468"
"Nick Evans","Diamondbacks","1","0.0 %","0.0 %","0.00","0",".000",".000",".000",".000","0.1",".000","0","-0.2",".000","-100","7595"
"Miguel Rojas","Dodgers","1","0.0 %","0.0 %","0.00","0",".000",".000",".000",".000","0.1",".000","0","-0.2",".000","-100","7802"
"Jonathan Lucroy","Brewers","1","0.0 %","0.0 %","0.00","0",".000",".000",".000",".000","0.1",".000","0","-0.2",".000","-100","7870"
"Logan Schafer","Brewers","2","0.0 %","0.0 %","0.00","0",".000",".000",".000",".000","0.1",".000","0","-0.5",".000","-100","7937"
"Tim Beckham","Rays","2","0.0 %","0.0 %","0.00","0",".000",".000",".000",".000","0.1",".000","0","-0.5",".000","-100","7949"
"Eric Fryer","Twins","1","0.0 %","0.0 %","0.00","0",".000",".000",".000",".000","0.1",".000","0","-0.2",".000","-100","8145"
"Sam Fuld","Athletics","3","0.0 %","0.0 %","0.00","0",".000",".000",".000",".000","0.1",".000","0","-0.8",".000","-100","8254"
"John Bowker","Pirates","1","0.0 %","0.0 %","0.00","0",".000",".000",".000",".000","0.1",".000","0","-0.2",".000","-100","8276"
"Tim Federowicz","Dodgers","1","0.0 %","0.0 %","0.00","0",".000",".000",".000",".000","0.1",".000","0","-0.2",".000","-100","8609"
"Paul Maholm","Pirates","1","0.0 %","0.0 %","0.00","0",".000",".000",".000",".000","0.1",".000","0","-0.3",".000","-100","8678"
"Cole Figueroa","Rays","1","0.0 %","0.0 %","0.00","0",".000",".000",".000",".000","0.1",".000","0","-0.2",".000","-100","8790"
"Ryan Lavarnway","- - -","2","0.0 %","0.0 %","0.00","0",".000",".000",".000",".000","0.1",".000","0","-0.5",".000","-100","8879"
"Taylor Green","Brewers","1","0.0 %","0.0 %","0.00","0",".000",".000",".000",".000","0.1",".000","0","-0.3",".000","-100","9147"
"Dustin Garneau","Rockies","1","0.0 %","0.0 %","0.00","0",".000",".000",".000",".000","0.1",".000","0","-0.3",".000","-100","9433"
"Cody Decker","Padres","1","0.0 %","0.0 %","0.00","0",".000",".000",".000",".000","0.1",".000","0","-0.3",".000","-100","9665"
"Josh Thole","- - -","3","0.0 %","0.0 %","0.00","0",".000",".000",".000",".000","0.1",".000","0","-0.8",".000","-100","9689"
"David Hale","Braves","1","0.0 %","0.0 %","0.00","0",".000",".000",".000",".000","0.1",".000","0","-0.2",".000","-100","9756"
"James Jones","Mariners","2","0.0 %","0.0 %","0.00","0",".000",".000",".000",".000","0.1",".000","0","-0.5",".000","-100","9767"
"Jeff Bianchi","Brewers","1","0.0 %","0.0 %","0.00","0",".000",".000",".000",".000","0.1",".000","0","-0.2",".000","-100","9958"
"Grant Green","Angels","1","0.0 %","0.0 %","0.00","0",".000",".000",".000",".000","0.1",".000","0","-0.2",".000","-100","10053"
"Tomas Telis","Rangers","1","0.0 %","0.0 %","0.00","0",".000",".000",".000",".000","0.1",".000","0","-0.2",".000","-100","10067"
"Nick Franklin","- - -","4","0.0 %","0.0 %","0.00","0",".000",".000",".000",".000","0.1",".000","-1","-1.0",".000","-100","10166"
"Billy Hamilton","Reds","1","0.0 %","0.0 %","0.00","0",".000",".000",".000",".000","0.1",".000","0","-0.3",".000","-100","10199"
"Jose Iglesias","Tigers","1","0.0 %","0.0 %","0.00","0",".000",".000",".000",".000","0.1",".000","0","-0.3",".000","-100","10231"
"Slade Heathcott","Yankees","2","0.0 %","0.0 %","0.00","0",".000",".000",".000",".000","0.1",".000","0","-0.5",".000","-100","10336"
"JR Murphy","Yankees","5","0.0 %","0.0 %","0.00","0",".000",".000",".000",".000","0.1",".000","-1","-1.2",".000","-100","10346"
"KikÃ© Hernandez","Dodgers","1","0.0 %","0.0 %","0.00","0",".000",".000",".000",".000","0.1",".000","0","-0.3",".000","-100","10472"
"Todd Cunningham","Braves","1","0.0 %","0.0 %","0.00","0",".000",".000",".000",".000","0.1",".000","0","-0.3",".000","-100","10822"
"Phil Gosselin","Diamondbacks","1","0.0 %","0.0 %","0.00","0",".000",".000",".000",".000","0.1",".000","0","-0.3",".000","-100","10953"
"Josh Rutledge","Rockies","2","0.0 %","0.0 %","0.00","0",".000",".000",".000",".000","0.1",".000","0","-0.5",".000","-100","11167"
"Adam Eaton","White Sox","1","0.0 %","0.0 %","0.00","0",".000",".000",".000",".000","0.1",".000","0","-0.2",".000","-100","11205"
"Aaron Altherr","Phillies","1","0.0 %","0.0 %","0.00","0",".000",".000",".000",".000","0.1",".000","0","-0.3",".000","-100","11270"
"Carlos Sanchez","White Sox","1","0.0 %","0.0 %","0.00","0",".000",".000",".000",".000","0.1",".000","0","-0.3",".000","-100","11602"
"Garin Cecchini","Red Sox","2","0.0 %","0.0 %","0.00","0",".000",".000",".000",".000","0.1",".000","0","-0.5",".000","-100","11608"
"Brandon Drury","Diamondbacks","1","0.0 %","0.0 %","0.00","0",".000",".000",".000",".000","0.1",".000","0","-0.3",".000","-100","11615"
"Stefen Romero","Mariners","1","0.0 %","0.0 %","0.00","0",".000",".000",".000",".000","0.1",".000","0","-0.2",".000","-100","11746"
"Nick Ahmed","Diamondbacks","2","0.0 %","0.0 %","0.00","0",".000",".000",".000",".000","0.1",".000","0","-0.5",".000","-100","12147"
"Ryan Rua","Rangers","3","0.0 %","0.0 %","0.00","0",".000",".000",".000",".000","0.1",".000","0","-0.8",".000","-100","12409"
"Taylor Featherston","Angels","1","0.0 %","0.0 %","0.00","0",".000",".000",".000",".000","0.1",".000","0","-0.3",".000","-100","12590"
"Billy Burns","Athletics","1","0.0 %","0.0 %","0.00","0",".000",".000",".000",".000","0.1",".000","0","-0.3",".000","-100","12701"
"Dalton Pompey","Blue Jays","1","0.0 %","0.0 %","0.00","0",".000",".000",".000",".000","0.1",".000","0","-0.3",".000","-100","12797"
"Munenori Kawasaki","Blue Jays","1","0.0 %","0.0 %","0.00","0",".000",".000",".000",".000","0.1",".000","0","-0.2",".000","-100","13047"
"Taylor Jungmann","Brewers","1","0.0 %","0.0 %","0.00","0",".000",".000",".000",".000","0.1",".000","0","-0.3",".000","-100","13119"
"Travis Jankowski","Padres","1","0.0 %","0.0 %","0.00","0",".000",".000",".000",".000","0.1",".000","0","-0.3",".000","-100","13768"
"Kevin Plawecki","Mets","1","0.0 %","0.0 %","0.00","0",".000",".000",".000",".000","0.1",".000","0","-0.3",".000","-100","13807"
"Matt Duffy","Giants","2","0.0 %","0.0 %","0.00","0",".000",".000",".000",".000","0.1",".000","0","-0.5",".000","-100","13836"
"Carlos Correa","Astros","2","0.0 %","0.0 %","0.00","0",".000",".000",".000",".000","0.1",".000","0","-0.5",".000","-100","14162"
"Hector Olivera","Braves","1","0.0 %","0.0 %","0.00","0",".000",".000",".000",".000","0.1",".000","0","-0.3",".000","-100","17528"
